Mutation type,Trinucleotide,SBS_H1,SBS_H2,SBS_H3,SBS_H4,SBS_H5,SBS_H6,SBS_H7,SBS_H8,SBS_H9,SBS_H10,SBS_H11,SBS_H12,SBS_H13,SBS_H14,SBS_H15,SBS_H16,SBS_H17
C>A,ACA,0.0336798348512749,0.001121567027949,0.0299567978936614,0.0438944879299534,0.00143402978710431,0.00568029192831193,0.0052284866421257,0.00814639928725093,0.0122693298630385,0.0653270293881368,0.00304954191984128,0.0104025597026612,0.0150997121522001,0.0129624159555205,0.00408271709975101,0.023725566123643,0.0152763089538271
C>A,ACC,0.018906984221093,0.000898474972984037,0.0268964514539193,0.0283888419902671,0.0035856935356992,0.00673301799171398,0.0017038908030742,0.00599616952465528,0.00756609459498436,0.0380217822638745,0.00317477927143343,0.00293638218769405,0.010634163772788,0.00699010065381365,0.00557344910950516,0.01388314710749,0.0131576326911847
C>A,ACG,0.00704568171005831,6.99751456737636e-05,0.0184474608530213,0.00441875304745286,0.000816299101513951,0.000625304120804553,0.000978931833593127,0.000642733948314337,0.000741440364068483,0.00858021743778151,0.00044742523822549,0.00119992502447184,0.00111282658454578,0.00222581117127789,0.000295773307457814,0.00337007555245359,0.000738647919637471
C>A,ACT,0.0207644244099917,0.000631811786548883,0.0263388255468334,0.0360142884480537,0.00317642396342856,0.00532553103492238,0.00153064553625089,0.00921697863542543,0.00886906789057126,0.0347157007960873,0.00518415657184683,0.00322398845788569,0.00671010598106929,0.00363120730236161,0.00238485202745845,0.0123691786509857,0.0138299289761616
C>A,CCA,0.0350890693986486,0.00213673323089131,0.0253281897590152,0.0437605695070142,0.00597579879649393,0.00484233767704962,0.00295941251260868,0.00745034672614926,0.0127795057278441,0.0556414045263127,0.00871236265961962,0.00449895483282351,0.00149382560583582,0.00544052010133747,0.00470888868987174,0.0196107407741332,0.00939437188901996
C>A,CCC,0.0350606739690893,0.00161115468807423,0.0310143181285075,0.0365848802799247,0.00642145585236557,0.00308156714596556,0.00210152700223787,0.0124245995272713,0.0113185723578794,0.0373990060381618,0.018798906401558,0.00239450002732507,0.00177535010426885,0.00435067693914395,0.00145978463712594,0.01387036781027,0.00641133637034375
C>A,CCG,0.00861373708593844,0.000248703352026778,0.0142680202213283,0.0040079073237346,0.00193875889210148,0.000250122696065862,0.00101170206659186,0.000639646284564482,0.000470451239734887,0.0110983604000068,0.0017039228617106,0.00135658016133585,0.000768795519180343,0.000521807556737046,0.000635276933188462,0.00339217385958172,0.000841497735236416
C>A,CCT,0.0293963250602477,0.00141468758454919,0.0175220444240255,0.0398220510295803,0.0053861190331938,0.00304025983716926,0.00214225375481657,0.00583939731254461,0.0142721777805741,0.0346470148102594,0.0381688051154281,0.00555361433071718,0.002122570825246,0.00233895605010489,0.00220038594935622,0.0125573473901451,0.0104360992062347
C>A,GCA,0.0211077194505454,0.000688468848682246,0.0619703460354996,0.0271998949452577,0.00220534548769226,0.00409131474882673,0.00378862228991964,0.00519347251067759,0.0078101428166769,0.126888938532885,0.00125728396448101,0.00594989205797558,0.0128683893321049,0.00774886343125435,0.00329546343281888,0.0174135993889599,0.00458711133946297
C>A,GCC,0.0211878954061463,0.000615018378791951,0.173655712130482,0.0166394694296466,0.00167527300503746,0.00271315414772843,0.00364997388700639,0.0053455236889299,0.00396517572314059,0.0817659856390093,0.00657544196504808,0.00859419558464851,0.00162109896934703,0.0053334424707535,0.00182184730927167,0.0119523369280559,0.00580756851270432
C>A,GCG,0.007219113353447,0.000108143822711101,0.0751336589607895,0.00122176445615288,0.000582664761297521,0.000466198949536016,0.00129524262898798,0.000262954117699323,0.00121658217964382,0.0175214806029057,0.000542631056037944,0.00107782659993018,0.000570025033134532,0.00115873229391391,0.000543244350462296,0.00380109825947621,0.000403744104194978
C>A,GCT,0.0159472968784161,0.000373301608804935,0.0820034127204729,0.0249221681250212,0.00237992182035081,0.00367868695208094,0.00205817654344109,0.00568356866477883,0.00381214083107955,0.0641050969367898,0.0073378915792031,0.00535398662914213,0.00665573685132426,0.00207665649885727,0.00156631946397609,0.00936126215470602,0.00919299257795821
C>A,TCA,0.0230131319404243,0.00112230900248251,0.0237773289657823,0.035908524061859,0.00253407015000351,0.00694613436826975,0.00418361106038586,0.00718407567864012,0.0254402586291851,0.0795926790507618,0.00247914633438417,0.0110727718579742,0.010076695910167,0.00775386426060208,0.00365825083167787,0.0237374091042797,0.0092913037704305
C>A,TCC,0.0235224338916548,0.0015877494966844,0.0582914664222807,0.0296882396630214,0.00322929542147512,0.00158886192764074,0.00500456067038095,0.00882596958607281,0.0215003567043872,0.0488375836060598,0.0056371949463303,0.00448268144227579,0.0103667180174258,0.00650018373620367,0.00181849352075815,0.0212899039286168,0.0103637619114818
C>A,TCG,0.00500737983187439,8.45774745396992e-05,0.0133887283763682,0.00220599256644553,0.000375241072034704,0.000375296676583145,0.000659446970458857,0.000276665111422348,0.00180296630711054,0.00806597646831485,0.000261344054964544,0.000939576242673235,0.0029582575432116,0.00180953831408275,0.00139015690364182,0.00444310761872316,0.000590964907014621
C>A,TCT,0.0222674468491439,0.00103746344145888,0.0258899915849774,0.0530992884965892,0.00217558644999625,0.00375915369439054,0.00332220987857274,0.00775276793205301,0.0312598291956716,0.0488562212982795,0.0116288372792287,0.0128146965826528,0.0222147990915366,0.00320173225568846,0.00765191906400096,0.0228297423315748,0.016747396671867
C>G,ACA,0.00883281075609521,0.000386769633486023,0.00470264564563311,0.0101696419060123,0.00224231197946515,0.00364075861781522,0.00320725548805208,0.000956526911399283,0.00490073352526981,0.00559081740193157,0.00143960074935732,0.00196781866201437,0.005949840119886,0.00441004347250893,0.00275046123458398,0.00635518212291751,0.0263169057734124
C>G,ACC,0.00337431897072003,0.000223821180511833,0.0037159578736968,0.00486539805885097,0.00217961885783526,0.00231406844270597,0.00187679921069048,0.00051976422620485,0.00453706396700634,0.00171231135288739,0.000355200266245023,0.000804137046537746,0.00560152972708744,0.00212091479415719,0.00135496910875514,0.00454499568141646,0.0158769478019358
C>G,ACG,0.00147058456164369,5.07249681156861e-05,0.00131764509994892,0.00116911970031043,0.000179208398033642,0.000935776873602611,0.000605302783549707,6.09847719519551e-05,0.00107302476775062,0.000494608960580179,5.54454055408966e-05,0.000260182267028348,0.0012769656518639,0.00048926585422229,0.000804739626354345,0.00114843516432537,0.00422836260022771
C>G,ACT,0.00682278387528632,0.000272013264913998,0.00289150574411402,0.0101295664610296,0.00479577270841761,0.00423063327389062,0.00304782144871673,0.000875599605880641,0.00645864171526009,0.0030301762116353,0.000794209982748404,0.013406605657,0.00841288607864324,0.00376901996641191,0.00301845592131947,0.00730924878501907,0.0286017979330345
C>G,CCA,0.00676652212080074,0.000420831861505507,0.00311114842873996,0.00652786587824235,0.00262162758404182,0.0037641985819455,0.00379915981525483,0.000889406963621867,0.0076040884146605,0.00418850610196205,0.000226951395945161,0.00180277509872382,0.00365789858165828,0.00147202756354189,0.00138115178873655,0.00453961438533482,0.019065685030886
C>G,CCC,0.00529136866316718,0.000528260823222701,0.00665949133119251,0.00445578182563706,0.00308047875765628,0.00225241918336357,0.00363743892890842,0.00199170533142069,0.00559910728724444,0.00210401543279971,0.000280283161504162,0.000906288960599465,0.00293594216313772,0.00196840415116283,0.00147265239121574,0.00610587069017806,0.0162133942918446
C>G,CCG,0.00207690969130813,0.000123185303806804,0.00140638190801684,0.000724107403518848,0.000466894513953738,0.000472197284167819,0.000805691311265693,0.000114909273503721,0.000615478437896736,0.00098412377182779,0.000114850400493786,0.000642711751255096,0.00170468473403491,0.000270693299971911,0.00092684065782241,0.00163949726962685,0.00310836846322231
C>G,CCT,0.00722277812252425,0.000702491775362564,0.00252616588801132,0.0057217683035511,0.00372860035148687,0.00318963146630165,0.00383592016928323,0.00111148507086732,0.0116337016808308,0.00228804674819183,0.000141485610397561,0.00938047832981971,0.00591682031662527,0.0023375239654713,0.00220883595443856,0.00751886901482904,0.0310174826910418
C>G,GCA,0.00531433401806616,0.000108181825222429,0.00489633476151299,0.00437784981159125,0.0014097362231221,0.00292138803705552,0.00161055233575351,0.00102354407089062,0.00220890387323733,0.00851194664427517,0.000285910239978389,0.000645299586684677,0.00317023381395029,0.00207624496563961,0.00100294467257402,0.00228745064926285,0.0121608570783315
C>G,GCC,0.00475166024200665,0.000422144853716402,0.0122377062369359,0.00266881532518677,0.00271152913390297,0.00249064998456987,0.00181253501408302,0.000897967300572051,0.00110726177643564,0.0090351104184675,0.0020311634075091,0.00257667502197951,0.00205243045095963,0.000994577681643392,0.00192347095616063,0.00372234835332751,0.0132305188620281
C>G,GCG,0.0014177958588244,5.56289254228574e-05,0.00596968058186291,0.000373965582017842,0.000352482994773654,0.000761751827197503,0.00035781564529682,0.00010035067793727,0.00017403605590182,0.00153980277347429,0.000129308478734057,0.000341678513588547,0.000303864296923069,0.000353851040065608,0.000570691447262593,0.000703684033760323,0.00208202007192044
C>G,GCT,0.00472644298236841,7.05605367938309e-05,0.00399551503102562,0.00525404740099028,0.00390991911454073,0.0048097475986702,0.00244990584524216,0.000983783875464163,0.00420925812590915,0.00595079067678319,0.000442659788714859,0.00440234688111283,0.00348641262337617,0.00209130988441862,0.00162545407983515,0.00326436189882738,0.0186999526750303
C>G,TCA,0.0063128142338579,0.000382014528422366,0.00366114791081171,0.00755605075134047,0.00367443459129288,0.00486056842335414,0.00235368272443035,0.0026350114410931,0.0546682326032664,0.0048597924179956,0.000549351204265341,0.00296108122561696,0.00178510068307421,0.00270645393937905,0.00208773720459522,0.00647675317873927,0.0377386866424298
C>G,TCC,0.005061344962317,0.000437094105221574,0.00617815316305831,0.00611246273125965,0.00359318347307818,0.00338161484556075,0.00452624431888727,0.0017546823695025,0.0295110430014157,0.00329790937980523,0.000660749512018249,0.00443607101958387,0.00308943022255434,0.00400432140966502,0.00179066093102526,0.0079936503937305,0.0282306267141008
C>G,TCG,0.00119761217585181,3.31541966671322e-05,0.00154026968896032,0.000509374943225151,0.000130564277824046,0.000711486306855018,0.000242524395569136,0.000362148427418181,0.00323273430417574,0.000697054285243921,0.000103024612679517,0.000566122792924346,0.000859395473911957,0.000363467921573042,0.000393757901063146,0.00124843929114109,0.00328889048284723
C>G,TCT,0.00884172716538331,0.00073784031761221,0.00368342039160497,0.014168603600138,0.00460092695987018,0.00646810638851661,0.00447582930573474,0.00394191912722126,0.0887744411861731,0.00357476452244918,0.00128901644864191,0.0358222911822356,0.00528082130146273,0.00364904720364236,0.0040591095125593,0.0129044040652215,0.0739950668721833
C>T,ACA,0.0144503620205184,0.000836417198653297,0.0058388596564998,0.0188291676262771,0.0102587115062709,0.0112247700353754,0.0886878080865083,0.00507132991305767,0.0140757764251615,0.0104451280556228,0.0345997622762901,0.0061370174388,0.0295597228468864,0.00663804099363668,0.0288844380388883,0.0220870809741148,0.0216413526157246
C>T,ACC,0.00688234113251952,0.000439676098197585,0.00505542368633332,0.0105540989370704,0.00279762459295664,0.00402950832787825,0.060456529911112,0.00399873776145299,0.00799511526321831,0.00347058495539194,0.0127868415103121,0.0032884316329739,0.0160257576930377,0.00567515136975315,0.043972546611955,0.0130628698825566,0.00653571501895987
C>T,ACG,0.00162648313862063,0.000691432935676173,0.00238432753648041,0.00417180686881129,0.00217201080609311,0.00192220169412248,0.00871484184443625,0.000377116168545244,0.0171491072813404,0.00230870065109479,0.0600757521877247,0.00281593127987933,0.108242695364724,0.00332173687087423,0.0129131651572614,0.017119619190048,0.00774144401710768
C>T,ACT,0.0115614099899405,0.000378026878086059,0.00430237166589364,0.0162356004738059,0.0105652166267392,0.00660449646898733,0.0124749307361723,0.0035228657394717,0.0082613236979656,0.00339945684203439,0.0107080905303346,0.00957381177307891,0.0192381331148378,0.00577935846058669,0.0343618839884616,0.0142827553608298,0.0146670606515876
C>T,CCA,0.0199748502000956,0.00386381419865996,0.00260973241759442,0.0105595817177262,0.0267260343045575,0.00308149904260293,0.0995809571099044,0.00131819753389388,0.014492707868283,0.00390498030482366,0.00411007890563819,0.00729728648098492,0.026985866115567,0.00546488337746163,0.0564526027495946,0.0199196932976142,0.0165942352937202
C>T,CCC,0.0124828747094371,0.004055966547138,0.00404981215489996,0.00977873252708102,0.0103740786780257,0.00206040961050346,0.095232588685813,0.00623118088769352,0.012245062852753,0.00300954988608211,0.0136762099073377,0.00450656553732307,0.0198891692959056,0.00595934754601226,0.146486605076615,0.0179446670632608,0.0106989547185022
C>T,CCG,0.00316422856742425,0.00185378907170872,0.0011023909079265,0.00248772425572367,0.00381707048742238,0.00305481300189166,0.00961137127369726,0.000474667873270519,0.011845380423537,0.00193447907886185,0.0439884534803539,0.00148635785528247,0.0669016468150717,0.00172520713097523,0.0155996885340462,0.0114852748486922,0.00707757630664086
C>T,CCT,0.0271475263201461,0.00260759588856488,0.00458893788402295,0.0131290918647369,0.0340391800870946,0.00572568543886614,0.0278509546416753,0.00309554431896051,0.0111657192469954,0.00467210710375892,0.00832527654483506,0.0159159871628239,0.0210553516459256,0.00515711004271086,0.127012812798217,0.0192548536676716,0.014380765635367
C>T,GCA,0.0120347655907656,0.000226818914428398,0.0198530472733513,0.010851912331656,0.0113113128458547,0.0044829300388405,0.0681638922902839,0.0061918394742295,0.00487774519796433,0.0161179574316213,0.0455012034614329,0.00318113539200977,0.0211636870015489,0.00865372177506116,0.0498398261445378,0.0193753634742773,0.012567372590968
C>T,GCC,0.00737865190463973,0.000506836444679805,0.0522292829932022,0.010770634091129,0.00557255388271936,0.00349908266866023,0.0775247494373609,0.00647823373783946,0.00610697592941904,0.00853697768541667,0.0576080050093379,0.00297570709943774,0.020956089258059,0.00509872838605563,0.101523680861688,0.0179599401906466,0.00847953682342641
C>T,GCG,0.000871025772566241,0.000665279585601766,0.024964851149495,0.00433365141921983,0.00357835722958978,0.00296515230562677,0.00709219104420514,0.000928163367192061,0.0129602490430713,0.00211496670480849,0.0749141462025745,0.00175872508549931,0.0863376759314263,0.00119371006922175,0.0145162683568651,0.0156729770649869,0.00633774539270239
C>T,GCT,0.0129765231333078,0.000194728788078471,0.0244079279492978,0.0120704723376661,0.0165336279067005,0.00165985182510411,0.0133388132893273,0.00482341741556603,0.0051963640980398,0.00619264097011871,0.028618214107949,0.00739512272400094,0.025634972182609,0.00299801057198003,0.0871745853699696,0.0157705155430631,0.0102683219231038
C>T,TCA,0.0160617782959121,0.000576858848490865,0.00531872971922346,0.0151259689054991,0.0122325115434282,0.00882590766747261,0.113115760779273,0.00711370946799956,0.0919244712695595,0.0124974099123284,0.00926800180340894,0.00751135591063483,0.0221231567756649,0.00566092735476256,0.0140826427767136,0.0229701501842245,0.0190027513973341
C>T,TCC,0.0102406820288538,0.00141166349932104,0.00686902364918342,0.0137565375327759,0.00440756300969703,0.0061382660871301,0.124115760594237,0.0078345042938078,0.0518252744310033,0.0073298833803211,0.0108333111512673,0.00245145003775154,0.0275473950660267,0.00715684677866844,0.0287661456775942,0.0212337870231803,0.0127065168380475
C>T,TCG,0.000868490497981689,0.000269830788310667,0.00211464115992816,0.00199922702168285,0.00210546368713081,0.00229575387687822,0.00903832157309606,0.000497266841605611,0.0156799238425739,0.00273390814682805,0.0231266233026934,0.00137641304997255,0.0470035464834533,0.00181677136075971,0.00479407491811513,0.00872268294220809,0.005566821895686
C>T,TCT,0.0195503254223288,0.000498535128193671,0.00600873268531205,0.0186168278322532,0.0160792782944795,0.0100740746654674,0.0282932033355381,0.00452636689761001,0.0693656152010429,0.00748909508091996,0.00937348303458984,0.0254522038187726,0.0212346331835687,0.00392821961681406,0.0263870914638419,0.020404442462038,0.0122401530407917
T>A,ATA,0.0104101859005276,0.068480752558405,0.00141065060769113,0.0117941921772702,0.0159850668093246,0.00322696258646429,0.00246098898760282,0.0122963506630314,0.00239704428405123,0.00143775279064931,0.0156119667291205,0.0243241524461371,0.00364882408775052,0.0067662329538896,0.00174083982441753,0.00903810287695105,0.00365651063980189
T>A,ATC,0.00481271404623527,0.0116156046797945,0.000793638726119485,0.00928881143174935,0.00648870091983749,0.00328895236261985,0.00069453726193976,0.00699548326468601,0.00466663510406823,0.00147559963905907,0.0147152675147962,0.00743903364841735,0.00809274385504338,0.00303646153475333,0.00221875854252339,0.0068074023863491,0.00217982812797649
T>A,ATG,0.0131011274957612,0.0742161653953722,0.00121975822608062,0.00676471697180041,0.0125033915548214,0.00186083532567101,0.0017432890968083,0.0159341963429535,0.00551806861706828,0.00198627087380546,0.00272292877377355,0.00946591607894185,0.00490231753707467,0.00676356372140973,0.00453160049017431,0.00786494039490764,0.00294753113611373
T>A,ATT,0.00801474592208234,0.0187237207108008,0.000507307787566861,0.0199929127837815,0.00996554752701851,0.00741257953765528,0.00227911822728136,0.00865398229852169,0.0108671910511905,0.00183271865820946,0.0215624767356694,0.0133494068539168,0.0194556081076669,0.00187695841236672,0.00370241290203521,0.0128678819917673,0.00787814119161727
T>A,CTA,0.00911247111300124,0.10938377877748,0.00192341680314122,0.0119139558335226,0.00276937378482105,0.00157818017714795,0.000769163437535099,0.0367902399233141,0.00447815754355,0.00155955888043473,0.00241130351016319,0.00424564472831369,0.00161519429108785,0.00715777686922229,0.00225444747822243,0.00156028998043772,0.00340564515940406
T>A,CTC,0.00793061518607816,0.0500860007502563,0.00179482418285387,0.0140835774335044,0.0151684604452715,0.00769774403315532,0.00134135912887905,0.0447075775226172,0.00340946911139749,0.00523127464015136,0.00361160842531697,0.00483144173109366,0.0034960563716108,0.0027878929230931,0.00436579997986802,0.00292718334109899,0.00796072833154403
T>A,CTG,0.0201355209023733,0.171958247665673,0.00407280691659005,0.00864190048224116,0.0030040835439245,0.00290995191085358,0.00190271839164778,0.108938899020671,0.00347609268960689,0.00187088571029155,0.00198196969172996,0.00479621308269838,0.00172305653989795,0.0239568125370662,0.00387985529890567,0.00215532029937388,0.00310639957815546
T>A,CTT,0.0099433119421481,0.0570348692719991,0.00171507928260133,0.0264527938588161,0.0154291834474069,0.0329017507991511,0.00163179344377947,0.0144793341538968,0.0057900676368296,0.00108823745966058,0.00172279225716902,0.00975132239516875,0.00437261646593658,0.00133026392578273,0.00333148389243995,0.00729245175077835,0.010841986837889
T>A,GTA,0.00593859867276419,0.0559707009540478,0.000625397386617813,0.00753113698994252,0.00221810514281253,0.00108080560368717,0.000901606039845728,0.00823954434572722,0.00169542021248461,0.000783487827723977,0.00305344574038832,0.00341323543278297,0.000858528620138057,0.00226925914110897,0.00175447085451386,0.00194754195935639,0.00298529547439709
T>A,GTC,0.00362185847013202,0.0100509619077849,0.00262605479142239,0.00656664399350498,0.00187291467749621,0.00439725600864967,0.000213967274906135,0.00951301652815685,0.000772947547728109,0.00568935280473582,0.00712863843255225,0.00134953168906058,0.00197829613947908,0.00544003721870746,0.00140405777879096,0.0028788149715461,0.00327526005993457
T>A,GTG,0.0108477315226853,0.048056529008697,0.00243276263642565,0.00669456131369101,0.00252101892586088,0.00148981344477307,0.00126234903909654,0.0161007226012898,0.00276766969128379,0.00155536252704469,0.00322949131640013,0.00272578997824665,0.00328143985962414,0.00787271072193382,0.00172971449838303,0.00534075657257146,0.00215710590527781
T>A,GTT,0.00460580889710667,0.0121230470957509,0.00124058653656038,0.0140102462903106,0.00491516568021488,0.00855787902575479,0.00104736644207346,0.00387222385105742,0.00241380077972503,0.001039443935467,0.00428808475725327,0.00219063305559891,0.0039272413427264,0.00236022836775833,0.00197025437845957,0.0045699807009464,0.00560313088069924
T>A,TTA,0.0102264161282051,0.0748358710409339,0.00103013345723106,0.0107467341067743,0.0155124136006856,0.00586640270222408,0.00216652185120987,0.0164942057968097,0.00757789483463596,0.00304800037203683,0.00513892523392292,0.0109000470662814,0.011531023201703,0.00890137558532733,0.00442011593406973,0.00833686701040385,0.00951862371399397
T>A,TTC,0.00610823316022603,0.0255478042299004,0.00278633146705084,0.00845488682057792,0.0118706578671852,0.00559186233129461,0.000820242680109924,0.0131375093672902,0.00116547370257476,0.00568198812027216,0.00396777349292576,0.00183853659438393,0.00305399757454619,0.00250273990025051,0.00261390421814385,0.00530152410900773,0.00400613847218573
T>A,TTG,0.0110279999063569,0.0715903080478821,0.00156565443703262,0.00479824104652219,0.00423449738452262,0.00150845281125337,0.000518321940699599,0.0227393695050609,0.00141343410378577,0.00181986454906653,0.00153100313057966,0.00220396011421166,0.00121106492508438,0.0126660903791619,0.00166509817302255,0.00531820103310571,0.00111591706877298
T>A,TTT,0.0106556315624421,0.0322236649969414,0.00121299618926165,0.0227030818277115,0.016149689322469,0.0171780045249551,0.00340180828584358,0.00846841089653819,0.00951963941773867,0.0033150333819376,0.00816418538996164,0.00409643182218169,0.0110131711670095,0.00743475273977093,0.00338365650593647,0.0111231784848889,0.0139641395756554
T>C,ATA,0.0364022929292544,0.0209212937845352,0.00296151257536453,0.0051572149241137,0.0299532300986817,0.00240132980511814,0.00243797818261602,0.0577601391972461,0.0200068239100157,0.00551869956813227,0.0258911026693037,0.184225788605969,0.018614305153983,0.107131588577058,0.0144075362202992,0.0352461064857264,0.0167427832020007
T>C,ATC,0.00614984336541413,0.000909899028782166,0.000965961246298389,0.00303898191112667,0.0224071033218112,0.00381234242060599,0.00074086251964927,0.00838266659465973,0.00672274024540608,0.00141545497128504,0.00540254187013449,0.0147691646780869,0.0104142499906443,0.0162168410263259,0.00598344397288893,0.00877312844864609,0.00814422135091608
T>C,ATG,0.0326491713480701,0.00524651608209809,0.00211373801519699,0.00182691998729242,0.037013338572435,0.00138866423510421,0.00129221564062064,0.0524482557855534,0.0100284433784479,0.00325650964950007,0.0153203875840192,0.0450776130927328,0.0111251067128663,0.134309807970268,0.00703001873557331,0.0299561501740171,0.00435753559833081
T>C,ATT,0.0206159957277958,0.00156915712190837,0.00229347830146436,0.00464433215987116,0.0477302710337253,0.00677043293139986,0.00263318097634219,0.0191366208051178,0.0138186725861164,0.00307875524533066,0.00598352517460381,0.109621474765019,0.0272033731575674,0.0394902663437124,0.0116825252291247,0.0256980067498169,0.0184811548644014
T>C,CTA,0.012334810865917,0.00421970303499611,0.000897251780301052,0.00627517165998929,0.0185664553903567,0.00633665118247659,0.00178845669752466,0.0259056329678787,0.00879990403693983,0.00285834940559152,0.0141742342367393,0.0234974653817115,0.00243854970888952,0.0335259561912519,0.00383144509643121,0.0115043527700225,0.0100864485040138
T>C,CTC,0.00514931890184788,0.000393882527597823,0.000626682224505839,0.00768648422041359,0.0385376936343536,0.0283288195472325,0.00194502506135238,0.0319707148110499,0.00811300579439465,0.00117135712394324,0.00497186123361254,0.00722312080231079,0.00409642891758687,0.00919204417256388,0.00408813713038321,0.00720107114038427,0.0108391551362406
T>C,CTG,0.0144620412857981,0.00112638006234225,0.00149025379212543,0.0052856978251765,0.020823657213352,0.0177151357460322,0.000909946863591459,0.0286090829377316,0.00883769587753042,0.00069678310797118,0.0158782686361798,0.014120805137624,0.00109534605087281,0.0524270704083926,0.00233634159682152,0.0129728412271067,0.00676787920983673
T>C,CTT,0.0111340001529365,0.000877196942221157,0.00115889793730904,0.00974234021794278,0.0414955762908395,0.0900648897221108,0.00294928775841448,0.0161297703300262,0.0112991155572004,0.00179959979321032,0.00957873197673673,0.0263402603915271,0.00587120824137784,0.0146856877336857,0.00442195088042885,0.0101368436376633,0.015635797844154
T>C,GTA,0.0115855836515704,0.00185260119378297,0.00120691493644245,0.00401179321498767,0.032651047228788,0.00342533196565017,0.00177366810388675,0.0282227856873522,0.0092724310002,0.00119667313103237,0.0405588746302587,0.00975300713284433,0.00580845138567972,0.0282264913299367,0.00314320914416375,0.0184899666592057,0.00272948179288088
T>C,GTC,0.00317770767398687,0.000499612809725536,0.00120926029408632,0.00211615591340589,0.0290572459267333,0.00825605016129076,0.00122686020996226,0.0123285446769621,0.00690976666387894,0.000830102741285701,0.0123956089804179,0.00135395118696303,0.00523611270761344,0.00927048648095925,0.00146171981164754,0.00862129867902193,0.00338482113318484
T>C,GTG,0.012044849129604,0.000980697816277393,0.00114506929210592,0.00313931229992172,0.030832588228559,0.00623877617293426,0.00140765396972041,0.0196315885618559,0.00452380792425354,0.00139176755990734,0.0216598854236477,0.00432465304830646,0.00282325575098379,0.0276339917947207,0.00268017816311446,0.0125107130071699,0.00542735747088709
T>C,GTT,0.012031449278045,0.00034149546683766,0.000525564856349918,0.00337897529085768,0.0610160909509671,0.00820360009462386,0.0025363790270338,0.0109265277124533,0.00896505767413352,0.00256926830454941,0.0243218197898171,0.0101431806245247,0.00910773805521933,0.0172346302007227,0.00449026793794218,0.0178734075390754,0.00568509429779595
T>C,TTA,0.0188253564378004,0.00639996819705939,0.00212629630727804,0.00566229008064631,0.0262082696689344,0.00709562124924659,0.00278544608241259,0.0290300174314198,0.00761396985299944,0.00310032226492602,0.0309646918894855,0.0213693086679144,0.0078435066073861,0.0633415301661735,0.00199864207801538,0.0191042355486719,0.0105717859497596
T>C,TTC,0.00595099079031089,0.00105864227368932,0.00114487394350564,0.00423676329894163,0.0389718093475922,0.0106724308095505,0.00140390581798029,0.00999839847418434,0.00601295000404238,0.0011541212803368,0.0127642718506637,0.00791007258952822,0.00745701344245867,0.00988477052068153,0.004157417920228,0.00828027493899482,0.00760343286650278
T>C,TTG,0.0130465013166014,0.00108315193348147,0.00131106314400395,0.00362213466923536,0.0165149030632531,0.00416610795715708,0.000589394488885637,0.0297840674799091,0.00273752975066477,0.00166392229649044,0.0167322656306061,0.0104085777423581,0.00222023380685368,0.0721493501086538,0.00256820017605616,0.0127836890013832,0.00238667540918167
T>C,TTT,0.0167668130973553,0.00113937583231952,0.000666852786774623,0.00794568566770304,0.0644572389373365,0.0151238866174147,0.00341043377934172,0.0106216640802049,0.0123059409028213,0.00321695760162951,0.0353031861237739,0.0160588078607752,0.011405250044635,0.0245595838394672,0.00356246354778829,0.0166342019600498,0.00753291268426137
T>G,ATA,0.00284191086519871,0.00306346889664817,0.000530475583488065,0.00246870031027561,0.00187667533970248,0.00434725766303751,0.000910587370534391,0.00331406458635063,0.0031930516286074,0.00104643019740881,0.00092301933014109,0.0124348352527448,0.00203417463257338,0.00277064802494749,0.000696007489788446,0.00446326954539445,0.00773727546952685
T>G,ATC,0.000907560115400634,0.000274460779089176,0.000216432155826517,0.000914989424952465,0.000903286613100619,0.00359828307441378,0.000666592181244449,0.00114414564725282,0.000657535144562864,0.000325207429241201,0.00150275062359211,0.00455862001350388,0.00120569287352782,0.001711392101009,0.000968836257898596,0.00312363802237675,0.00237823643929111
T>G,ATG,0.00284348976655541,0.00151622267253947,0.000355693784938479,0.00320678945236942,0.0042482077363702,0.00303469107759406,0.00117510250447751,0.00703293433732632,0.00284733956473408,0.000502264739291411,0.000636855341827143,0.00538857860341582,0.00461802002225577,0.00461647006340341,0.000613488872638563,0.00359348102076686,0.00863437809506212
T>G,ATT,0.000976348588109436,0.00037794216188602,0.000449476772280211,0.0040206664319506,0.00122231350801368,0.0370404497722089,0.00367389089070504,0.00745321235114051,0.00442744680991094,0.000384308753948919,0.00295349120372472,0.0120852835290189,0.00196755966712101,0.00590561889031956,0.000764648361365146,0.00771817393842763,0.00745383710386778
T>G,CTA,0.00178752974870875,0.00277836937440184,0.000430309512123095,0.00114831440377205,0.00400897411456001,0.00343920933546646,0.000444023135319537,0.00495704419505505,0.00107003703096984,0.000549766724270746,0.000574098638090299,0.00506140450581563,0.00295018267821564,0.00238210333312679,0.00108355124477827,0.00242378138798311,0.00504018984043871
T>G,CTC,0.00139167889992737,0.00100511372202297,0.000262404062599463,0.00133554377889639,0.0054401749387703,0.0152304264701719,0.000373083433017959,0.00436188957921069,0.00194271097534277,0.000929255570309812,0.00225947277531598,0.00411771240982101,0.00153204805789096,0.00272902328742127,0.000461781983947704,0.00413167573254658,0.00606412858254049
T>G,CTG,0.00428802245581341,0.00338777960608501,0.000318579899765889,0.00321734950286375,0.00193447208409564,0.00947879888886325,0.00149696436004444,0.0244193267981663,0.00163661943962686,0.000770866593979105,0.00320545772404663,0.00490701201082988,0.00199298229065203,0.00627754426544935,0.00171733246538829,0.00441759016615142,0.00902241685839646
T>G,CTT,0.00206390035881716,0.000786825010266417,0.000510059893097886,0.00700512619410883,0.0066659550620442,0.246250799873994,0.00184874975108595,0.00703414290272126,0.00538270223393654,0.000541651323063342,0.00550531831136495,0.015389240215573,0.00301029166191074,0.00405988986091902,0.000444057018907287,0.00832368955634933,0.010412025584071
T>G,GTA,0.000755568057400204,0.00104389239925648,0.000245707433737696,0.00141296661770543,0.00122379778431166,0.00270501841525403,0.000303851749230866,0.00180802386874415,0.00143808642801908,0.000206494598855014,0.00036296050380388,0.00127884323058895,0.000506056413534168,0.00127498087217812,0.000895608020424094,0.00162865616129748,0.00566004143078899
T>G,GTC,0.000605320495009821,0.000110590139099388,0.000287902339918419,0.000926429098535466,0.00057674500157154,0.0046629219875562,0.000303405766618751,0.00141580866309705,0.000447563901972179,0.000233321231881562,0.00164573362801378,0.00193033128973543,0.000249808028135168,0.000493295821923405,0.000662716320130108,0.00162478535952038,0.0033077040424776
T>G,GTG,0.00280041666454102,0.000942592621945227,0.000455010344354327,0.00329798822539125,0.00141571380106781,0.00454440642041622,0.000668214798833209,0.0047128790533212,0.00113503856175379,0.000629164978409402,0.00113163950017467,0.00174624431371894,0.00311924510869326,0.00225986267832183,0.00180045245151301,0.00285473552522537,0.00880577920783562
T>G,GTT,0.000677818898864967,0.000104856006587716,0.000250265045770725,0.00378422008697148,0.00187778462354677,0.0580730784285239,0.00155546399416552,0.00275950411620691,0.00263312365397642,0.000545017291810306,0.00434183200085621,0.00627217845731929,0.0015070161290186,0.00123603046351837,0.000711596823982323,0.00346117148523206,0.00854391333579184
T>G,TTA,0.00352104433448657,0.00265156849642266,0.000528091860788433,0.00168730459471311,0.00317606879436449,0.00704658682815168,0.00109052237653943,0.00295133074752188,0.00179291396339153,0.000800945822203562,0.000858968788737228,0.010802827907414,0.00258558214953221,0.00446185588684138,0.000869795413657971,0.00540543897384626,0.0120777272995426
T>G,TTC,0.00269381514257097,0.000668444465234347,0.000715395935244264,0.00158052719371357,0.00355603691884956,0.00755726775092668,0.00063266429125257,0.00136042545121977,0.00149426613382057,0.000853649201764572,0.00191367513970282,0.0058443040626546,0.00241109577836367,0.00338714262235597,0.000323174145106201,0.00456396464461227,0.00549707720882994
T>G,TTG,0.00432352161318174,0.00221836861415997,0.000687924206434285,0.003611117275714,0.00142635317947305,0.00594633509507303,0.00149695487105269,0.00994072220019062,0.00156517943706987,0.000952219842293533,0.00194312667728695,0.00421552318587217,0.00402888452616917,0.00734370579322598,0.000740647571382189,0.00483413334680673,0.0106410275001995
T>G,TTT,0.00411908178170714,0.000769775058335586,0.000881184651537989,0.00634074397872937,0.00746278842092355,0.0824503313270502,0.00681823436347362,0.00550280221365287,0.00787086860558841,0.00131387839963112,0.00612614568140326,0.0249503145882256,0.00692722385456197,0.00333773442840038,0.00120952262528952,0.0136785541728516,0.020312766852666
