"","ZL-201155","ZL-201204T","ZL-201948","ZL-201999","ZL-202025","ZL-202046","ZL-202056","ZL-202079","ZL009041","ZL026642","ZL033326","ZL040761","ZL054594","ZL093073","ZL094531","ZL094587","ZL098594","ZL098834","ZL099873","ZL117411","ZL119464","ZL122906","ZL130896","ZL135285","ZL143005","ZL144459","ZL145150","ZL154137T","ZL160571","ZL160658","ZL163085","ZL163503","ZL165633","ZL166217","ZL169282","ZL170022","ZL171919","ZL173347","ZL173419","ZL173520","ZL176154","ZL183080","ZL183247","ZL185536","ZL187056T","ZL187784","ZL193447","ZL200007","ZL200095","ZL200191","ZL200205","ZL200206","ZL200236","ZL200258","ZL200312","ZL200387","ZL200509","ZL200531","ZL200638","ZL200746T","ZL200881T","ZL200942T","ZL200989T","ZL200995T","ZL201029T","ZL201057T","ZL201059T","ZL201074T","ZL201109T","ZL201144T","ZL201217T","ZL201238T","ZL201286T","ZL201292T","ZL201309T","ZL201325T","ZL201360T","ZL201378T","ZL201381T","ZL201403T","ZL201425T","ZL201450T","ZL201482T","ZL201509T","ZL201537T","ZL201557T","ZL201573T","ZL201645K","ZL201703T","ZL201949T","ZL202004T","ZL202165T","ZL202470","ZL202543T","ZL202690T","ZL202883","ZL203330","ZL203405T","ZL203684T","ZL203719T","ZL1056056","ZL1095842","ZL1132727","ZL1134324","ZL1135196","ZL1135526","ZL1135687","ZL1135777","ZL1135893","ZL1135916","ZL1136162","ZL1136289","ZL1136315","ZL1136555","ZL1136727","ZL1136761","ZL1137133","ZL1137172","ZL1137270","ZL1137379","ZL1137449","ZL1137632","ZL1137732","ZL1137748","ZL1137810","ZL1137816","ZL1138220","ZL1138247","ZL1138279","ZL1138297","ZL1138367","ZL1138649","ZL1138854","ZL1138867","ZL1139109","ZL1139195","ZL1139220","ZL1139421","ZL1139424","ZL1139564","ZL1139784","ZL1139936","ZL1139961","ZL1139972","ZL1140305","ZL1140523","ZL1140557","ZL1140665","ZL1141052","ZL1141078","ZL1141129","ZL1141141","ZL1141184","ZL1141410","ZL1141532","ZL203817T","ZL203846T","ZL204186T","ZL204195T","ZL204255T","ZL204283","ZL204310T","ZL204311T","ZL204365","ZL204405T","ZL204460T","ZL204484T","ZL204527","ZL204697T","ZL205085","ZL205563","ZL206293","ZL206427","ZL206489","ZL206535","ZL206558","ZL206640","ZL206724","ZL206733","ZL206735","ZL206748","ZL206763","ZL206773","ZL206777","ZL206783","ZL206797","ZL206838","ZL206853","ZL206871","ZL206878","ZL206884","ZL206888","ZL206915","ZL206918","ZL206920","ZL206924","ZL206939","ZL206956","ZL206962","ZL206990","ZL206993","ZL207022","ZL207039","ZL207045","ZL207048","ZL207056","ZL207061","ZL207066","ZL207079","ZL207103","ZL207105","ZL207125","ZL207165","ZL207195","ZL207197","ZL207206","ZL207219","ZL207264","ZL207278","ZL207281","ZL207288","ZL207295","ZL207350","ZL207353","ZL207357","ZL207365","ZL207366","ZL207393","ZL207402","ZL207405","ZL207445","ZL207452","ZL207455","ZL207484","ZL207492","ZL207513","ZL207523","ZL207525","ZL207527","ZL207551","ZL207587","ZL207640","ZL207656","ZL207657","ZL207667","ZL207675","ZL207686","ZL207714","ZL207732","ZL207783","ZL207806","ZL207826","ZL207852","ZL207866","ZL207878","ZL207879","ZL207887","ZL207888","ZL207891","ZL207904","ZL207916","ZL207917","ZL207920","ZL207931","ZL207958","ZL207961","ZL207966","ZL207975","ZL208000","ZL208008","ZL208010","ZL208013","ZL208016","ZL208039","ZL208043","ZL208069","ZL208079","ZL208105","ZL208108","ZL208122","ZL208124","ZL208125","ZL208131","ZL208137","ZL208146","ZL208150","ZL208180","ZL208202","ZL208213","ZL208214","ZL208215","ZL208231","ZL208250","ZL208275","ZL208283","ZL208289","ZL208320","ZL208379","ZL208386","ZL208387","ZL208401","ZL208439","ZL208444","ZL208449","ZL208452","ZL208465","ZL208480","ZL208501","ZL208523","ZL208526","ZL208528","ZL208535","ZL208564","ZL208566","ZL208592","ZL208611","ZL208626","ZL208634","ZL208658","ZL208685","ZL208701","ZL208705","ZL208723","ZL208735","ZL208740","ZL208773","ZL208788","ZL208801","ZL208818","ZL208837","ZL208845","ZL208850","ZL208856","ZL208921","ZL208964","ZL209052","ZL209059","ZL209069","ZL209078","ZL209088","ZL209090","ZL209137","ZL209139","ZL209162","ZL209192","ZL209237","ZL209265","ZL209270","ZL209281","ZL209283","ZL209318","ZL209319","ZL209342","ZL209356","ZL209364","ZL209372","ZL209387","ZL209390","ZL209397","ZL209398","ZL209404","ZL209456","ZL209483","ZL209518","ZL209519","ZL209543","ZL209566","ZL209579","ZL209581","ZL209590","ZL209640","ZL209645","ZL209672","ZL209700","ZL209753","ZL209773","ZL209937","ZL210018","ZL210024","ZL210047","ZL210086","ZL210088","ZL210124","ZL210126","ZL210128","ZL210133","ZL210141","ZL210168","ZL210182","ZL210192","ZL210193","ZL210198","ZL210222","ZL210245","ZL210261","ZL210323","ZL210353","ZL210362","ZL210390","ZL210396","ZL210399","ZL210424","ZL210445","ZL210460","ZL210522","ZL210798","ZL210842","ZL210860","ZL210905","ZL210917","ZL210961","ZL211081","ZL211093","ZL211372","ZL211383","ZL211402","ZL211456","ZL211498","ZL211549","ZL211583","ZL211599","ZL211606","ZL211643","ZL211653","ZL211683","ZL211693","ZL211703","ZL211704","ZL211707","ZL211709","ZL211710","ZL211720","ZL211733","ZL211761","ZL211768","ZL211789","ZL211817","ZL211826","ZL211827","ZL211828","ZL211891","ZL211921","ZL211953","ZL211974","ZL211976","ZL212037","ZL212061","ZL212063","ZL212068","ZL212097","ZL212098","ZL212237","ZL212250","ZL212278","ZL212293","ZL212299","ZL212357","ZL212392","ZL212423","ZL212425","ZL212433","ZL212462","ZL212505","ZL212534","ZL212590","ZL212614","ZL212645","ZL212991","ZL213246","ZL213328","ZL213518","ZL213692","ZL213785","ZL213801","ZL213836","ZL214548","ZL214774","ZL215712","ZL217568","ZL217739","ZL471600","ZL685304","ZL724573","ZL769907","ZL788093","ZL811557","ZL838091","ZL885253","ZL903239","ZL904678","ZL981061","ZL984521","ZL995439","ZL998638"
"SBS_H1",2206,2876,0,0,2666,4056,1619,0,0,2731,0,59,4402,1539,2085,3941,0,2033,4867,1723,2831,0,0,0,0,3283,2755,0,2278,0,0,8198,1193,0,3831,851,0,558,2694,0,1165,0,0,5238,575,1837,0,2166,0,1474,3141,2193,1980,2091,2531,0,2002,2013,2101,2997,0,5129,5933,6789,1986,2861,0,1635,0,557,0,3596,3273,0,4104,1160,1936,0,2053,2714,0,0,1342,0,0,1879,2509,10410,2843,1511,0,2366,1312,3046,2494,2642,805,1017,3972,1935,1685,9991,0,1885,6006,1171,4477,1285,0,3350,801,1004,105,885,12732,5290,0,0,2026,84,0,3446,5100,13888,995,0,0,1937,2598,0,2059,0,654,2814,1682,3482,885,4348,3439,3798,7844,1412,5059,7044,1092,0,922,0,2319,2452,0,3396,2701,0,5364,2666,5988,3512,2873,4685,0,1722,1309,2252,2937,0,1493,6471,0,1959,5110,5967,1040,1247,2876,2974,1890,822,0,0,1807,148,958,0,947,0,3858,7239,2364,0,2872,11526,0,5004,5761,1151,5871,773,0,0,5063,1257,7035,0,0,4619,3078,872,0,1360,0,3306,0,0,2780,6996,1290,0,4778,7639,1426,1358,3351,0,3251,2430,0,1525,0,3579,2950,3948,1619,6787,6469,7037,1013,0,3288,0,4187,1167,0,2779,0,0,3349,663,0,2572,2284,1690,1291,7182,7082,0,2722,3968,8257,0,4983,0,0,0,0,4449,0,4229,4453,0,3262,3568,0,1251,1896,2445,0,1379,4777,2752,0,1134,6637,0,2730,3283,6740,748,1019,4217,2624,2875,2829,0,2067,3108,0,2615,0,1349,745,1097,3131,0,3308,0,876,9009,0,2274,0,796,2826,4758,0,2524,3022,2857,0,4029,2036,4163,1172,0,2826,0,142,11517,1818,8516,0,1711,1694,8424,5628,7,0,2055,4375,0,0,5359,4044,1393,3381,1195,1453,9465,6119,3898,7757,2536,2436,2799,0,1227,1052,0,8165,2644,0,0,2804,0,2733,1596,2345,0,0,1692,946,2841,0,1488,2628,2572,0,0,0,7577,3362,2562,4301,0,0,0,3669,8321,1376,1792,0,2167,639,1338,0,3130,1683,2057,2122,0,647,2254,786,3672,7360,0,3545,6712,4997,0,0,4641,142,0,0,3522,0,5169,1280,0,3888,1625,944,1848,0,3665,2681,0,364,1842,3273,1751,1054,1402,0,303,2522,0,1248,0,3173,7501,1587,4451,2776,1575,1083,0,1240,2598,2255,7345,4431,0,2582,2684,2780,5879,850,1480,3505,0,4763,2404,0,6764,3334,662,1382,2197,1964,0,3556,3195,773,0,3118,592,2201,1557,3168,0,1394,1864,0,0,950,1871,2174,0,2090,0,3961,1176
"SBS_H2",0,1750,0,2302,1813,0,0,13648,81490,1920,14665,0,0,4819,1229,0,0,3515,0,11953,7100,0,6087,8464,147817,0,14823,2181,0,3286,1581,3051,0,0,0,10894,0,0,10088,2641,0,7492,95,0,567,1394,2860,2129,1631,1790,0,1336,0,0,0,18051,0,2049,2411,0,0,0,0,0,6851,0,16186,16153,1089,2985,0,0,0,4830,24241,0,0,4698,44826,0,2213,1278,2353,802,1069,0,0,4779,0,15850,0,1474,0,0,0,0,0,0,0,0,0,0,18887,2441,3336,6922,0,5125,1163,0,1546,3059,0,5542,162346,4580,38662,525,7795,0,10924,0,0,0,0,4113,12971,0,0,31383,0,17463,9725,0,3434,0,4745,0,0,0,0,0,10221,0,0,46141,0,21994,0,0,2811,6633,0,3369,0,0,0,2210,0,10695,3326,0,0,0,0,2400,5918,0,5454,0,0,0,1417,0,0,0,0,0,0,10403,55413,2413,0,1696,0,2417,27166,0,0,4004,4714,0,8477,0,0,0,0,0,5699,9646,0,0,0,965,1152,0,0,0,7090,0,1134,0,6575,13268,1738,0,0,0,0,0,0,0,0,1718,0,0,3624,10547,489,0,0,0,3327,0,0,0,0,4878,0,3998,0,4449,6668,0,0,2224,0,3379,1904,0,0,0,2107,0,14908,30915,0,0,0,957,0,0,2568,0,0,0,12772,0,0,93528,15928,1700,0,0,0,6238,900,1573,0,0,4046,1006,0,1319,0,0,0,0,0,0,0,0,0,13030,0,0,18719,0,3361,0,0,0,0,575,0,633,0,0,13204,10052,29972,2528,0,0,1805,3345,0,0,0,28122,0,0,0,10618,0,1335,0,0,0,0,6903,0,0,0,0,31580,2992,0,7861,2536,0,0,0,0,7406,2701,0,0,0,0,0,1315,5063,0,17766,0,0,1977,0,0,0,0,0,18221,0,0,0,10624,10393,0,467,0,4645,0,0,0,20795,1138,11559,0,0,0,0,10161,4013,35048,0,0,0,0,3498,0,0,0,8864,0,0,2079,0,2239,0,0,0,0,26840,2455,0,0,5191,0,35728,0,0,1451,4121,0,3331,0,996,4637,8417,48099,16803,0,7978,0,0,0,0,1730,6037,2993,0,8870,975,0,0,4634,0,2684,0,0,0,0,0,2614,0,0,0,0,0,0,0,2049,0,0,0,0,18653,8457,0,1944,0,0,54077,6131,0,0,2154,0,26041,0,0,0,0,3307,0,0,0,0,12085,39277,20954,2858,7521,14701,16487,3985,120600,0,2712,14241,0,0
"SBS_H3",0,0,4085,0,0,735,0,0,1208,1171,0,0,3978,787,0,15416,0,0,0,751,0,0,2665,5649,4292,355,1233,102,10204,331,0,4433,0,0,3825,0,20742,0,167,1969,0,0,0,198,0,903,227,269,0,1722,0,0,196,1256,0,0,0,0,282,0,158,3339,495,0,818,0,329,916,112,293,60,746,0,0,342,0,740,3406,1323,93,206,0,0,0,294,0,0,746,0,1679,631,0,0,436,163,0,1759,576,0,680,0,0,957,0,3183,0,0,0,0,0,0,360,0,0,1403,2154,1639,0,227,0,1813,0,15646,28342,0,0,0,0,1464,0,0,0,0,1770,0,0,378,900,273,3469,0,0,2029,1598,0,736,122,0,252,514,314,668,0,7182,987,0,1442,692,691,1009,666,0,0,177,0,0,615,1196,0,0,433,0,180,204,6841,0,0,1352,0,470,1810,84,2381,0,0,0,1120,35172,172,284,1284,0,0,0,15612,1559,374,0,0,0,5689,0,8363,3739,320,15055,396,1158,7000,0,0,1660,371,714,0,0,504,0,813,0,0,0,0,0,199,1003,1746,543,0,4662,0,0,0,0,21111,307,0,6310,0,750,0,827,26739,0,0,0,0,689,0,269,193,505,0,3680,0,0,2766,0,3887,0,1050,1038,1407,0,0,0,12808,0,196,1917,594,0,94,0,0,634,0,0,20868,1650,0,175,0,15528,0,7053,0,0,0,5074,0,0,0,199,588,464,0,0,3785,0,1701,0,3021,663,0,0,0,951,0,1260,542,976,2978,0,0,0,0,439,0,0,0,0,3652,0,660,817,0,0,0,334,0,0,152,2213,460,5299,0,338,0,0,0,0,570,0,0,1053,320,1133,12848,0,279,501,0,0,863,316,0,288,9520,0,0,0,0,441,0,3870,0,0,1379,0,522,0,8674,0,9219,0,0,159,0,5126,1305,330,0,442,0,4745,2706,689,0,2321,0,0,0,174,0,0,215,0,0,200,0,98,0,0,2112,0,0,0,1848,0,389,0,0,0,5155,161,1160,0,0,0,0,0,0,3407,0,0,0,927,0,0,338,2919,0,0,0,0,799,2066,171,0,2081,0,645,0,0,4968,428,0,0,0,0,0,0,0,998,177,0,2120,0,6835,96,0,5808,0,389,8855,0,1533,193,0,0,0,0,3646,0,507,114,0,3850,0,885,3462,0,311,435,115,0,363,0,0,0,0,0,2412
"SBS_H4",978,740,3962,1142,0,3183,713,150,3583,3252,3481,0,1975,4638,0,2389,11065,0,1785,1319,0,0,3251,1735,0,1043,1510,0,2246,0,786,1285,1985,2152,1808,0,5082,0,1119,0,843,1536,0,666,0,0,965,3716,1443,0,915,1657,0,1189,0,2426,706,0,0,0,391,1945,1850,1254,1309,1327,2600,3569,0,0,0,2234,0,0,1835,513,0,625,0,0,2249,955,1586,0,0,1543,985,0,0,2658,0,2624,1311,1870,2240,1857,1212,629,1657,815,1692,2618,536,0,1075,0,3022,3154,684,938,0,1074,0,811,9674,0,1312,200,0,0,1058,1334,2645,5206,0,1602,0,1081,932,748,390,0,619,0,0,4515,0,899,0,586,1377,414,0,713,429,3283,0,2098,906,1098,1118,4332,1868,0,0,2142,3596,2023,1409,1214,1848,819,0,0,1271,453,3838,3041,1432,0,1998,4088,0,2012,0,5674,0,0,0,3829,3157,0,1797,0,996,5546,0,6092,0,965,6255,656,1576,1128,2363,950,0,3286,1421,621,2133,667,4246,0,0,3821,2194,707,6881,0,0,826,806,0,0,2000,431,908,1412,3704,1673,772,0,912,1078,1309,1531,2803,0,0,2685,1203,0,2455,3253,3365,1340,1486,0,2552,1133,0,0,859,3064,1367,6369,0,0,1316,3258,1850,767,2265,0,8917,756,2010,1925,1380,2901,1972,1197,3,1568,1574,0,0,0,0,2405,1429,0,1052,0,0,475,0,1162,1619,0,778,2476,0,0,1690,3608,2205,1143,0,939,474,2014,1553,1616,1595,1942,0,1577,462,1899,2350,0,0,2067,0,0,2290,2025,0,2966,0,1075,0,937,0,1086,2246,2045,4195,789,0,665,1374,0,0,0,5255,500,1479,2179,322,665,1749,0,997,0,1669,0,0,667,1495,767,2453,3716,0,1172,1890,0,0,1857,986,3026,0,0,0,0,1318,2979,10190,0,37,2441,2237,2911,1317,2543,2139,1061,0,0,1838,1112,1958,0,0,0,502,1377,2947,0,0,1059,1801,0,5316,2584,1499,453,0,741,875,0,1310,0,2061,2019,572,1190,1692,2568,0,407,1010,4881,801,2240,2243,0,0,2333,1477,0,0,1182,0,0,3760,0,2548,0,2559,0,0,1871,529,0,0,0,941,3152,0,943,1781,0,0,1199,811,630,0,1137,2264,928,1812,1921,0,405,2733,1240,991,0,0,2260,1084,1824,0,1238,2696,0,0,0,0,2606,1942,2258,0,1141,0,0,1817,0,0,1732,1337,958,413,1158,357,839,0,0,2224,1413,1718,3539,0,0,0,0,1436,684,3383,1946,945
"SBS_H5",696,307,582,3480,744,1357,897,0,4821,1759,0,0,0,7165,0,717,26705,0,3780,1099,2109,615,437,0,2004,807,972,0,694,0,11239,1993,1404,812,0,272,1349,0,0,990,1228,0,0,0,0,426,304,1368,444,653,744,1208,278,427,304,1011,764,1259,0,1225,1583,1801,1363,1652,1621,276,359,823,300,0,369,950,0,284,3044,0,1205,326,1049,0,839,300,554,1697,1944,756,4307,2140,1587,1074,0,3300,873,736,0,440,317,0,1019,0,285,2804,0,392,1070,0,1165,739,797,2214,248,1134,0,650,10021,1915,1322,0,13558,0,808,717,0,0,366,2161,1698,438,742,2081,481,537,0,474,387,0,556,823,762,682,2076,504,7018,356,569,2430,0,637,0,1155,360,3216,352,1478,2133,573,5208,1585,1656,622,559,526,537,0,486,268,692,642,0,877,4118,3065,0,1246,0,1760,854,0,0,833,1763,0,398,1318,0,0,0,1530,441,0,0,1906,2315,1249,818,0,972,1307,424,0,517,1406,3439,0,446,0,535,274,5854,434,0,504,1416,934,1440,999,221,215,2276,2881,1364,304,970,292,1111,432,419,522,0,1053,1396,2796,0,1173,0,1278,386,1998,252,1470,818,243,797,945,353,957,1552,1335,0,0,425,0,438,1803,2566,1177,0,2279,2065,1224,853,0,623,0,0,1438,0,327,1082,1680,3937,0,476,569,159,1520,438,535,0,2340,0,1028,1216,0,392,1004,0,382,1192,385,347,972,1389,1041,1043,1596,1815,561,977,503,520,687,0,343,3796,1197,233,2637,1227,282,1633,296,425,5396,342,0,474,0,1366,5010,755,576,1871,360,304,0,0,6043,310,1753,2163,0,0,1854,609,1113,0,468,4019,799,346,547,384,609,1043,0,906,2324,474,915,1867,975,5822,724,2480,0,0,284,700,1082,0,0,896,709,1352,368,1413,548,0,0,249,804,453,713,0,2301,3389,0,1627,1592,0,0,3191,426,1332,1556,1099,920,434,0,339,779,0,1391,336,1893,846,472,929,910,0,225,0,1168,0,848,1353,1515,850,0,430,1127,66,466,815,643,581,2237,503,0,1494,1868,521,1551,0,348,694,3008,0,1674,1111,1003,737,1401,672,81,344,1929,2075,326,563,2753,0,1265,1828,0,0,757,1116,650,1497,756,1730,0,639,0,3018,0,756,1004,1853,181,1032,2795,929,497,3153,0,733,0,498,0,1655,472,332,0,439,2068,0,494,949,1087,1441,314,1015,0,903,0,2682,0,561,0,1232,0
"SBS_H6",105,0,0,0,0,187,146,0,417,0,0,0,0,247,0,1621,0,226,259,207,132,216,0,0,1138,243,218,62,0,0,0,206,110,303,100,0,420,0,0,277,0,0,0,334,0,122,0,161,0,0,0,0,86,0,95,0,0,0,0,175,0,0,126,197,0,0,0,0,0,49,0,0,0,0,0,0,92,0,2354,0,0,0,0,0,0,0,211,186,115,0,0,256,0,246,175,0,124,102,303,491,367,368,0,83,0,0,301,136,0,95,0,0,0,0,0,0,0,0,343,0,0,183,298,0,0,240,4046,0,70,0,0,0,0,97,125,0,0,170,0,122,234,0,187,0,107,302,71,0,0,137,0,246,0,263,271,152,0,169,141,0,260,1125,419,381,219,0,169,566,153,138,354,243,0,0,104,0,0,0,0,149,149,0,0,529,0,0,0,301,0,0,199,238,0,539,0,0,344,193,0,0,0,0,277,0,0,125,0,0,0,0,0,0,0,0,0,255,90,0,159,139,122,126,0,0,221,0,0,0,0,0,17246,527,0,233,0,244,0,0,127,0,106,104,0,1949,0,0,256,0,0,0,180,0,220,0,0,0,0,526,373,137,0,0,0,0,0,191,0,105,123,0,216,0,60,471,0,155,124,0,0,239,0,0,210,0,0,142,0,0,0,0,143,114,0,330,423,336,359,0,0,131,0,138,101,950,0,0,125,256,246,139,247,71,168,250,0,0,0,0,0,0,123,130,0,0,0,0,0,0,0,158,1202,68,0,154,205,100,175,117,0,370,0,0,134,0,222,0,0,0,175,116,242,191,0,85,0,57,0,0,204,0,0,0,137,0,0,0,96,173,0,166,0,235,0,0,0,79,0,0,0,0,2607,0,0,0,333,0,0,0,77,0,0,0,0,94,0,36,202,0,0,1473,0,0,64,0,0,0,251,952,0,0,0,0,0,0,0,107,0,446,0,226,0,0,0,96,0,0,0,3972,0,0,146,0,0,0,197,0,255,175,618,0,0,336,97,2127,160,0,0,0,0,0,0,0,665,0,104,63,0,0,138,0,98,0,271,0,0,0,0,0,217,0,0,0,189,0,0,0,885,0,237,242,711,356,0,0,332,91,0,113,150,0,0,0,247,0
"SBS_H7",179,0,0,228,0,302,0,0,0,0,0,0,377,0,0,0,0,0,205,0,0,0,758,0,440,227,0,0,0,0,0,0,166,0,0,0,503,135,0,0,176,0,0,414,0,313,0,0,0,0,0,0,138,0,0,0,0,0,0,201,0,0,0,0,245,150,0,0,0,0,124,0,232,0,0,130,111,0,638,0,0,0,0,0,0,0,0,333,0,0,0,0,231,299,0,0,0,0,394,0,0,538,0,0,0,0,327,0,0,378,0,0,0,0,0,892,0,0,495,0,0,157,0,0,0,0,0,163,231,0,0,0,0,0,0,0,0,329,0,0,407,0,0,0,224,0,0,0,0,746,0,226,238,0,0,223,779,0,146,0,0,0,0,0,272,0,0,0,0,328,0,418,0,0,229,0,265,0,0,407,0,0,0,0,0,0,0,16555,0,124,344,735,0,0,0,0,0,0,0,0,311,478,0,0,0,0,0,0,892,185,0,0,0,0,0,270,0,199,385,713,307,167,0,0,0,0,0,0,0,205,351,0,0,253,0,352,0,0,0,0,394,0,0,200,0,0,0,0,0,267,0,302,0,235,0,0,0,0,0,0,0,0,0,0,16764,316,0,0,0,0,441,0,382,470,0,0,0,284,0,245,0,0,741,0,0,0,0,0,117,0,325,173,0,0,143,0,0,0,0,0,151,281,0,0,369,0,1038,642,0,0,0,0,0,5085,0,0,0,0,0,0,211,0,296,0,0,0,0,455,0,597,0,0,0,0,0,57,0,0,0,0,232,0,245,0,0,0,0,0,230,0,0,0,0,158,0,0,0,0,0,0,0,0,333,0,0,0,224,0,0,0,0,0,0,0,0,0,0,0,0,0,0,0,0,0,0,736,0,0,215,99,0,251,0,899,0,0,428,0,229,0,0,0,115,0,0,0,526,565,0,0,0,0,0,0,0,0,0,735,0,0,0,608,0,0,0,0,143,0,0,230,0,0,0,0,0,0,232,503,0,0,405,698,0,0,224,0,0,660,198,212,0,0,536,0,576,156,0,189,0,0,0,0,336,0,0,0,198,0,391,0,0,0,250,0,0,0,0,0,0,177,0,0,0,0,0,0,0,0,442,0,424,0,565,0
"SBS_H8",0,0,4991,0,0,0,0,0,0,0,0,0,0,0,0,0,0,0,0,0,0,6519,0,0,0,0,0,0,0,0,0,0,0,0,0,0,0,0,0,0,0,0,0,9515,0,0,0,4133,0,0,0,0,0,0,0,0,4661,0,0,0,2150,0,0,0,0,0,0,0,0,0,0,0,7401,0,0,0,0,0,0,5870,0,0,0,0,0,0,0,0,0,0,2891,0,0,0,0,0,0,0,0,0,0,0,0,0,0,0,0,0,0,0,0,0,0,0,0,0,0,0,0,0,0,0,0,0,0,5722,0,0,0,0,0,0,0,0,0,0,0,0,0,0,0,0,8320,0,0,0,0,0,0,0,0,0,0,0,0,0,0,0,0,0,0,0,0,0,0,0,0,0,7376,0,0,0,5130,3833,0,0,0,2106,0,0,0,0,4232,0,0,4239,0,0,0,0,20990,0,0,0,0,0,0,0,0,0,0,0,0,0,0,0,0,0,0,0,0,0,0,8164,0,0,0,0,0,0,0,0,0,0,0,0,0,0,0,0,0,0,0,0,0,0,0,0,0,0,0,0,0,0,4911,0,19584,0,0,4045,0,0,0,0,0,0,0,0,0,0,0,4516,0,0,0,0,0,0,0,0,0,0,0,0,0,0,2415,0,0,0,0,0,0,0,0,0,0,0,0,0,0,0,5412,0,0,0,0,4362,0,0,0,0,0,0,0,0,0,0,0,0,0,0,0,0,0,6376,0,0,0,0,0,0,0,0,0,0,0,11958,0,0,0,0,0,0,0,0,0,0,0,0,0,7088,0,0,0,0,0,0,0,0,0,0,0,0,0,0,0,0,0,0,0,0,0,0,0,0,0,0,0,0,0,0,0,0,4582,0,0,0,0,0,0,5371,8624,0,0,0,0,0,0,0,0,0,0,0,0,8678,0,0,0,0,0,0,0,0,0,0,0,0,0,0,0,0,0,0,0,0,0,0,0,0,0,0,0,0,0,0,0,0,0,0,0,0,0,8480,0,0,0,7250,0,2713,0,0,0,0,0,0,0,4864,0,0,0,8741,0,0,0,0,0,0,0,0,0,0,11689,0,0,0,0,2298,0,7830,0,0,0,0,0,0,0,0,0,0,0,0,0,0,0,0,0,0,0,8274,0,0,0,0
"SBS_H9",0,413,388,397,0,466,0,419,0,0,0,0,0,0,0,0,2918,0,0,555,0,0,0,0,0,0,0,0,272,0,983,0,0,1342,564,0,0,247,0,0,0,0,0,0,418,3508,0,0,467,0,0,0,259,0,0,0,552,0,0,0,0,351,0,0,547,0,0,0,0,269,0,0,0,364,0,0,0,417,0,0,0,0,352,383,0,819,0,0,490,392,0,0,0,0,1085,478,0,284,264,503,0,0,0,0,450,0,1006,0,631,0,0,0,0,0,0,0,0,0,0,0,0,0,0,0,358,0,0,0,0,0,0,0,0,0,0,0,0,0,262,0,0,0,0,0,537,0,351,1457,263,0,1025,0,523,0,0,0,2888,560,0,0,0,0,1571,0,0,276,0,359,0,280,0,0,0,0,0,0,0,0,31,0,0,0,1,0,716,0,2659,1768,0,0,130,0,0,0,0,0,0,0,0,0,0,0,0,0,595,0,769,0,0,0,0,0,0,0,420,0,0,0,0,3515,354,0,435,0,0,0,450,605,0,687,2318,0,175,455,2385,0,678,681,739,0,0,0,1863,0,0,1347,1497,0,0,0,1056,0,275,0,776,0,334,465,0,0,1282,0,0,0,0,0,0,385,0,0,642,0,791,451,0,0,0,335,0,0,579,424,0,819,0,1042,0,0,0,0,0,421,0,0,0,0,0,0,0,351,0,0,0,902,372,946,535,0,441,0,0,0,274,1771,0,530,358,0,317,7984,0,0,0,0,0,444,0,0,0,0,848,562,0,355,0,175,0,561,363,931,196,0,0,265,1210,334,0,0,0,0,0,239,0,281,0,0,0,0,0,0,0,0,0,0,0,0,0,0,468,0,0,0,0,0,415,424,0,0,354,424,0,0,0,882,0,0,0,0,0,822,0,0,374,476,451,920,506,950,0,0,726,0,194,229,0,446,998,854,0,0,1217,300,0,0,0,274,775,0,390,0,0,0,451,0,0,0,239,2345,0,0,389,627,0,0,0,0,0,0,1225,0,0,394,556,599,0,0,0,770,0,531,367,0,854,0,0,495,0,536,0,0,3,263,0,344,993,0,0,0,0,0,601,0,347,461,0,0,1018,0,732,1198,0,0,873,772,0,0,0,350,0,2751,0,0,0,218
"SBS_H10",0,0,0,317,444,0,0,0,1064,404,0,0,0,370,518,1250,0,235,0,0,0,358,1179,0,1022,0,1842,0,638,604,0,2425,0,706,0,329,0,0,0,0,0,0,0,0,0,0,0,0,0,1055,0,0,0,1771,0,0,0,0,329,0,0,0,0,0,0,0,11,0,0,0,0,0,0,263,0,0,0,636,948,0,0,515,0,0,0,0,0,0,0,731,750,0,0,0,0,0,0,0,0,968,0,0,0,0,0,0,0,335,0,0,0,0,0,0,0,5161,502,0,0,0,0,0,0,4523,0,0,0,0,395,0,0,485,197,0,680,0,1378,0,0,0,0,0,0,1637,0,0,0,961,0,0,0,0,0,1029,0,0,0,0,0,0,0,0,0,0,0,312,697,0,0,0,0,0,318,0,1156,0,0,0,0,0,0,0,415,294,723,445,2252,2521,0,0,0,0,0,0,0,0,0,0,0,366,0,0,0,2491,363,3616,0,0,1565,0,0,0,0,0,1068,0,0,0,0,0,0,0,0,0,0,0,586,0,0,0,0,0,1097,0,653,0,0,2381,0,0,0,263,18723,0,0,0,0,0,0,0,0,0,0,0,0,0,0,0,0,0,0,0,665,0,0,0,3985,0,0,0,0,0,0,0,0,629,0,0,0,0,0,0,0,0,0,0,0,0,0,0,0,0,0,559,0,0,0,0,1415,0,0,0,0,646,0,0,0,0,0,0,428,0,13452,0,0,0,0,0,579,0,0,0,0,0,0,0,0,0,0,0,648,0,0,0,0,0,0,0,0,0,0,0,0,1082,1050,0,0,0,0,0,0,0,0,0,0,0,0,0,0,0,0,0,0,0,0,0,0,0,744,0,0,0,3870,0,1666,0,0,0,0,0,0,603,0,0,0,0,0,0,0,556,0,0,0,0,158,0,0,0,0,0,0,0,0,0,0,0,0,0,1025,0,0,0,0,61,0,0,1065,0,0,549,0,0,0,0,507,0,0,628,0,0,0,806,0,0,0,0,0,1042,0,0,0,0,0,0,0,491,963,0,0,0,0,0,0,0,0,0,0,0,0,840,41,453,0,0,0,0,0,0,0,180,0,0,0,397,0,0,0,0,0,0,0,684,0,0,0,0,0,0,0,473,795,0,0,0
"SBS_H11",0,0,0,0,0,962,0,0,0,0,0,0,1100,0,0,0,44188,0,0,0,244,0,0,0,0,0,0,188,0,498,0,0,0,433,529,0,0,0,0,533,0,0,0,0,0,0,0,0,0,0,260,0,0,0,0,0,0,0,0,0,0,444,499,483,0,0,0,0,0,0,0,0,0,0,0,0,0,0,649,0,0,0,0,0,0,0,0,0,0,0,0,0,0,0,0,480,0,0,0,0,0,0,423,0,0,0,0,0,0,0,0,0,0,0,1024,669,0,0,0,0,0,0,0,1046,0,460,0,0,0,0,0,0,0,0,0,0,0,0,0,739,830,0,0,0,0,0,0,0,0,0,0,0,0,0,998,0,0,0,0,0,0,0,0,0,0,615,583,0,0,0,692,0,0,0,719,0,0,0,23,0,0,0,0,0,0,0,0,0,0,0,18,0,0,0,0,0,0,296,0,0,926,0,0,0,0,0,0,312,0,0,0,0,0,0,0,0,0,0,0,0,0,0,0,0,475,581,0,484,0,553,0,0,0,706,0,0,514,0,0,0,0,0,0,0,0,0,0,0,0,0,528,0,0,0,1260,277,0,0,570,0,433,0,355,0,461,0,0,0,0,0,0,0,0,0,0,0,0,323,0,0,0,0,0,0,517,0,0,0,370,0,0,0,0,0,0,0,0,0,0,0,0,0,0,0,0,0,0,0,0,413,0,0,0,0,0,0,0,0,0,0,0,525,0,246,0,0,0,0,0,728,0,0,0,340,0,295,345,0,352,0,0,0,0,0,537,360,0,831,1243,0,0,0,0,0,0,406,0,0,1244,0,22,0,1087,529,0,0,0,0,453,0,0,0,0,0,0,0,33015,0,0,1421,0,0,0,374,0,0,0,0,0,0,0,0,0,0,0,0,0,0,0,193,0,0,0,0,1678,0,624,625,0,0,0,408,0,0,0,0,548,530,0,0,0,0,0,0,0,0,0,2286,0,0,0,0,0,0,0,0,0,0,0,0,0,923,0,0,0,626,0,0,0,0,0,0,539,0,0,0,581,0,0,455,18984,364,0,0,333,0,884,0,383,0,0,0,0,0,340,0,425,0,0,0,0,0,0,0,0,0,0,344,964,681,0,0,0,0
"SBS_H12",0,0,0,628,0,708,414,1086,1310,0,0,0,986,0,0,0,16169,0,0,435,0,0,0,0,0,1481,0,0,0,437,1069,0,550,0,589,0,0,0,1381,315,0,0,0,1893,0,0,0,0,0,954,772,0,0,0,0,0,682,0,0,329,684,575,0,0,0,434,455,381,0,0,0,302,0,0,0,0,0,520,0,1099,481,261,0,0,0,788,0,1460,1606,469,404,0,555,1061,0,0,263,0,677,486,287,0,0,0,467,0,335,0,0,0,0,880,0,0,1937,0,0,0,1135,0,749,0,0,0,348,1192,944,274,0,0,0,0,302,197,770,0,0,422,0,472,382,0,1254,848,0,505,0,0,283,911,0,0,402,818,250,465,0,0,0,0,446,0,0,0,1109,0,0,1033,0,0,0,0,0,0,0,437,261,0,0,0,0,0,1,0,0,0,0,0,0,0,0,466,673,454,946,599,1662,0,0,0,898,0,0,0,0,0,0,0,0,0,0,0,888,264,0,633,0,0,2854,0,297,0,0,193,0,225,0,541,0,343,0,320,438,0,0,0,346,719,0,0,758,196,0,0,1488,0,0,283,0,0,375,0,0,0,1483,1302,239,907,0,0,501,0,564,0,0,0,0,0,0,921,0,431,0,0,0,0,0,0,0,711,0,0,0,584,367,406,0,0,0,1230,835,0,0,0,538,0,0,0,3445,0,0,230,0,0,3220,0,0,712,0,0,0,0,0,0,481,0,463,575,912,809,1089,0,447,387,0,0,0,0,997,622,1852,0,0,0,0,77,0,0,1042,0,0,1140,0,559,641,0,354,0,0,894,0,0,1391,0,0,195,0,0,1085,691,0,0,1294,785,273,0,726,1839,411,0,265,301,448,381,0,0,0,0,0,830,498,0,0,677,0,1130,0,0,354,1792,0,0,0,0,0,2649,989,0,0,0,561,364,0,307,0,594,618,609,0,0,358,0,0,0,0,620,934,1389,299,1250,1427,0,0,0,0,594,579,0,0,0,0,1040,246,1433,466,147,0,2345,0,0,436,590,0,0,385,0,0,551,332,0,0,3784,562,478,431,0,412,0,0,0,1,1014,0,563,835,446,827,0,0,405,279,25,368,1459,0,0,0,0,0,0,0,0,0,354,0,1396,602,0,0,0,1590,0,353,410
"SBS_H13",475,0,592,424,258,0,564,745,0,0,0,19,0,0,0,885,0,0,1252,0,0,0,0,0,0,1102,632,0,0,0,1312,0,1034,2241,668,0,992,406,0,0,1047,0,0,852,0,0,0,966,0,0,0,0,915,579,273,0,748,0,0,539,0,0,769,909,0,549,230,0,0,0,284,603,636,154,0,475,514,0,518,0,0,216,0,299,0,0,1039,0,390,0,272,0,1230,781,1060,0,365,383,817,360,449,988,0,0,0,848,927,377,727,690,0,0,0,304,0,0,318,67,4973,56,0,1138,924,1348,584,0,0,762,0,0,450,0,0,758,0,1753,0,938,307,0,0,412,0,238,423,463,636,309,441,353,350,0,989,0,490,734,835,0,602,0,387,530,368,457,501,0,0,1905,2264,550,439,2632,0,0,0,1269,516,253,0,1378,0,0,660,0,757,949,0,1286,239,677,0,998,931,793,1265,198,1207,403,234,0,0,886,601,0,0,669,707,332,532,1348,1054,615,305,1054,0,657,241,630,502,1263,1266,550,1176,456,790,0,0,0,0,0,4659,572,0,519,1244,795,358,0,584,0,857,465,1094,836,0,589,441,369,0,0,495,348,0,1153,0,0,573,1234,517,314,594,1039,0,0,758,606,0,400,612,1045,493,690,1112,1093,212,1298,291,694,533,558,175,0,1109,0,649,748,620,1403,381,824,591,390,0,0,755,1102,0,274,0,509,1464,1089,579,190,622,0,542,710,0,0,770,394,803,764,0,0,471,285,1015,2345,532,0,268,0,244,0,29,660,573,0,0,1107,841,0,495,145,0,829,0,79,487,1555,2103,205,0,0,397,0,0,652,701,873,0,0,0,0,233,0,0,403,0,0,0,0,2074,709,661,0,0,755,220,1052,0,909,824,497,0,617,490,0,0,695,0,0,0,702,866,886,1376,1016,211,496,1113,413,0,0,671,394,724,0,0,226,480,0,0,961,779,493,0,0,0,0,0,625,0,484,0,711,372,0,0,1881,295,425,474,604,355,0,0,0,0,0,1086,0,645,84,416,1220,580,0,342,0,270,586,634,0,0,1606,1063,529,289,889,717,301,535,946,0,0,358,0,4681,0,726,2158,0,0,0,276,0,729,304,32,1040,300,265,279,0,0,1306,551,0,0,0,0,0,332,0,0,0,0,0,0,1420,0
"SBS_H14",862,682,0,1207,404,2382,1299,0,9018,1042,4866,0,0,2605,395,2082,2687,214,3372,1077,1774,881,490,684,1489,1310,1893,0,762,0,0,0,2422,382,1057,559,892,0,937,2564,251,0,0,0,0,0,670,661,2251,0,0,797,0,249,0,3094,385,545,697,0,0,552,1575,0,1293,754,1040,1236,256,0,467,0,0,0,1354,1141,0,658,0,0,317,962,1261,0,0,0,1122,752,590,2036,0,0,0,1753,0,1102,0,299,936,0,0,2114,2001,1034,2084,821,984,0,582,0,765,2594,0,1312,5995,0,0,79,0,33,0,1154,1025,0,0,1388,3342,482,0,1527,458,752,553,0,1377,0,914,1220,979,0,603,531,0,440,382,3762,0,1561,0,1134,1744,0,0,1387,379,394,1949,1350,1661,0,1734,0,234,0,760,842,3972,1264,0,831,2174,2196,0,0,0,2777,0,0,0,717,2979,0,0,1694,0,0,0,0,1630,862,0,1303,1620,931,697,740,2395,532,711,1452,1040,397,0,2236,0,771,1004,594,0,305,0,1137,1388,0,594,2511,941,0,1600,1853,774,512,0,0,1591,0,642,1097,0,482,0,979,674,1965,1153,1962,563,1691,472,1131,782,450,3224,1011,0,826,0,0,659,0,1092,0,1160,1359,1117,5129,630,1188,3226,847,451,0,2203,0,0,1603,1365,751,661,661,3098,0,236,450,0,1304,0,0,0,1173,0,420,2813,0,0,0,0,0,1542,0,840,0,0,1863,1474,694,11791,0,2456,0,0,857,939,0,0,0,238,1400,4704,310,1902,180,0,573,1460,0,402,914,2339,979,962,0,736,1194,0,413,0,0,0,137,1957,0,0,1331,1557,1277,326,521,0,0,215,0,773,0,2720,493,572,3127,0,703,1585,991,1629,400,3891,213,438,664,1019,0,0,33,770,1492,0,932,5018,1652,1325,0,0,1160,1863,0,0,0,0,429,0,1216,1391,0,0,435,982,1122,651,769,0,0,949,906,0,343,799,865,1677,0,1510,1984,0,0,177,207,3253,1755,614,3168,316,0,1368,0,0,301,1129,198,595,4477,0,971,1091,0,871,0,1818,412,208,1190,0,0,5729,1509,283,4714,0,0,633,0,702,0,1055,4028,0,608,1427,420,0,0,1168,514,474,0,1218,705,979,0,583,0,0,118,1508,278,0,0,972,0,467,0,664,0,888,0,1328,0,546,662,0,321,0,572,1141,2575,878,0,1563,331,1697,0,1135,0,967,4163,1689,0
"SBS_H15",0,0,257,0,293,0,0,0,0,0,0,0,0,0,0,0,0,0,0,0,0,0,3052,0,0,0,0,0,0,0,685,0,0,0,0,0,0,240,0,0,190,322,0,0,0,0,0,0,240,0,0,0,0,0,0,0,420,0,0,0,0,0,0,0,0,0,0,0,0,0,0,0,0,0,0,0,113,0,0,0,0,0,0,203,0,347,0,0,364,0,0,383,0,0,0,0,0,0,0,0,276,0,0,0,0,0,0,0,153,0,0,0,0,0,0,0,0,0,366,0,305,0,0,0,0,0,715,0,0,0,0,0,0,0,0,279,0,0,0,0,0,0,300,0,0,0,0,0,0,0,0,0,0,0,0,0,0,0,0,0,0,0,138,0,0,0,0,0,0,0,0,0,0,0,0,0,206,0,0,0,0,0,0,0,1528,354,0,0,0,0,2,0,3825,0,0,0,0,0,0,0,0,7047,0,0,612,0,187,0,0,402,0,0,0,1399,0,0,0,1972,0,0,314,0,0,0,0,0,0,0,0,0,0,0,0,0,0,0,0,0,0,0,0,0,0,0,0,0,0,0,0,0,0,0,0,0,0,0,0,0,0,0,0,0,0,0,607,219,0,0,0,635,0,0,164,0,0,0,0,0,0,0,0,0,0,0,0,0,0,0,0,0,0,0,0,0,0,0,0,256,0,0,0,0,0,0,0,407,0,0,0,0,0,273,0,0,0,0,0,0,296,0,0,0,0,0,0,0,0,0,0,0,0,0,1075,0,0,24,0,0,0,0,222,0,0,251,0,0,319,0,0,0,0,0,600,0,0,0,0,0,0,0,0,26,0,0,0,0,0,0,0,0,0,0,0,0,0,0,0,0,187,0,0,0,769,0,0,0,0,0,174,0,0,0,146,0,0,0,239,0,0,0,0,0,0,0,0,0,0,0,0,0,0,0,0,121,0,0,0,0,0,0,0,0,206,0,0,0,0,369,40,275,0,0,0,0,132,0,0,0,193,0,0,0,0,0,0,0,0,0,0,0,0,0,0,0,0,0,0,0,0,0,7,0,396,311,0,0,0,0,0,0,0,0,0,0,0,0,0,0,0,0,758,0,0,0,0,0,0,0,0,0,0,0,0,0
"SBS_H16",0,5807,3381,3059,3934,1636,1604,4123,10357,7184,6512,0,5724,4925,4813,0,0,7914,0,7272,5363,7737,4413,3488,5715,0,5352,3923,3217,5135,5290,5819,0,0,1795,2515,3509,0,5966,6538,0,8980,281,0,2304,4247,5606,0,6205,4522,3095,4062,2522,2116,2279,5637,0,4301,4080,0,3780,1564,0,1605,6534,1868,5337,4533,4898,4192,714,2145,0,3748,5655,1605,1950,2494,3810,6501,5622,2669,3475,6475,6200,3954,0,6110,1294,6141,5734,3879,0,0,5207,2454,4034,2095,0,2788,1431,0,6518,6385,5220,4961,1502,4174,2665,3332,4854,5734,351,5597,0,8348,3887,0,7683,0,5667,0,3039,0,2298,7498,7794,1636,4181,4967,3206,5201,4440,3183,4454,0,3115,0,2424,2899,1756,2601,6169,4808,1517,3966,3065,5479,2941,3646,5810,9647,4467,8542,1367,1667,0,5929,0,6399,4054,3471,3152,3172,1670,4350,3269,0,9176,3081,0,2004,4432,3897,0,0,2224,3134,0,0,3644,543,0,9824,3332,0,7811,0,0,3701,5643,0,0,3151,0,2797,1567,1717,4466,4817,2946,0,2579,1404,5234,0,0,2612,6089,0,4014,1818,5644,3027,5654,0,1051,1761,2890,0,0,1116,2895,3931,0,2913,6336,7329,609,2897,0,2309,8144,0,0,0,2204,7089,2495,8786,0,2504,0,0,3791,4246,0,4213,7427,5392,0,4946,4142,3247,0,0,2409,1311,0,3179,0,4151,7183,0,4192,0,7496,3301,4066,4556,0,7777,1928,0,1908,5689,4992,5807,4600,3207,3116,5271,2023,6052,1589,0,4021,2271,0,3897,2656,3263,4979,4876,0,0,5446,3825,5265,2076,2358,0,1923,4023,2409,5319,834,2390,4684,4585,0,0,3006,0,5285,7254,3116,1810,0,16484,2883,4531,2638,2929,2615,5440,0,0,2065,0,3866,3374,2518,3384,3065,3500,3307,3555,8169,7538,1737,0,0,5019,5755,5356,2274,0,0,2388,3059,2778,4807,4283,7395,0,1344,3304,0,2607,0,0,1798,4054,0,1616,0,6582,7245,2885,4558,0,5069,2113,2418,2632,11501,2924,5083,0,6844,5305,6868,4254,5761,0,3894,1912,0,1737,4030,0,1779,2253,3778,6733,0,5044,1869,5190,2081,2316,850,5153,0,4136,0,0,4943,130,5253,3709,0,2076,4758,3184,5696,0,5254,6442,5454,0,4550,3971,2586,3615,1969,0,274,6418,3946,7611,0,3677,5255,367,0,0,0,6000,3043,0,2534,0,0,3659,3404,0,0,3878,1943,0,0,5775,3106,1917,2598,3831,7930,5169,9,4218,0,0,2572,5210,0,2562,2909,0,3739,0,0,2031,1155,3807,1123,2984,3289,2098,2751,7948,4947,5038,7513,5149,5952,5534,2932,10814,5168,8139,0,4768
"SBS_H17",737,447,1299,0,0,681,1111,579,776,0,0,0,0,0,1620,870,0,748,436,554,1013,666,1666,382,1554,0,905,245,0,467,0,402,530,1057,407,271,2074,0,510,544,679,0,61,647,0,0,575,1338,629,732,478,0,0,397,235,1125,0,0,0,512,0,0,609,603,0,0,0,885,259,0,646,870,744,0,306,0,0,0,1885,255,587,362,1440,0,526,1102,747,711,0,0,479,985,992,492,2206,785,0,0,0,0,320,854,946,202,0,0,1189,1329,518,320,0,475,0,0,936,479,278,228,592,0,0,742,0,787,281,608,2286,664,0,0,0,406,485,0,395,992,245,0,0,960,471,0,807,0,0,1148,0,0,498,0,0,0,761,610,360,1507,568,0,616,0,1137,716,0,1603,376,440,993,448,1932,0,1897,1087,296,0,693,3963,533,0,0,0,0,0,554,1044,0,3018,1744,3699,289,0,1164,1590,484,1821,0,0,1029,0,0,0,0,0,0,332,256,0,800,0,987,460,402,581,0,352,846,0,0,0,744,2604,325,0,0,0,434,0,1117,0,0,2091,1263,480,258,0,0,0,439,591,346,0,570,0,1517,858,1552,450,2570,0,619,0,898,0,0,596,1072,0,0,0,699,1681,936,2088,0,0,0,318,1001,0,446,484,584,519,0,441,0,1004,0,372,0,558,418,0,0,0,248,901,1429,984,783,485,507,720,0,576,527,842,0,392,411,1232,0,239,0,0,0,588,0,0,0,0,459,250,0,1008,0,471,0,1550,0,2977,0,0,611,233,313,1220,0,1100,572,0,2978,1713,0,0,420,257,401,686,703,1878,0,545,277,0,0,0,516,733,495,646,1186,441,721,0,1848,227,131,762,0,2211,0,0,0,0,1344,507,0,0,874,1713,0,771,821,0,1372,305,0,423,549,0,1180,0,432,1092,4782,0,0,963,585,0,0,238,0,315,760,0,0,0,351,736,1731,0,0,0,0,0,2286,822,465,31,0,0,0,697,579,0,918,0,0,1539,427,2606,225,0,544,0,0,4801,0,0,790,0,1174,408,601,0,378,2249,470,0,0,0,276,3679,687,0,0,671,560,529,0,658,604,0,812,254,440,1176,2008,569,2,305,1658,0,387,1276,0,0,799,777,0,0,957,899,1042,0,1553,0,448,909,914,1094,469,0,1336,693,1299,437,1298,0,321,0,793,0
