Type,Subtype,Indel_size,Repeat_MH_size,hdp.1,hdp.2,hdp.3,potential hdp.1,potential hdp.2
DEL,C,1,0,0.00234413097028206,0.0285497066733237,0.0528346110649934,0.0712091912182914,0.0904441708495123
DEL,C,1,1,0.0016659793685115,0.0154322738774723,0.0400898481371161,0.00978273233989307,0.0641159200681883
DEL,C,1,2,0.00189725650437545,0.0103600485662737,0.030860881878998,0.00420884996018655,0.0364302175079711
DEL,C,1,3,0.00509593689191753,0.00727359379077922,0.0162117290883344,0.00193379592765328,0.0177731477096947
DEL,C,1,4,0.0135332404043508,0.00442543147956926,0.00532252551394111,0.00352633375042657,0.00969157432837706
DEL,C,1,5+,0.0339256118652227,0.00418713901528476,0.00185555935348406,0.00352633375042657,0.00501941471730278
DEL,T,1,0,0.00157738846562124,0.0158975115458373,0.0512232042580204,0.0037538391536799,0.0487104208100515
DEL,T,1,1,0.0020846301839398,0.0111203149999433,0.039845695590605,0.000568763508133318,0.0352621776052025
DEL,T,1,2,0.00356166789230482,0.0163627492142022,0.0435568142975731,0.00455010806506655,0.0283802127726742
DEL,T,1,3,0.0139142596858081,0.0147627855254349,0.0404316617022316,0.012171539074053,0.0340310004103924
DEL,T,1,4,0.0398416026015934,0.0172478355101161,0.0194345427022804,0.0112615174610397,0.0226347191968936
DEL,T,1,5+,0.61477304265064,0.113586074642278,0.0100590849162557,0.257308611079513,0.0359882564636803
INS,C,1,0,0.00212774964994834,0.00644524379588548,0.00239269495580839,0.0320782618587191,0.00741863181488146
INS,C,1,1,0.000253228864013748,0.00094182259693397,0.00400410176278139,0.000227505403253327,0.00217823657543328
INS,C,1,2,0.000303404242641859,0.00169074177039954,0.00117193222325309,0.000568763508133318,0.00325157054013953
INS,C,1,3,0.000821621825035319,0.000839697255097757,0.00292983055813272,0.00204754862927995,0.00173627553114247
INS,C,1,4,0.00246251350423276,0.00186095067345989,4.8830509302212e-05,0.00295757024229325,0.00142058907093475
INS,C,1,5+,0.0118272775309951,0.0195513293315329,0.000878949167439816,0.0149016039130929,0.0119645168418727
INS,T,1,0,0.000863173310461723,0.00680835612241424,0.00532252551394111,0.00420884996018655,0.00798686744325536
INS,T,1,1,0.00104427506769756,0.010053672540765,0.0193857121929782,0.00546012967807986,0.0283170754806326
INS,T,1,2,0.00701357714386065,0.00627503489282513,0.0125982713999707,0.00511887157319986,0.0143321652934306
INS,T,1,3,0.00393327929026927,0.0065473691377217,0.0118169832511353,0.0037538391536799,0.00883922088581621
INS,T,1,4,0.00413398080478171,0.014342936897886,0.00253918648371503,0.0075076783073598,0.014553145815576
INS,T,1,5+,0.150539463719281,0.503897783880082,0.00556667806045217,0.317028779433512,0.233513274615652
DEL,repeats,2,0,0.0011728494754321,0.00608213146935672,0.00297866106743493,0.0123990444773063,0.0106070650629794
DEL,repeats,2,1,0.00395366303783694,0.00886221021934254,0.0145514917720592,0.0186554430667728,0.0180256968778609
DEL,repeats,2,2,0.00237549058192463,0.00250774450508925,0.00459006787440793,0.00113752701626664,0.00786059285917227
DEL,repeats,2,3,0.0114909456961285,0.00173613081121563,0.000195322037208848,0.00284381754066659,0.00110490261072703
DEL,repeats,2,4,0.00968384807522544,0.000329070545916688,0.000927779676742028,0.000113752701626664,0.00044196104429081
DEL,repeats,2,5+,0.014084385578969,0.000646793831629353,0.00107427120464866,0.0012512797178933,0.000220980522145405
DEL,repeats,3,0,0.000198349543639252,0.00348360888263529,0.00605498315347429,0.00284381754066659,0.00274647220380718
DEL,repeats,3,1,0.00427117910571796,0.00755727529587981,0.0136725426046194,0.0219542714139461,0.020645894497585
DEL,repeats,3,2,0.00161423600930126,0.00255313354590534,0.00468772889301236,0.00807644181549312,0.0028411781418695
DEL,repeats,3,3,0.00122302485406021,0.000442543147956926,9.7661018604424e-05,0.00113752701626664,0.000631372920415443
DEL,repeats,3,4,0.000436682592122779,6.80835612241424e-05,4.8830509302212e-05,0.000113752701626664,9.47059380623165e-05
DEL,repeats,3,5+,0.000629544203724581,0.000170208903060356,0.000292983055813272,0.00102377431463997,6.31372920415443e-05
DEL,repeats,4,0,0.000171693873743068,0.00298432943365824,0.00644562722789199,0.00295757024229325,0.00495627742526123
DEL,repeats,4,1,0.001720858688886,0.00738706639281945,0.00317398310464378,0.00716642020247981,0.0104807904788964
DEL,repeats,4,2,0.00089766888326855,0.00219002121937658,0.000439474583719908,0.00307132294391992,0.00211509928339174
DEL,repeats,4,3,0.000441386533869165,0.000578710270405211,0.000341813565115484,0.000682516209759982,0.000757647504498532
DEL,repeats,4,4,0.000283020495074189,0.000124819862244261,0,0.000455010806506655,9.47059380623165e-05
DEL,repeats,4,5+,0.000329275922246979,0.000260986984692546,0.000683627130230968,0.00136503241951996,6.31372920415443e-05
DEL,repeats,5+,0,0.000329275922246979,0.00980403281627651,0.0939498998974559,0.00580138778295985,0.0223821700287275
DEL,repeats,5+,1,0.000540169310543258,0.00232618834182487,0.00214854240929733,0.0100102377431464,0.00495627742526123
DEL,repeats,5+,2,0.000348875679523585,0.00027233424489657,0,0.000113752701626664,0.000189411876124633
DEL,repeats,5+,3,0.000154446087339654,6.80835612241424e-05,0,0.000455010806506655,3.15686460207722e-05
DEL,repeats,5+,4,9.79987863830294e-05,5.67363010201187e-05,0,0,3.15686460207722e-05
DEL,repeats,5+,5+,4.07674951353402e-05,0,0.000390644074417696,0.000113752701626664,6.31372920415443e-05
INS,repeats,2,0,0.000647575980419059,0.00239427190304901,0.00048830509302212,0.00352633375042657,0.00454588502699119
INS,repeats,2,1,0.000269692660126097,0.00365381778569564,0.00356462717906148,0.000796268911386645,0.00340941377024339
INS,repeats,2,2,0.000185805698982224,0.00175882533162368,0.00459006787440793,0.00432260266181322,0.00157843230103861
INS,repeats,2,3,0.000871013213372366,0.000794308214281662,0.000878949167439816,0.00352633375042657,0.000631372920415443
INS,repeats,2,4,0.0031696727467727,0.00171343629080758,0.00073245763953318,0.0025025594357866,0.00072607885847776
INS,repeats,2,5+,0.00942434728888317,0.0114266910254519,0.00107427120464866,0.00307132294391992,0.00274647220380718
INS,repeats,3,0,3.29275922246979e-05,0.000760266433669591,0.00166023731627521,0.00136503241951996,0.000347255106228494
INS,repeats,3,1,5.72312912476892e-05,0.00264391162753753,0.00131842375115972,0.00443635536343988,0.00233607980553714
INS,repeats,3,2,5.17433592102395e-05,0.000612752051017282,0.00141608476976415,0.000910021613013309,0.000347255106228494
INS,repeats,3,3,6.11512427030104e-05,5.67363010201187e-05,4.8830509302212e-05,0,9.47059380623165e-05
INS,repeats,3,4,7.91830193974878e-05,1.13472602040237e-05,0,0,0
INS,repeats,3,5+,0.000793398174557006,0.00129358766325871,0.00024415254651106,0.00784893641223979,0.000947059380623165
INS,repeats,4,0,0.000108190660166865,0.00036311232652876,0.000537135602324332,0.000682516209759982,0.00132588313287243
INS,repeats,4,1,3.13596116425694e-05,0.00337013628059505,0.00273450852092387,0.00227505403253327,0.0044196104429081
INS,repeats,4,2,4.54714368817257e-05,0.000124819862244261,0.000341813565115484,0.000455010806506655,0.000189411876124633
INS,repeats,4,3,0.000145038203846884,5.67363010201187e-05,0.00048830509302212,0.000113752701626664,0
INS,repeats,4,4,9.17268640545156e-05,0.000533321229589116,4.8830509302212e-05,0.000341258104879991,6.31372920415443e-05
INS,repeats,4,5+,0.000161501999959233,0.00165669998978747,0.000585966111626544,0.00227505403253327,0.000820784796540076
INS,repeats,5+,0,7.05591261957812e-05,0.000873739035709828,0.00170906782557742,0.00284381754066659,0.00217823657543328
INS,repeats,5+,1,2.43036990229913e-05,0.00964517117342018,0.0157722545046145,0.00511887157319986,0.00776588692110995
INS,repeats,5+,2,7.05591261957812e-06,0.000204250683672427,0.000683627130230968,0.00136503241951996,0.000220980522145405
INS,repeats,5+,3,2.74396601872482e-05,0.000113472602040237,0.000341813565115484,0.000227505403253327,0.000378823752249266
INS,repeats,5+,4,2.58716796051198e-05,5.67363010201187e-05,9.7661018604424e-05,0,0.000189411876124633
INS,repeats,5+,5+,2.90076407693767e-05,0.000374459586732783,0.00024415254651106,0.000227505403253327,0.00107333396470625
DEL,MH,2,1,0.00292820373712492,0.0111657040407594,0.00966844084183798,0.013195313388693,0.0193515800107333
DEL,MH,3,1,0.000159934019377104,0.00225810478060072,0.00468772889301236,0.00113752701626664,0.00252549168166177
DEL,MH,3,2,0.00187765674709884,0.00619560407139696,0.00781288148835392,0.0134228187919463,0.004987846071282
DEL,MH,4,1,0.000298700300895474,0.00237157738264096,0.00463889838371014,0.00113752701626664,0.00584019951384285
DEL,MH,4,2,0.00064052006779948,0.00335878902039103,0.00312515259534157,0.00159253782277329,0.00798686744325536
DEL,MH,4,3,0.000795750145430199,0.00461833490303766,0.0061038136627765,0.00978273233989307,0.00991255485052246
DEL,MH,5+,1,0.00013876628151837,0.00908915542342302,0.105718052639289,0.00455010806506655,0.0169523629131547
DEL,MH,5+,2,0.000159934019377104,0.00537860133670725,0.0970262219834953,0.00420884996018655,0.00943902516021088
DEL,MH,5+,3,0.000211677378587344,0.0031545383367186,0.0774451877533083,0.00671140939597315,0.00602961138996748
DEL,MH,5+,4,0.000122302485406021,0.00359708148467553,0.0318863225743445,0.00489136616994654,0.00243078574359946
DEL,MH,5+,5+,0.000227357184408628,0.00536725407650323,0.0351579666975927,0.00773518371061313,0.00280960949584872
