chromosome	start	end	copyNumber	bafCount	observedBAF	baf	segmentStartSupport	segmentEndSupport	method	depthWindowCount	gcContent	minStart	maxStart	minorAllelePloidy	majorAllelePloidy
chr1	1	8418000	1.9537	1284	0.5406	0.5247	TELOMERE	NONE	BAF_WEIGHTED	5576	0.5086	1	1	0.9286	1.0252
chr1	8418001	8502000	1.0166	0	0.0000	0.9785	NONE	NONE	BAF_WEIGHTED	76	0.4565	8418001	8422001	0.0219	0.9947
chr1	8502001	29517000	1.9214	2596	0.5387	0.5177	NONE	NONE	BAF_WEIGHTED	18118	0.4774	8502001	8502001	0.9268	0.9947
chr1	29517001	29617000	1.0062	0	0.0000	0.9885	NONE	NONE	BAF_WEIGHTED	94	0.5005	29517001	29517001	0.0115	0.9947
chr1	29617001	51262000	1.9755	1785	0.5376	0.5136	NONE	NONE	BAF_WEIGHTED	19872	0.4514	29617001	29617001	0.9609	1.0146
chr1	51262001	51352000	1.0163	0	0.0000	0.9455	NONE	NONE	BAF_WEIGHTED	84	0.3629	51262001	51262001	0.0554	0.9609
chr1	51352001	51443000	0.0342	0	0.0000	1.0000	NONE	NONE	BAF_WEIGHTED	76	0.4015	51352001	51357001	0.0000	0.0342
chr1	51443001	59999000	2.0077	1179	0.5357	0.5119	NONE	NONE	BAF_WEIGHTED	8110	0.4276	51443001	51444001	0.9798	1.0278
chr1	59999001	60187000	1.0378	0	0.0000	0.9886	NONE	NONE	BAF_WEIGHTED	157	0.4085	59999001	60005001	0.0118	1.0259
chr1	60187001	87348000	2.0166	4549	0.5367	0.5087	NONE	NONE	BAF_WEIGHTED	25144	0.3774	60187001	60187001	0.9907	1.0259
chr1	87348001	87578000	1.0261	1	0.7949	0.9044	NONE	NONE	BAF_WEIGHTED	218	0.3668	87348001	87348001	0.0981	0.9280
chr1	87578001	97571000	2.0186	955	0.5373	0.5075	NONE	NONE	BAF_WEIGHTED	9334	0.3923	87578001	87578001	0.9941	1.0245
chr1	97571001	97790000	1.0378	14	0.8583	0.9917	NONE	NONE	BAF_WEIGHTED	203	0.3576	97571001	97571001	0.0086	1.0293
chr1	97790001	123035433	2.0193	3268	0.5363	0.5099	NONE	CENTROMERE	BAF_WEIGHTED	20660	0.3899	97790001	97790001	0.9897	1.0296
chr1	123035434	174356000	2.0040	3735	0.5363	0.5118	CENTROMERE	NONE	BAF_WEIGHTED	23623	0.4187	123035434	123035434	0.9783	1.0256
chr1	174356001	174599000	1.1955	0	0.0000	0.8529	NONE	NONE	BAF_WEIGHTED	211	0.3617	174356001	174356001	0.1758	1.0196
chr1	174599001	245903000	2.0074	9765	0.5367	0.5079	NONE	NONE	BAF_WEIGHTED	65594	0.4031	174599001	174604001	0.9878	1.0196
chr1	245903001	246195000	1.0432	10	0.8625	0.9951	NONE	NONE	BAF_WEIGHTED	269	0.4199	245903001	245903001	0.0052	1.0380
chr1	246195001	249250621	1.9741	231	0.5396	0.5104	NONE	TELOMERE	BAF_WEIGHTED	2307	0.4052	246195001	246195001	0.9665	1.0076
chr2	1	3383000	1.9916	528	0.5409	0.5021	TELOMERE	NONE	BAF_WEIGHTED	2869	0.4524	1	1	0.9915	1.0000
chr2	3383001	3486000	1.2767	25	0.7083	0.7705	NONE	NONE	BAF_WEIGHTED	99	0.4691	3383001	3383001	0.2931	0.9837
chr2	3486001	24049000	2.0230	3115	0.5371	0.5103	NONE	NONE	BAF_WEIGHTED	19137	0.4135	3486001	3486001	0.9907	1.0324
chr2	24049001	24251000	0.9348	0	0.0000	1.0000	NONE	NONE	BAF_WEIGHTED	188	0.4229	24049001	24049001	0.0000	0.9348
chr2	24251001	33285000	1.9764	1024	0.5386	0.5192	NONE	NONE	BAF_WEIGHTED	8564	0.4339	24251001	24251001	0.9502	1.0262
chr2	33285001	33631000	1.0190	32	0.8466	0.9762	NONE	NONE	BAF_WEIGHTED	327	0.3985	33285001	33285001	0.0242	0.9948
chr2	33631001	54339000	2.0019	4780	0.5364	0.5072	NONE	NONE	BAF_WEIGHTED	19544	0.3945	33631001	33631001	0.9865	1.0154
chr2	54339001	54438000	1.0088	35	0.8621	0.9988	NONE	NONE	BAF_WEIGHTED	96	0.3924	54339001	54339001	0.0012	1.0076
chr2	54438001	57881000	2.0005	966	0.5372	0.5060	NONE	NONE	BAF_WEIGHTED	3185	0.3828	54438001	54438001	0.9883	1.0122
chr2	57881001	58116000	1.0396	55	0.8355	0.9605	NONE	NONE	BAF_WEIGHTED	231	0.3562	57881001	57881001	0.0411	0.9985
chr2	58116001	62339000	1.9758	546	0.5355	0.5126	NONE	NONE	BAF_WEIGHTED	4016	0.3951	58116001	58116001	0.9629	1.0128
chr2	62339001	62391000	1.0012	0	0.0000	0.9618	NONE	NONE	BAF_WEIGHTED	50	0.4212	62339001	62339001	0.0383	0.9629
chr2	62391001	63893000	2.0118	104	0.5393	0.5029	NONE	NONE	BAF_WEIGHTED	1382	0.3922	62391001	62391001	1.0001	1.0117
chr2	63893001	63909000	1.0661	0	0.0000	0.9381	NONE	NONE	BAF_WEIGHTED	16	0.4154	63893001	63893001	0.0660	1.0001
chr2	63909001	64051000	0.2500	24	0.7021	0.9948	NONE	NONE	BAF_WEIGHTED	128	0.3780	63909001	63909001	0.0013	0.2487
chr2	64051001	93826170	2.0049	3355	0.5369	0.5068	NONE	CENTROMERE	BAF_WEIGHTED	22379	0.4009	64051001	64051001	0.9889	1.0160
chr2	93826171	136234000	2.0100	4867	0.5371	0.5052	CENTROMERE	NONE	BAF_WEIGHTED	33429	0.4161	93826171	93826171	0.9946	1.0153
chr2	136234001	136335000	0.9673	0	0.0000	1.0000	NONE	NONE	BAF_WEIGHTED	94	0.3832	136234001	136234001	0.0000	0.9673
chr2	136335001	139136000	2.0125	117	0.5385	0.5169	NONE	NONE	BAF_WEIGHTED	2390	0.3903	136335001	136335001	0.9723	1.0402
chr2	139136001	139237000	1.0760	0	0.0000	0.8775	NONE	NONE	BAF_WEIGHTED	99	0.3700	139136001	139136001	0.1318	0.9442
chr2	139237001	141270000	1.9652	408	0.5443	0.5196	NONE	NONE	BAF_WEIGHTED	1949	0.3606	139237001	139237001	0.9442	1.0211
chr2	141270001	142239000	0.5079	257	0.7627	1.0000	NONE	NONE	BAF_WEIGHTED	935	0.3471	141270001	141270001	0.0000	0.5079
chr2	142239001	142803000	1.5617	178	0.6081	0.6345	NONE	NONE	BAF_WEIGHTED	551	0.3495	142239001	142239001	0.5708	0.9910
chr2	142803001	145726000	2.0254	345	0.5386	0.5074	NONE	NONE	BAF_WEIGHTED	2797	0.3656	142803001	142803001	0.9978	1.0276
chr2	145726001	145811000	1.4571	0	0.0000	0.6840	NONE	NONE	BAF_WEIGHTED	85	0.3696	145726001	145726001	0.4604	0.9967
chr2	145811001	178428000	2.0209	4186	0.5365	0.5068	NONE	NONE	BAF_WEIGHTED	30516	0.3797	145811001	145811001	0.9967	1.0242
chr2	178428001	178517000	3.0742	0	0.0000	0.6668	NONE	NONE	BAF_WEIGHTED	85	0.4095	178428001	178428001	1.0242	2.0500
chr2	178517001	186885000	2.0356	941	0.5392	0.5092	NONE	NONE	BAF_WEIGHTED	7772	0.3630	178517001	178517001	0.9990	1.0366
chr2	186885001	187478000	1.0206	6	0.8453	0.9760	NONE	NONE	BAF_WEIGHTED	505	0.3610	186885001	186885001	0.0245	0.9961
chr2	187478001	197569000	2.0270	1230	0.5359	0.5109	NONE	NONE	BAF_WEIGHTED	9460	0.3623	187478001	187478001	0.9914	1.0356
chr2	197569001	197888000	2.9834	1	0.6647	0.6857	NONE	NONE	BAF_WEIGHTED	288	0.3777	197569001	197575001	0.9376	2.0458
chr2	197888001	205793000	1.9917	789	0.5365	0.5159	NONE	NONE	BAF_WEIGHTED	7460	0.3958	197888001	197888001	0.9642	1.0275
chr2	205793001	205878000	0.9801	7	0.8727	1.0000	NONE	NONE	BAF_WEIGHTED	77	0.3703	205793001	205793001	0.0000	0.9801
chr2	205878001	205943000	0.0337	10	0.5695	1.0000	NONE	NONE	BAF_WEIGHTED	62	0.3622	205878001	205878001	0.0000	0.0337
chr2	205943001	206062000	1.0014	16	0.8515	0.9809	NONE	NONE	BAF_WEIGHTED	113	0.3708	205943001	205943001	0.0191	0.9823
chr2	206062001	236425000	2.0026	4245	0.5390	0.5158	NONE	NONE	BAF_WEIGHTED	28515	0.4059	206062001	206062001	0.9696	1.0330
chr2	236425001	242201000	1.0353	1034	0.8509	0.9822	NONE	NONE	BAF_WEIGHTED	5042	0.4825	236425001	236425001	0.0184	1.0170
chr2	242201001	242366000	0.0357	7	0.6250	1.0000	NONE	NONE	BAF_WEIGHTED	156	0.4307	242201001	242201001	0.0000	0.0357
chr2	242366001	242379000	0.9726	0	0.0000	1.0000	NONE	NONE	BAF_WEIGHTED	13	0.4371	242366001	242366001	0.0000	0.9726
chr2	242379001	243199373	1.9249	94	0.5395	0.5223	NONE	TELOMERE	BAF_WEIGHTED	469	0.5188	242379001	242379001	0.9195	1.0053
chr3	1	13129000	1.9969	2951	0.5358	0.5034	TELOMERE	NONE	BAF_WEIGHTED	12161	0.4101	1	1	0.9917	1.0052
chr3	13129001	15725000	2.9924	692	0.6471	0.6658	NONE	NONE	BAF_WEIGHTED	2414	0.4730	13129001	13129001	1.0000	1.9924
chr3	15725001	15989000	2.0097	2	0.5571	0.5679	NONE	NONE	BAF_WEIGHTED	250	0.3839	15725001	15725001	0.8683	1.1413
chr3	15989001	17009000	3.0791	159	0.6457	0.6637	NONE	NONE	BAF_WEIGHTED	970	0.4146	15989001	15990001	1.0354	2.0437
chr3	17009001	17143000	2.0520	0	0.0000	0.5084	NONE	NONE	BAF_WEIGHTED	124	0.3912	17009001	17009001	1.0089	1.0432
chr3	17143001	31719000	3.0077	2246	0.6460	0.6646	NONE	NONE	BAF_WEIGHTED	13654	0.3782	17143001	17143001	1.0089	1.9989
chr3	31719001	31827000	1.9712	16	0.9283	1.0141	NONE	NONE	BAF_WEIGHTED	107	0.4278	31719001	31720001	0.0000	1.9712
chr3	31827001	35169000	2.9578	613	0.6461	0.6648	NONE	NONE	BAF_WEIGHTED	3109	0.4032	31827001	31827001	0.9914	1.9663
chr3	35169001	35474000	2.0594	98	0.5425	0.5183	NONE	NONE	BAF_WEIGHTED	289	0.3569	35169001	35170001	0.9919	1.0675
chr3	35474001	40175000	3.0418	767	0.6465	0.6647	NONE	NONE	BAF_WEIGHTED	4335	0.4129	35474001	35474001	1.0198	2.0219
chr3	40175001	40257000	2.0045	8	0.9279	1.0084	NONE	NONE	BAF_WEIGHTED	70	0.4256	40175001	40179001	0.0000	2.0045
chr3	40257001	41358000	3.0346	74	0.6433	0.6614	NONE	NONE	BAF_WEIGHTED	1028	0.4173	40257001	40257001	1.0274	2.0072
chr3	41358001	41413000	2.0578	2	0.5266	0.5117	NONE	NONE	BAF_WEIGHTED	54	0.4130	41358001	41359001	1.0049	1.0530
chr3	41413001	41562000	0.7916	27	0.8359	1.0014	NONE	NONE	BAF_WEIGHTED	128	0.3797	41413001	41416001	0.0000	0.7916
chr3	41562001	41590000	1.5485	29	0.8980	0.9959	NONE	NONE	BAF_WEIGHTED	27	0.3906	41562001	41562001	0.0063	1.5421
chr3	41590001	60009000	2.9490	1694	0.6434	0.6618	NONE	NONE	BAF_WEIGHTED	16920	0.4421	41590001	41590001	0.9975	1.9515
chr3	60009001	60165000	1.9824	70	0.9080	0.9861	NONE	NONE	BAF_WEIGHTED	154	0.3946	60009001	60009001	0.0275	1.9549
chr3	60165001	60190000	0.9374	0	0.0000	1.0000	NONE	NONE	BAF_WEIGHTED	25	0.3774	60165001	60165001	0.0000	0.9374
chr3	60190001	60384000	2.0193	27	0.5287	0.5048	NONE	NONE	BAF_WEIGHTED	191	0.3784	60190001	60190001	1.0000	1.0193
chr3	60384001	60849000	1.0082	76	0.8654	1.0015	NONE	NONE	BAF_WEIGHTED	445	0.3841	60384001	60384001	0.0000	1.0082
chr3	60849001	65785000	2.0225	674	0.5373	0.5055	NONE	NONE	BAF_WEIGHTED	4664	0.3993	60849001	60849001	1.0001	1.0225
chr3	65785001	65855000	1.0258	16	0.8617	0.9959	NONE	NONE	BAF_WEIGHTED	70	0.4032	65785001	65785001	0.0042	1.0216
chr3	65855001	67577000	1.9982	316	0.5376	0.5026	NONE	NONE	BAF_WEIGHTED	1539	0.4046	65855001	65855001	0.9939	1.0043
chr3	67577001	68080000	1.0449	27	0.8596	0.9907	NONE	NONE	BAF_WEIGHTED	488	0.3854	67577001	67577001	0.0097	1.0352
chr3	68080001	71161000	2.0074	342	0.5393	0.5253	NONE	NONE	BAF_WEIGHTED	2890	0.3878	68080001	68080001	0.9529	1.0546
chr3	71161001	71414000	1.0106	38	0.8417	0.9818	NONE	NONE	BAF_WEIGHTED	200	0.4119	71161001	71161001	0.0184	0.9922
chr3	71414001	92004853	1.9981	2179	0.5358	0.5051	NONE	CENTROMERE	BAF_WEIGHTED	17268	0.3633	71414001	71414001	0.9888	1.0093
chr3	92004854	105013000	2.0169	2428	0.5359	0.5038	CENTROMERE	NONE	BAF_WEIGHTED	10671	0.3630	92004854	92004854	1.0008	1.0161
chr3	105013001	105072000	1.0287	1	0.8769	1.0165	NONE	NONE	BAF_WEIGHTED	52	0.3514	105013001	105013001	0.0000	1.0287
chr3	105072001	114075000	2.0291	995	0.5354	0.5090	NONE	NONE	BAF_WEIGHTED	8452	0.3789	105072001	105072001	0.9963	1.0328
chr3	114075001	114191000	1.0919	0	0.0000	0.9085	NONE	NONE	BAF_WEIGHTED	116	0.3831	114075001	114075001	0.0999	0.9920
chr3	114191001	114212000	0.0296	0	0.0000	1.0000	NONE	NONE	BAF_WEIGHTED	21	0.3857	114191001	114191001	0.0000	0.0296
chr3	114212001	114274000	1.8698	0	0.0000	0.5305	NONE	NONE	BAF_WEIGHTED	58	0.3778	114212001	114212001	0.8778	0.9920
chr3	114274001	114378000	1.0452	0	0.0000	0.9491	NONE	NONE	BAF_WEIGHTED	102	0.3583	114274001	114274001	0.0532	0.9920
chr3	114378001	174529000	2.0190	9154	0.5369	0.5087	NONE	NONE	BAF_WEIGHTED	55435	0.3914	114378001	114378001	0.9920	1.0270
chr3	174529001	175051000	1.0608	191	0.8140	0.9375	NONE	NONE	BAF_WEIGHTED	492	0.3483	174529001	174529001	0.0663	0.9944
chr3	175051001	188162000	1.9862	1298	0.5388	0.5151	NONE	NONE	BAF_WEIGHTED	12347	0.4013	175051001	175051001	0.9631	1.0230
chr3	188162001	188328000	1.0228	25	0.8571	0.9902	NONE	NONE	BAF_WEIGHTED	162	0.3779	188162001	188163001	0.0101	1.0127
chr3	188328001	189108000	0.0511	68	0.6002	1.0000	NONE	NONE	BAF_WEIGHTED	697	0.3887	188328001	188328001	0.0000	0.0511
chr3	189108001	189175000	1.0341	14	0.8288	0.9520	NONE	NONE	BAF_WEIGHTED	61	0.3605	189108001	189108001	0.0496	0.9845
chr3	189175001	189237000	0.0446	9	0.6429	1.0000	NONE	NONE	BAF_WEIGHTED	62	0.3736	189174001	189175001	0.0000	0.0446
chr3	189237001	189309000	1.0681	33	0.8539	0.9801	NONE	NONE	BAF_WEIGHTED	67	0.3707	189237001	189239001	0.0213	1.0469
chr3	189309001	198022430	1.9831	1602	0.5378	0.5111	NONE	TELOMERE	BAF_WEIGHTED	7715	0.4113	189309001	189309001	0.9695	1.0136
chr4	1	467000	0.9864	36	0.8236	1.0000	TELOMERE	NONE	BAF_WEIGHTED	350	0.4016	1	1	0.0000	0.9864
chr4	467001	3048000	1.9046	348	0.5395	0.5347	NONE	NONE	BAF_WEIGHTED	1821	0.5200	467001	467001	0.8863	1.0183
chr4	3048001	3359000	1.0079	131	0.8525	0.9857	NONE	NONE	BAF_WEIGHTED	270	0.4738	3048001	3049001	0.0144	0.9936
chr4	3359001	5550000	2.0114	425	0.5379	0.5052	NONE	NONE	BAF_WEIGHTED	1566	0.4728	3359001	3359001	0.9951	1.0162
chr4	5550001	5737000	1.5576	96	0.6234	0.6536	NONE	NONE	BAF_WEIGHTED	174	0.4543	5550001	5550001	0.5396	1.0180
chr4	5737001	19341000	2.0138	2243	0.5386	0.5114	NONE	NONE	BAF_WEIGHTED	11826	0.4235	5737001	5737001	0.9840	1.0298
chr4	19341001	19487000	0.9707	35	0.8305	1.0000	NONE	NONE	BAF_WEIGHTED	137	0.3565	19341001	19341001	0.0000	0.9707
chr4	19487001	39302000	2.0007	2960	0.5345	0.5040	NONE	NONE	BAF_WEIGHTED	18922	0.3730	19487001	19487001	0.9923	1.0085
chr4	39302001	39415000	0.9839	0	0.0000	1.0000	NONE	NONE	BAF_WEIGHTED	111	0.3970	39302001	39302001	0.0000	0.9839
chr4	39415001	51160116	1.9777	1365	0.5366	0.5057	NONE	CENTROMERE	BAF_WEIGHTED	9126	0.3822	39415001	39415001	0.9777	1.0001
chr4	51160117	87892000	2.0037	5897	0.5351	0.5075	CENTROMERE	NONE	BAF_WEIGHTED	31917	0.3749	51160117	51160117	0.9868	1.0169
chr4	87892001	87978000	1.0030	0	0.0000	1.0000	NONE	NONE	BAF_WEIGHTED	83	0.4132	87892001	87892001	0.0000	1.0030
chr4	87978001	89810000	2.0030	291	0.5365	0.5026	NONE	NONE	BAF_WEIGHTED	1713	0.3951	87978001	87978001	0.9962	1.0068
chr4	89810001	89876000	1.3136	17	0.7188	0.7823	NONE	NONE	BAF_WEIGHTED	55	0.3795	89809001	89810001	0.2860	1.0275
chr4	89876001	92828000	2.0224	599	0.5357	0.5101	NONE	NONE	BAF_WEIGHTED	2690	0.3569	89876001	89876001	0.9907	1.0317
chr4	92828001	93165000	1.1872	1	0.6812	0.7393	NONE	NONE	BAF_WEIGHTED	302	0.3536	92828001	92828001	0.3094	0.8777
chr4	93165001	95399000	1.9666	586	0.5361	0.5053	NONE	NONE	BAF_WEIGHTED	2070	0.3528	93165001	93165001	0.9728	0.9937
chr4	95399001	95465000	1.0652	3	0.8980	1.0406	NONE	NONE	BAF_WEIGHTED	66	0.3752	95399001	95399001	0.0000	1.0652
chr4	95465001	148857000	2.0138	8477	0.5370	0.5048	NONE	NONE	BAF_WEIGHTED	48711	0.3673	95465001	95465001	0.9973	1.0165
chr4	148857001	148978000	1.2267	4	0.8126	0.9078	NONE	NONE	BAF_WEIGHTED	114	0.3995	148857001	148858001	0.1132	1.1135
chr4	148978001	149226000	2.0248	28	0.5414	0.5061	NONE	NONE	BAF_WEIGHTED	240	0.4011	148978001	148978001	1.0000	1.0248
chr4	149226001	149521000	1.0188	49	0.8491	0.9787	NONE	NONE	BAF_WEIGHTED	267	0.3767	149226001	149226001	0.0217	0.9971
chr4	149521001	154448000	2.0044	498	0.5377	0.5067	NONE	NONE	BAF_WEIGHTED	4677	0.3899	149521001	149521001	0.9887	1.0156
chr4	154448001	154555000	1.2267	18	0.7588	0.8380	NONE	NONE	BAF_WEIGHTED	107	0.4082	154448001	154448001	0.1988	1.0279
chr4	154555001	191154276	1.9964	5654	0.5369	0.5050	NONE	TELOMERE	BAF_WEIGHTED	33742	0.3745	154555001	154555001	0.9882	1.0082
chr5	1	11546000	2.0058	2609	0.5371	0.5050	TELOMERE	NONE	BAF_WEIGHTED	10273	0.4325	1	1	0.9929	1.0129
chr5	11546001	11658000	1.0138	23	0.8367	0.9647	NONE	NONE	BAF_WEIGHTED	111	0.3721	11546001	11546001	0.0358	0.9780
chr5	11658001	14483000	2.0264	582	0.5348	0.5088	NONE	NONE	BAF_WEIGHTED	2731	0.3787	11658001	11658001	0.9954	1.0310
chr5	14483001	36132000	3.0336	3509	0.6561	0.6757	NONE	NONE	BAF_WEIGHTED	19315	0.3723	14483001	14483001	0.9838	2.0498
chr5	36132001	36279000	2.1428	12	0.5246	0.5333	NONE	NONE	BAF_WEIGHTED	138	0.3730	36132001	36132001	1.0000	1.1428
chr5	36279001	47905640	3.0519	943	0.6535	0.6726	NONE	CENTROMERE	BAF_WEIGHTED	9162	0.3811	36279001	36279001	0.9992	2.0527
chr5	47905641	65991000	3.0043	1839	0.6463	0.6648	CENTROMERE	NONE	BAF_WEIGHTED	15011	0.3826	47905641	47905641	1.0069	1.9974
chr5	65991001	66148000	2.0432	1	0.8605	0.9277	NONE	NONE	BAF_WEIGHTED	151	0.3933	65991001	65991001	0.1477	1.8955
chr5	66148001	66195000	3.7754	0	0.0000	0.5464	NONE	NONE	BAF_WEIGHTED	46	0.3912	66148001	66148001	1.7124	2.0630
chr5	66195001	66780000	3.0588	118	0.6552	0.6745	NONE	NONE	BAF_WEIGHTED	565	0.3912	66195001	66195001	0.9958	2.0630
chr5	66780001	67044000	2.0467	76	0.9152	0.9927	NONE	NONE	BAF_WEIGHTED	225	0.3728	66780001	66781001	0.0149	2.0317
chr5	67044001	70311000	2.9812	539	0.6452	0.6640	NONE	NONE	BAF_WEIGHTED	1665	0.4063	67044001	67044001	1.0017	1.9795
chr5	70311001	70811000	1.8709	5	0.6761	0.7120	NONE	NONE	BAF_WEIGHTED	63	0.4014	70311001	70746001	0.5389	1.3320
chr5	70811001	78343000	2.9997	1070	0.6447	0.6631	NONE	NONE	BAF_WEIGHTED	7032	0.4032	70811001	70811001	1.0106	1.9891
chr5	78343001	78426000	1.1488	0	0.0000	0.8617	NONE	NONE	BAF_WEIGHTED	75	0.4143	78343001	78343001	0.1588	0.9900
chr5	78426001	95255000	2.2810	2217	0.5565	0.5660	NONE	NONE	BAF_WEIGHTED	15665	0.3692	78426001	78426001	0.9900	1.2910
chr5	95255001	95371000	1.3367	3	0.7937	0.8774	NONE	NONE	BAF_WEIGHTED	113	0.3707	95255001	95255001	0.1639	1.1728
chr5	95371001	125557000	2.2985	5524	0.5536	0.5624	NONE	NONE	BAF_WEIGHTED	27859	0.3694	95371001	95371001	1.0058	1.2927
chr5	125557001	125601000	1.3324	10	0.8602	0.9632	NONE	NONE	BAF_WEIGHTED	37	0.3905	125557001	125557001	0.0491	1.2834
chr5	125601001	125657000	0.3439	1	0.7241	1.0000	NONE	NONE	BAF_WEIGHTED	51	0.3784	125601001	125601001	0.0000	0.3439
chr5	125657001	125735000	1.3296	4	0.8592	0.9621	NONE	NONE	BAF_WEIGHTED	78	0.3789	125657001	125657001	0.0504	1.2792
chr5	125735001	129259000	2.2681	601	0.5555	0.5647	NONE	NONE	BAF_WEIGHTED	3274	0.3816	125735001	125735001	0.9873	1.2807
chr5	129259001	129325000	1.3076	0	0.0000	0.9796	NONE	NONE	BAF_WEIGHTED	64	0.3490	129259001	129259001	0.0267	1.2809
chr5	129325001	138966000	2.2727	766	0.5544	0.5636	NONE	NONE	BAF_WEIGHTED	8923	0.4290	129325001	129325001	0.9918	1.2809
chr5	138966001	139054000	1.2165	1	0.5909	0.6194	NONE	NONE	BAF_WEIGHTED	77	0.4969	138966001	138967001	0.4630	0.7534
chr5	139054001	160287000	2.2830	3469	0.5545	0.5636	NONE	NONE	BAF_WEIGHTED	19856	0.4148	139054001	139054001	0.9964	1.2866
chr5	160287001	171375000	3.2343	1545	0.6730	0.6934	NONE	NONE	BAF_WEIGHTED	10519	0.3928	160287001	160287001	0.9916	2.2427
chr5	171375001	171809000	2.1611	55	0.5418	0.5343	NONE	NONE	BAF_WEIGHTED	418	0.4549	171375001	171375001	1.0063	1.1548
chr5	171809001	179059000	3.1864	1449	0.6716	0.6922	NONE	NONE	BAF_WEIGHTED	5984	0.4686	171809001	171809001	0.9806	2.2058
chr5	179059001	179180000	1.9944	3	0.9000	0.9764	NONE	NONE	BAF_WEIGHTED	92	0.4687	179059001	179060001	0.0471	1.9473
chr5	179180001	180915260	3.1631	235	0.6691	0.6894	NONE	TELOMERE	BAF_WEIGHTED	1261	0.4719	179180001	179180001	0.9824	2.1807
chr6	1	1880000	2.9999	347	0.6484	0.6672	TELOMERE	NONE	BAF_WEIGHTED	1501	0.4386	1	1	0.9984	2.0015
chr6	1880001	2093000	2.0102	53	0.5269	0.5067	NONE	NONE	BAF_WEIGHTED	198	0.3892	1880001	1880001	0.9916	1.0186
chr6	2093001	2177000	1.0473	8	0.8482	0.9758	NONE	NONE	BAF_WEIGHTED	84	0.3800	2093001	2093001	0.0253	1.0220
chr6	2177001	2207000	2.0685	0	0.0000	0.5351	NONE	NONE	BAF_WEIGHTED	26	0.4116	2177001	2177001	0.9616	1.1070
chr6	2207001	2267000	2.9807	10	0.6140	0.6286	NONE	NONE	BAF_WEIGHTED	57	0.4178	2207001	2207001	1.1070	1.8738
chr6	2267001	2344000	2.0071	18	0.9027	0.9812	NONE	NONE	BAF_WEIGHTED	68	0.3952	2267001	2267001	0.0377	1.9693
chr6	2344001	7147000	2.9996	975	0.6435	0.6617	NONE	NONE	BAF_WEIGHTED	4522	0.4344	2344001	2344001	1.0148	1.9848
chr6	7147001	7163000	2.0749	0	0.0000	0.5109	NONE	NONE	BAF_WEIGHTED	16	0.4351	7147001	7147001	1.0148	1.0602
chr6	7163001	7197000	0.0679	1	0.6429	1.0000	NONE	NONE	BAF_WEIGHTED	32	0.4394	7163001	7164001	0.0000	0.0679
chr6	7197001	7215000	1.9961	0	0.0000	0.5031	NONE	NONE	BAF_WEIGHTED	18	0.4494	7197001	7197001	0.9918	1.0042
chr6	7215001	20877000	2.9679	2965	0.6470	0.6658	NONE	NONE	BAF_WEIGHTED	13003	0.4086	7215001	7215001	0.9918	1.9760
chr6	20877001	21158000	1.9791	49	0.9162	0.9961	NONE	NONE	BAF_WEIGHTED	273	0.3800	20877001	20877001	0.0076	1.9715
chr6	21158001	28529000	2.9636	1054	0.6484	0.6676	NONE	NONE	BAF_WEIGHTED	6730	0.3984	21158001	21158001	0.9852	1.9784
chr6	28529001	56464000	1.9999	5976	0.5379	0.5135	NONE	NONE	BAF_WEIGHTED	25940	0.4231	28529001	28529001	0.9729	1.0270
chr6	56464001	56592000	1.0443	17	0.8333	0.9549	NONE	NONE	BAF_WEIGHTED	123	0.3710	56464001	56464001	0.0471	0.9972
chr6	56592001	60330165	1.9941	116	0.5393	0.5075	NONE	CENTROMERE	BAF_WEIGHTED	703	0.3863	56592001	56592001	0.9820	1.0121
chr6	60330166	116307000	2.0053	9039	0.5360	0.5053	CENTROMERE	NONE	BAF_WEIGHTED	49956	0.3719	60330166	60330166	0.9920	1.0133
chr6	116307001	116423000	1.0310	10	0.8158	0.9325	NONE	NONE	BAF_WEIGHTED	109	0.3727	116307001	116307001	0.0696	0.9614
chr6	116423001	120463000	2.0319	701	0.5383	0.5095	NONE	NONE	BAF_WEIGHTED	3799	0.3776	116423001	116423001	0.9966	1.0353
chr6	120463001	120613000	0.9955	41	0.8462	1.0000	NONE	NONE	BAF_WEIGHTED	140	0.3461	120463001	120463001	0.0000	0.9955
chr6	120613001	148461000	2.0245	3807	0.5360	0.5071	NONE	NONE	BAF_WEIGHTED	26326	0.3767	120613001	120613001	0.9979	1.0266
chr6	148461001	148608000	1.0202	15	0.8657	1.0013	NONE	NONE	BAF_WEIGHTED	139	0.4198	148461001	148461001	0.0000	1.0202
chr6	148608001	149938000	1.9808	315	0.5331	0.5092	NONE	NONE	BAF_WEIGHTED	1284	0.4152	148608001	148608001	0.9722	1.0086
chr6	149938001	150158000	0.9218	0	0.0000	1.0000	NONE	NONE	BAF_WEIGHTED	212	0.4177	149938001	149938001	0.0000	0.9218
chr6	150158001	151208000	1.9951	158	0.5344	0.5072	NONE	NONE	BAF_WEIGHTED	968	0.4406	150158001	150158001	0.9832	1.0119
chr6	151208001	151407000	1.2230	96	0.7403	0.8162	NONE	NONE	BAF_WEIGHTED	193	0.4315	151208001	151208001	0.2248	0.9982
chr6	151407001	151780000	1.8921	86	0.5391	0.5309	NONE	NONE	BAF_WEIGHTED	353	0.4344	151407001	151407001	0.8875	1.0046
chr6	151780001	152411000	1.0299	78	0.8548	0.9858	NONE	NONE	BAF_WEIGHTED	589	0.3961	151780001	151780001	0.0146	1.0152
chr6	152411001	171115067	1.9985	3400	0.5364	0.5083	NONE	TELOMERE	BAF_WEIGHTED	16976	0.4182	152411001	152411001	0.9828	1.0158
chr7	1	5384000	2.8032	923	0.6511	0.6719	TELOMERE	NONE	BAF_WEIGHTED	3984	0.4972	1	1	0.9197	1.8836
chr7	5384001	5481000	1.7159	10	0.8957	0.9840	NONE	NONE	BAF_WEIGHTED	69	0.5567	5384001	5386001	0.0275	1.6883
chr7	5481001	7713000	2.8018	198	0.6453	0.6651	NONE	NONE	BAF_WEIGHTED	1641	0.4483	5481001	5481001	0.9384	1.8634
chr7	7713001	8042000	2.3183	61	0.5528	0.5615	NONE	NONE	BAF_WEIGHTED	319	0.3745	7713001	7713001	1.0167	1.3016
chr7	8042001	30071000	3.0003	4429	0.6480	0.6667	NONE	NONE	BAF_WEIGHTED	20707	0.3800	8042001	8042001	0.9999	2.0004
chr7	30071001	30209000	2.0158	2	0.8750	0.9458	NONE	NONE	BAF_WEIGHTED	131	0.4119	30071001	30071001	0.1092	1.9066
chr7	30209001	32888000	3.0079	244	0.6481	0.6669	NONE	NONE	BAF_WEIGHTED	2304	0.4224	30209001	30209001	1.0021	2.0058
chr7	32888001	32972000	1.8936	1	0.5056	0.5281	NONE	NONE	BAF_WEIGHTED	69	0.4201	32888001	32898001	0.8936	1.0000
chr7	32972001	36954000	3.0253	556	0.6481	0.6667	NONE	NONE	BAF_WEIGHTED	3370	0.4041	32972001	32972001	1.0083	2.0169
chr7	36954001	37046000	2.0563	2	0.5267	0.5137	NONE	NONE	BAF_WEIGHTED	90	0.4177	36954001	36954001	1.0000	1.0563
chr7	37046001	40617000	2.9916	439	0.6468	0.6654	NONE	NONE	BAF_WEIGHTED	3232	0.3947	37046001	37046001	1.0009	1.9907
chr7	40617001	40798000	2.0043	5	0.5364	0.5011	NONE	NONE	BAF_WEIGHTED	179	0.3887	40617001	40617001	1.0000	1.0043
chr7	40798001	59554330	2.9880	3172	0.6475	0.6663	NONE	CENTROMERE	BAF_WEIGHTED	14807	0.4101	40798001	40798001	0.9972	1.9908
chr7	59554331	69570000	2.8110	846	0.6425	0.6614	CENTROMERE	NONE	BAF_WEIGHTED	5425	0.4256	59554331	59554331	0.9517	1.8593
chr7	69570001	69636000	2.0391	0	0.0000	0.5333	NONE	NONE	BAF_WEIGHTED	65	0.3769	69570001	69570001	0.9517	1.0875
chr7	69636001	69917000	1.0060	5	0.8281	0.9517	NONE	NONE	BAF_WEIGHTED	269	0.3982	69636001	69636001	0.0486	0.9574
chr7	69917001	70137000	0.1879	58	0.6337	1.0000	NONE	NONE	BAF_WEIGHTED	219	0.4450	69917001	69917001	0.0000	0.1879
chr7	70137001	70201000	1.0251	7	0.8475	0.9766	NONE	NONE	BAF_WEIGHTED	60	0.4484	70137001	70137001	0.0239	1.0011
chr7	70201001	77372000	2.7706	423	0.6466	0.6667	NONE	NONE	BAF_WEIGHTED	4319	0.4627	70201001	70201001	0.9234	1.8472
chr7	77372001	77507000	1.9545	1	0.5652	0.5779	NONE	NONE	BAF_WEIGHTED	132	0.3900	77372001	77372001	0.8250	1.1295
chr7	77507001	78009000	2.9597	58	0.6437	0.6622	NONE	NONE	BAF_WEIGHTED	474	0.3916	77507001	77507001	0.9999	1.9598
chr7	78009001	78248000	3.9122	46	0.5252	0.5105	NONE	NONE	BAF_WEIGHTED	234	0.3691	78009001	78009001	1.9152	1.9970
chr7	78248001	78311000	2.8420	13	0.6646	0.6867	NONE	NONE	BAF_WEIGHTED	54	0.3510	78248001	78248001	0.8905	1.9515
chr7	78311001	78746000	1.8458	128	0.5559	0.5617	NONE	NONE	BAF_WEIGHTED	366	0.3579	78311001	78311001	0.8090	1.0367
chr7	78746001	90325000	2.9862	1422	0.6481	0.6670	NONE	NONE	BAF_WEIGHTED	10837	0.3560	78746001	78746001	0.9944	1.9918
chr7	90325001	90801000	2.0203	3	0.9000	0.9754	NONE	NONE	BAF_WEIGHTED	447	0.3744	90325001	90325001	0.0497	1.9707
chr7	90801001	105291000	2.9195	2135	0.6476	0.6669	NONE	NONE	BAF_WEIGHTED	12477	0.4153	90801001	90801001	0.9724	1.9471
chr7	105291001	105581000	1.9896	20	0.5411	0.5026	NONE	NONE	BAF_WEIGHTED	282	0.4461	105291001	105291001	0.9896	1.0000
chr7	105581001	110587000	2.9861	704	0.6487	0.6676	NONE	NONE	BAF_WEIGHTED	4646	0.3799	105581001	105581001	0.9924	1.9937
chr7	110587001	110606000	1.0119	0	0.0000	0.9808	NONE	NONE	BAF_WEIGHTED	18	0.3443	110587001	110587001	0.0195	0.9924
chr7	110606001	110703000	2.1142	0	0.0000	0.5306	NONE	NONE	BAF_WEIGHTED	93	0.3580	110606001	110606001	0.9924	1.1217
chr7	110703001	110911000	1.0411	0	0.0000	0.9533	NONE	NONE	BAF_WEIGHTED	198	0.3514	110703001	110703001	0.0486	0.9924
chr7	110911001	111495000	2.9922	25	0.6240	0.6398	NONE	NONE	BAF_WEIGHTED	544	0.3776	110911001	110911001	1.0779	1.9143
chr7	111495001	111680000	2.0069	39	0.9101	0.9891	NONE	NONE	BAF_WEIGHTED	175	0.3879	111495001	111495001	0.0218	1.9851
chr7	111680001	114074000	3.0020	140	0.6459	0.6644	NONE	NONE	BAF_WEIGHTED	2215	0.3675	111680001	111680001	1.0076	1.9944
chr7	114074001	114286000	2.0043	4	0.5320	0.5011	NONE	NONE	BAF_WEIGHTED	203	0.3407	114074001	114074001	1.0000	1.0043
chr7	114286001	127448000	3.0086	2505	0.6462	0.6648	NONE	NONE	BAF_WEIGHTED	12397	0.3635	114286001	114286001	1.0086	2.0001
chr7	127448001	127685000	2.0546	37	0.5432	0.5133	NONE	NONE	BAF_WEIGHTED	230	0.4219	127448001	127448001	1.0000	1.0546
chr7	127685001	133373000	2.9390	664	0.6444	0.6631	NONE	NONE	BAF_WEIGHTED	5106	0.4339	127685001	127685001	0.9902	1.9489
chr7	133373001	133470000	2.0179	0	0.0000	0.5093	NONE	NONE	BAF_WEIGHTED	96	0.3790	133373001	133373001	0.9902	1.0277
chr7	133470001	133660000	1.0064	10	0.8849	1.0214	NONE	NONE	BAF_WEIGHTED	179	0.3922	133470001	133470001	0.0000	1.0064
chr7	133660001	133855000	2.0084	24	0.5433	0.5105	NONE	NONE	BAF_WEIGHTED	192	0.4038	133660001	133660001	0.9830	1.0254
chr7	133855001	151243000	2.9504	2481	0.6477	0.6666	NONE	NONE	BAF_WEIGHTED	15001	0.4105	133855001	133855001	0.9837	1.9667
chr7	151243001	151318000	1.8870	0	0.0000	0.5213	NONE	NONE	BAF_WEIGHTED	74	0.4412	151243001	151243001	0.9033	0.9837
chr7	151318001	156954000	2.9329	1139	0.6454	0.6643	NONE	NONE	BAF_WEIGHTED	4673	0.4473	151318001	151318001	0.9846	1.9483
chr7	156954001	157023000	0.9772	0	0.0000	1.0000	NONE	NONE	BAF_WEIGHTED	66	0.4079	156954001	156954001	0.0000	0.9772
chr7	157023001	159138663	2.9058	458	0.6499	0.6698	NONE	TELOMERE	BAF_WEIGHTED	1752	0.4850	157023001	157023001	0.9594	1.9464
chr8	1	3258000	1.9544	749	0.5369	0.5171	TELOMERE	NONE	BAF_WEIGHTED	2492	0.4447	1	1	0.9438	1.0106
chr8	3258001	3921000	1.0069	360	0.8455	0.9990	NONE	NONE	BAF_WEIGHTED	642	0.3877	3258001	3258001	0.0010	1.0058
chr8	3921001	4235000	1.4779	188	0.6376	0.6731	NONE	NONE	BAF_WEIGHTED	306	0.3808	3921001	3921001	0.4832	0.9947
chr8	4235001	18420000	1.9914	3450	0.5366	0.5038	NONE	NONE	BAF_WEIGHTED	11724	0.3998	4235001	4235001	0.9881	1.0033
chr8	18420001	18671000	1.2374	70	0.7685	0.8512	NONE	NONE	BAF_WEIGHTED	237	0.3879	18420001	18420001	0.1842	1.0532
chr8	18671001	45338886	1.9837	3244	0.5365	0.5077	NONE	CENTROMERE	BAF_WEIGHTED	23764	0.4171	18671001	18671001	0.9766	1.0071
chr8	45338887	48709000	2.0025	12	0.5352	0.5281	CENTROMERE	NONE	BAF_WEIGHTED	1577	0.4307	45338887	45338887	0.9449	1.0576
chr8	48709001	48961000	0.9864	0	0.0000	1.0000	NONE	NONE	BAF_WEIGHTED	241	0.4282	48709001	48709001	0.0000	0.9864
chr8	48961001	97779000	2.0106	6578	0.5364	0.5066	NONE	NONE	BAF_WEIGHTED	45312	0.3806	48961001	48961001	0.9920	1.0186
chr8	97779001	98033000	1.0860	0	0.0000	0.9135	NONE	NONE	BAF_WEIGHTED	249	0.3794	97779001	97779001	0.0940	0.9920
chr8	98033001	124356000	2.0094	3233	0.5373	0.5085	NONE	NONE	BAF_WEIGHTED	24840	0.3797	98033001	98033001	0.9877	1.0217
chr8	124356001	124437000	0.9259	0	0.0000	1.0000	NONE	NONE	BAF_WEIGHTED	77	0.4177	124356001	124356001	0.0000	0.9259
chr8	124437001	146364022	2.0096	3892	0.5381	0.5092	NONE	TELOMERE	BAF_WEIGHTED	19250	0.4328	124437001	124437001	0.9863	1.0233
chr9	1	22655000	2.0085	4182	0.5357	0.5077	TELOMERE	NONE	BAF_WEIGHTED	20843	0.3839	1	1	0.9887	1.0198
chr9	22655001	23032000	1.0325	82	0.8538	0.9855	NONE	NONE	BAF_WEIGHTED	342	0.3528	22655001	22655001	0.0150	1.0175
chr9	23032001	38096000	1.9912	1896	0.5370	0.5093	NONE	NONE	BAF_WEIGHTED	13807	0.3914	23032001	23032001	0.9771	1.0140
chr9	38096001	38179000	1.0033	6	0.8468	0.9784	NONE	NONE	BAF_WEIGHTED	82	0.4480	38096001	38096001	0.0217	0.9817
chr9	38179001	48867678	2.0046	110	0.5440	0.5067	NONE	CENTROMERE	BAF_WEIGHTED	465	0.4481	38179001	38179001	0.9888	1.0158
chr9	48867679	119290000	2.0074	6736	0.5370	0.5063	CENTROMERE	NONE	BAF_WEIGHTED	44498	0.4072	48867679	48867679	0.9911	1.0163
chr9	119290001	119392000	1.0605	0	0.0000	0.9583	NONE	NONE	BAF_WEIGHTED	92	0.4144	119290001	119290001	0.0443	1.0163
chr9	119392001	126158000	2.0149	832	0.5375	0.5053	NONE	NONE	BAF_WEIGHTED	6429	0.4149	119392001	119392001	0.9968	1.0181
chr9	126158001	126444000	1.2412	56	0.7616	0.8415	NONE	NONE	BAF_WEIGHTED	281	0.4468	126158001	126158001	0.1967	1.0445
chr9	126444001	128405000	1.9403	512	0.5433	0.5280	NONE	NONE	BAF_WEIGHTED	1839	0.4469	126444001	126444001	0.9158	1.0244
chr9	128405001	128617000	1.0154	50	0.8443	0.9735	NONE	NONE	BAF_WEIGHTED	205	0.3948	128405001	128405001	0.0269	0.9885
chr9	128617001	129720000	1.9839	179	0.5382	0.5077	NONE	NONE	BAF_WEIGHTED	1036	0.4665	128617001	128617001	0.9767	1.0072
chr9	129720001	130048000	1.0627	0	0.0000	0.9521	NONE	NONE	BAF_WEIGHTED	314	0.4598	129720001	129720001	0.0509	1.0118
chr9	130048001	134328000	1.8843	381	0.5392	0.5370	NONE	NONE	BAF_WEIGHTED	3659	0.5092	130048001	130048001	0.8725	1.0118
chr9	134328001	134406000	0.9896	2	0.8769	1.0188	NONE	NONE	BAF_WEIGHTED	74	0.5203	134328001	134328001	0.0000	0.9896
chr9	134406001	140320000	1.9425	1165	0.5386	0.5176	NONE	NONE	BAF_WEIGHTED	4188	0.5267	134406001	134408001	0.9370	1.0055
chr9	140320001	140562000	0.9489	0	0.0000	1.0000	NONE	NONE	BAF_WEIGHTED	159	0.5374	140320001	140320001	0.0000	0.9489
chr9	140562001	141213431	1.9279	12	0.5393	0.5187	NONE	TELOMERE	BAF_WEIGHTED	376	0.4972	140562001	140562001	0.9279	1.0000
chr10	1	40754934	1.9684	7444	0.5370	0.5107	TELOMERE	CENTROMERE	BAF_WEIGHTED	35526	0.4101	1	1	0.9632	1.0052
chr10	40754935	65063000	2.0178	3025	0.5376	0.5076	CENTROMERE	NONE	BAF_WEIGHTED	17285	0.3905	40754935	40754935	0.9936	1.0242
chr10	65063001	65087000	0.9384	0	0.0000	1.0000	NONE	NONE	BAF_WEIGHTED	24	0.3966	65063001	65063001	0.0000	0.9384
chr10	65087001	65208000	0.0339	2	0.5846	1.0000	NONE	NONE	BAF_WEIGHTED	121	0.3818	65087001	65087001	0.0000	0.0339
chr10	65208001	65271000	0.9818	0	0.0000	1.0000	NONE	NONE	BAF_WEIGHTED	62	0.3746	65208001	65208001	0.0000	0.9818
chr10	65271001	74773000	1.9711	1812	0.5382	0.5131	NONE	NONE	BAF_WEIGHTED	8961	0.4160	65271001	65271001	0.9597	1.0114
chr10	74773001	74829000	0.9841	0	0.0000	1.0000	NONE	NONE	BAF_WEIGHTED	50	0.3884	74773001	74773001	0.0000	0.9841
chr10	74829001	76037000	1.9075	71	0.5333	0.5243	NONE	NONE	BAF_WEIGHTED	1079	0.4273	74829001	74829001	0.9075	1.0000
chr10	76037001	76386000	1.0161	0	0.0000	0.9841	NONE	NONE	BAF_WEIGHTED	333	0.3621	76037001	76037001	0.0161	1.0000
chr10	76386001	77224000	1.9275	21	0.5362	0.5217	NONE	NONE	BAF_WEIGHTED	802	0.4382	76386001	76386001	0.9218	1.0056
chr10	77224001	77543000	1.0292	12	0.8277	0.9477	NONE	NONE	BAF_WEIGHTED	300	0.4160	77224001	77224001	0.0538	0.9754
chr10	77543001	77687000	2.0436	48	0.5385	0.5141	NONE	NONE	BAF_WEIGHTED	140	0.4160	77543001	77543001	0.9930	1.0506
chr10	77687001	77880000	1.0574	2	0.8347	0.9551	NONE	NONE	BAF_WEIGHTED	192	0.4328	77687001	77687001	0.0475	1.0098
chr10	77880001	78203000	0.0515	22	0.6077	1.0000	NONE	NONE	BAF_WEIGHTED	302	0.4008	77880001	77880001	0.0000	0.0515
chr10	78203001	78305000	1.0454	20	0.8591	0.9902	NONE	NONE	BAF_WEIGHTED	97	0.3718	78203001	78203001	0.0103	1.0351
chr10	78305001	93836000	2.0304	2279	0.5355	0.5130	NONE	NONE	BAF_WEIGHTED	13783	0.4099	78305001	78305001	0.9887	1.0417
chr10	93836001	94068000	1.2288	0	0.0000	0.8478	NONE	NONE	BAF_WEIGHTED	219	0.4109	93836001	93836001	0.1871	1.0417
chr10	94068001	96007000	1.9667	326	0.5397	0.5103	NONE	NONE	BAF_WEIGHTED	1856	0.4166	94068001	94068001	0.9632	1.0035
chr10	96007001	96077000	1.0530	0	0.0000	0.9591	NONE	NONE	BAF_WEIGHTED	68	0.4126	96007001	96007001	0.0431	1.0099
chr10	96077001	128601000	1.9964	4692	0.5366	0.5059	NONE	NONE	BAF_WEIGHTED	30575	0.4248	96077001	96077001	0.9864	1.0099
chr10	128601001	128859000	0.9964	44	0.8530	1.0000	NONE	NONE	BAF_WEIGHTED	104	0.4494	128601001	128601001	0.0000	0.9964
chr10	128859001	135203000	2.0021	1173	0.5375	0.5071	NONE	NONE	BAF_WEIGHTED	5473	0.4728	128859001	128859001	0.9868	1.0153
chr10	135203001	135325000	1.2267	9	0.7018	0.7611	NONE	NONE	BAF_WEIGHTED	77	0.4826	135203001	135203001	0.2930	0.9337
chr10	135325001	135534747	2.0721	0	0.0000	0.5494	NONE	TELOMERE	BAF_WEIGHTED	51	0.4432	135325001	135325001	0.9337	1.1384
chr11	1	4019000	1.9277	676	0.5422	0.5420	TELOMERE	NONE	BAF_WEIGHTED	2192	0.5314	1	1	0.8828	1.0449
chr11	4019001	4109000	1.0069	33	0.8393	0.9677	NONE	NONE	BAF_WEIGHTED	73	0.4173	4019001	4019001	0.0326	0.9744
chr11	4109001	14625000	2.0164	2423	0.5358	0.5079	NONE	NONE	BAF_WEIGHTED	9458	0.4171	4109001	4109001	0.9923	1.0240
chr11	14625001	14830000	0.9867	57	0.8519	1.0000	NONE	NONE	BAF_WEIGHTED	166	0.3663	14625001	14625001	0.0000	0.9867
chr11	14830001	19269000	2.0265	881	0.5351	0.5142	NONE	NONE	BAF_WEIGHTED	4142	0.4169	14830001	14830001	0.9845	1.0420
chr11	19269001	19855000	1.0787	99	0.8554	0.9807	NONE	NONE	BAF_WEIGHTED	553	0.4457	19269001	19269001	0.0208	1.0579
chr11	19855001	28040000	2.0087	1780	0.5371	0.5027	NONE	NONE	BAF_WEIGHTED	7580	0.3697	19855001	19855001	0.9989	1.0098
chr11	28040001	28157000	1.0352	0	0.0000	0.9892	NONE	NONE	BAF_WEIGHTED	112	0.3410	28040001	28040001	0.0111	1.0240
chr11	28157001	53144204	1.9986	2815	0.5369	0.5124	NONE	CENTROMERE	BAF_WEIGHTED	19916	0.4006	28157001	28157001	0.9746	1.0240
chr11	53144205	63773000	1.9863	642	0.5393	0.5174	CENTROMERE	NONE	BAF_WEIGHTED	7687	0.4263	53144205	53144205	0.9586	1.0277
chr11	63773001	64047000	0.9619	39	0.8436	0.9866	NONE	NONE	BAF_WEIGHTED	156	0.5638	63773001	63773001	0.0129	0.9490
chr11	64047001	70452000	1.9274	658	0.5380	0.5147	NONE	NONE	BAF_WEIGHTED	5143	0.5086	64047001	64047001	0.9354	0.9920
chr11	70452001	70539000	0.9821	6	0.8332	1.0000	NONE	NONE	BAF_WEIGHTED	80	0.5269	70452001	70452001	0.0000	0.9821
chr11	70539001	83994000	2.0019	1504	0.5372	0.5087	NONE	NONE	BAF_WEIGHTED	12268	0.4227	70539001	70539001	0.9836	1.0183
chr11	83994001	84335000	1.0326	1	0.9091	1.0600	NONE	NONE	BAF_WEIGHTED	328	0.3621	83991001	83994001	0.0000	1.0326
chr11	84335001	84701000	0.0561	78	0.5884	1.0000	NONE	NONE	BAF_WEIGHTED	349	0.3651	84335001	84335001	0.0000	0.0561
chr11	84701001	84912000	1.0381	56	0.8611	0.9940	NONE	NONE	BAF_WEIGHTED	200	0.3584	84701001	84701001	0.0062	1.0318
chr11	84912001	116941000	2.0143	5305	0.5359	0.5046	NONE	NONE	BAF_WEIGHTED	28864	0.3872	84912001	84912001	0.9979	1.0164
chr11	116941001	117015000	0.9618	0	0.0000	1.0000	NONE	NONE	BAF_WEIGHTED	59	0.4431	116941001	116941001	0.0000	0.9618
chr11	117015001	118391000	2.0006	135	0.5420	0.5136	NONE	NONE	BAF_WEIGHTED	1320	0.4724	117015001	117016001	0.9730	1.0275
chr11	118391001	135006516	2.7194	2798	0.6134	0.6293	NONE	TELOMERE	BAF_WEIGHTED	15498	0.4347	118391001	118391001	1.0081	1.7113
chr12	1	11812000	1.9869	1878	0.5384	0.5132	TELOMERE	NONE	BAF_WEIGHTED	10032	0.4342	1	1	0.9672	1.0197
chr12	11812001	12008000	1.0681	24	0.8417	0.9636	NONE	NONE	BAF_WEIGHTED	195	0.4304	11812001	11812001	0.0388	1.0293
chr12	12008001	23781000	2.0123	1797	0.5363	0.5097	NONE	NONE	BAF_WEIGHTED	11010	0.3798	12008001	12008001	0.9866	1.0257
chr12	23781001	24010000	0.9936	23	0.8500	0.9772	NONE	NONE	BAF_WEIGHTED	223	0.3434	23781001	23781001	0.0226	0.9710
chr12	24010001	24158000	0.0423	15	0.5789	1.0000	NONE	NONE	BAF_WEIGHTED	147	0.3453	24010001	24010001	0.0000	0.0423
chr12	24158001	24268000	1.0133	35	0.8511	0.9809	NONE	NONE	BAF_WEIGHTED	108	0.3571	24158001	24158001	0.0193	0.9940
chr12	24268001	36356693	1.9905	2033	0.5352	0.5112	NONE	CENTROMERE	BAF_WEIGHTED	9503	0.3937	24268001	24268001	0.9730	1.0175
chr12	36356694	74036000	2.0079	4410	0.5375	0.5119	CENTROMERE	NONE	BAF_WEIGHTED	32764	0.4006	36356694	36356694	0.9800	1.0279
chr12	74036001	74298000	1.0085	0	0.0000	1.0000	NONE	NONE	BAF_WEIGHTED	252	0.3468	74036001	74036001	0.0000	1.0085
chr12	74298001	111505000	2.0259	5169	0.5368	0.5110	NONE	NONE	BAF_WEIGHTED	35018	0.3874	74298001	74298001	0.9906	1.0353
chr12	111505001	111772000	1.0021	0	0.0000	1.0000	NONE	NONE	BAF_WEIGHTED	261	0.4909	111505001	111505001	0.0000	1.0021
chr12	111772001	112695000	1.8803	0	0.0000	0.5506	NONE	NONE	BAF_WEIGHTED	860	0.4508	111772001	111772001	0.8451	1.0353
chr12	112695001	112767000	0.9650	0	0.0000	1.0000	NONE	NONE	BAF_WEIGHTED	71	0.4062	112695001	112695001	0.0000	0.9650
chr12	112767001	123518000	1.9409	1375	0.5372	0.5211	NONE	NONE	BAF_WEIGHTED	10158	0.4541	112767001	112767001	0.9295	1.0114
chr12	123518001	123587000	1.0807	0	0.0000	0.9359	NONE	NONE	BAF_WEIGHTED	67	0.5084	123518001	123518001	0.0693	1.0114
chr12	123587001	125427000	1.9078	281	0.5395	0.5192	NONE	NONE	BAF_WEIGHTED	1666	0.4882	123587001	123587001	0.9172	0.9906
chr12	125427001	125504000	0.9162	2	0.8595	1.0000	NONE	NONE	BAF_WEIGHTED	69	0.5196	125427001	125427001	0.0000	0.9162
chr12	125504001	133227000	1.9633	1811	0.5391	0.5164	NONE	NONE	BAF_WEIGHTED	6777	0.4482	125504001	125504001	0.9494	1.0139
chr12	133227001	133313000	0.9580	77	0.8431	1.0000	NONE	NONE	BAF_WEIGHTED	72	0.5095	133227001	133227001	0.0000	0.9580
chr12	133313001	133851895	1.8422	71	0.5464	0.5560	NONE	TELOMERE	BAF_WEIGHTED	450	0.4570	133311001	133313001	0.8179	1.0243
chr13	1	17499999	1.9973	0	0.0000	0.5062	TELOMERE	CENTROMERE	LONG_ARM	0	0.0000	1	1	0.9863	1.0110
chr13	17500000	43801000	1.9973	3927	0.5377	0.5062	CENTROMERE	NONE	BAF_WEIGHTED	22469	0.4031	1	17500000	0.9863	1.0110
chr13	43801001	43945000	1.0651	12	0.8256	0.9415	NONE	NONE	BAF_WEIGHTED	140	0.4084	43801001	43801001	0.0623	1.0029
chr13	43945001	47567000	2.0133	345	0.5292	0.5103	NONE	NONE	BAF_WEIGHTED	3401	0.4066	43945001	43945001	0.9859	1.0275
chr13	47567001	47922000	1.0600	81	0.8621	0.9925	NONE	NONE	BAF_WEIGHTED	343	0.3769	47567001	47567001	0.0080	1.0520
chr13	47922001	48559000	2.0256	294	0.5326	0.5062	NONE	NONE	BAF_WEIGHTED	577	0.3902	47922001	47922001	1.0002	1.0254
chr13	48559001	48650000	1.0048	1	0.8615	0.9986	NONE	NONE	BAF_WEIGHTED	74	0.4046	48559001	48559001	0.0014	1.0033
chr13	48650001	50624000	1.9942	192	0.5379	0.5097	NONE	NONE	BAF_WEIGHTED	1850	0.3985	48650001	48650001	0.9778	1.0164
chr13	50624001	50685000	1.0105	0	0.0000	0.9988	NONE	NONE	BAF_WEIGHTED	59	0.3645	50624001	50624001	0.0012	1.0093
chr13	50685001	94243000	2.0072	7111	0.5376	0.5028	NONE	NONE	BAF_WEIGHTED	40898	0.3576	50685001	50685001	0.9979	1.0093
chr13	94243001	94394000	0.9693	1	0.8333	1.0000	NONE	NONE	BAF_WEIGHTED	150	0.3557	94243001	94243001	0.0000	0.9693
chr13	94394001	94466000	1.9719	27	0.5222	0.5071	NONE	NONE	BAF_WEIGHTED	72	0.3692	94394001	94394001	0.9719	1.0000
chr13	94466001	94654000	1.0085	31	0.8537	1.0000	NONE	NONE	BAF_WEIGHTED	177	0.3616	94466001	94466001	0.0000	1.0085
chr13	94654001	101054000	1.9925	1451	0.5368	0.5072	NONE	NONE	BAF_WEIGHTED	6078	0.4102	94654001	94654001	0.9819	1.0106
chr13	101054001	101104000	1.0026	0	0.0000	1.0000	NONE	NONE	BAF_WEIGHTED	50	0.4079	101054001	101054001	0.0000	1.0026
chr13	101104001	115169878	2.0057	2497	0.5383	0.5059	NONE	TELOMERE	BAF_WEIGHTED	12645	0.4082	101104001	101104001	0.9911	1.0146
chr14	1	17499999	1.8962	0	0.0000	0.5246	TELOMERE	CENTROMERE	LONG_ARM	0	0.0000	1	1	0.9015	0.9947
chr14	17500000	35751000	1.8962	1880	0.5390	0.5246	CENTROMERE	NONE	BAF_WEIGHTED	13383	0.3946	1	17500000	0.9015	0.9947
chr14	35751001	35879000	2.5814	41	0.6047	0.6202	NONE	NONE	BAF_WEIGHTED	123	0.4668	35751001	35751001	0.9805	1.6008
chr14	35879001	38098000	1.9016	340	0.5365	0.5259	NONE	NONE	BAF_WEIGHTED	2058	0.3835	35879001	35879001	0.9016	1.0000
chr14	38098001	38181000	0.9547	0	0.0000	1.0000	NONE	NONE	BAF_WEIGHTED	81	0.3739	38098001	38099001	0.0000	0.9547
chr14	38181001	51292000	1.9093	1735	0.5404	0.5325	NONE	NONE	BAF_WEIGHTED	12024	0.3626	38181001	38181001	0.8926	1.0167
chr14	51292001	51625000	1.0251	13	0.8596	0.9911	NONE	NONE	BAF_WEIGHTED	312	0.4125	51292001	51292001	0.0091	1.0160
chr14	51625001	51833000	1.9313	0	0.0000	0.5362	NONE	NONE	BAF_WEIGHTED	199	0.3977	51625001	51625001	0.8958	1.0355
chr14	51833001	52081000	1.0494	111	0.8571	0.9867	NONE	NONE	BAF_WEIGHTED	239	0.4031	51833001	51834001	0.0139	1.0355
chr14	52081001	52193000	1.9118	9	0.5946	0.6138	NONE	NONE	BAF_WEIGHTED	109	0.3858	52081001	52081001	0.7384	1.1734
chr14	52193001	52428000	1.0323	85	0.8571	0.9893	NONE	NONE	BAF_WEIGHTED	198	0.4055	52193001	52193001	0.0111	1.0212
chr14	52428001	53067000	1.9227	211	0.5366	0.5167	NONE	NONE	BAF_WEIGHTED	576	0.3993	52428001	52428001	0.9292	0.9935
chr14	53067001	53127000	1.0352	12	0.8518	0.9813	NONE	NONE	BAF_WEIGHTED	57	0.3513	53066001	53067001	0.0194	1.0158
chr14	53127001	67056000	1.9084	1940	0.5389	0.5223	NONE	NONE	BAF_WEIGHTED	13061	0.4011	53127001	53127001	0.9117	0.9967
chr14	67056001	67299000	1.0363	0	0.0000	0.8798	NONE	NONE	BAF_WEIGHTED	233	0.3626	67056001	67056001	0.1246	0.9117
chr14	67299001	67371000	0.0515	0	0.0000	1.0000	NONE	NONE	BAF_WEIGHTED	64	0.3509	67299001	67299001	0.0000	0.0515
chr14	67371001	67405000	0.9824	0	0.0000	1.0000	NONE	NONE	BAF_WEIGHTED	34	0.3609	67371001	67371001	0.0000	0.9824
chr14	67405001	67618000	1.9240	0	0.0000	0.5262	NONE	NONE	BAF_WEIGHTED	199	0.3580	67405001	67405001	0.9117	1.0124
chr14	67618001	67641000	0.9854	0	0.0000	1.0000	NONE	NONE	BAF_WEIGHTED	23	0.3897	67618001	67618001	0.0000	0.9854
chr14	67641001	67794000	0.0424	0	0.0000	1.0000	NONE	NONE	BAF_WEIGHTED	141	0.3898	67641001	67645001	0.0000	0.0424
chr14	67794001	68534000	1.0051	17	0.8511	0.9841	NONE	NONE	BAF_WEIGHTED	713	0.4224	67794001	67797001	0.0160	0.9891
chr14	68534001	68823000	0.0465	4	0.5683	1.0000	NONE	NONE	BAF_WEIGHTED	277	0.3895	68534001	68534001	0.0000	0.0465
chr14	68823001	107349540	1.0179	6042	0.8523	0.9864	NONE	TELOMERE	BAF_WEIGHTED	35263	0.4306	68823001	68824001	0.0139	1.0040
chr15	1	18499999	1.9743	0	0.0000	0.5128	TELOMERE	CENTROMERE	LONG_ARM	0	0.0000	1	1	0.9618	1.0124
chr15	18500000	35098000	1.9743	2004	0.5385	0.5128	CENTROMERE	NONE	BAF_WEIGHTED	8755	0.4218	1	18500000	0.9618	1.0124
chr15	35098001	64553000	2.9674	4280	0.6450	0.6635	NONE	NONE	BAF_WEIGHTED	27464	0.4040	35098001	35098001	0.9984	1.9690
chr15	64553001	64921000	2.2684	0	0.0000	0.8680	NONE	NONE	BAF_WEIGHTED	351	0.4173	64553001	64553001	0.2995	1.9690
chr15	64921001	67361000	2.8756	299	0.6510	0.6707	NONE	NONE	BAF_WEIGHTED	2321	0.4635	64921001	64921001	0.9471	1.9286
chr15	67361001	67471000	2.0097	15	0.9008	0.9764	NONE	NONE	BAF_WEIGHTED	107	0.4769	67361001	67361001	0.0473	1.9623
chr15	67471001	75686000	2.9208	629	0.6413	0.6595	NONE	NONE	BAF_WEIGHTED	7573	0.4445	67471001	67471001	0.9944	1.9264
chr15	75686001	75921000	1.7498	0	0.0000	1.0000	NONE	NONE	BAF_WEIGHTED	211	0.4505	75686001	75686001	0.0000	1.7498
chr15	75921001	102531392	2.8757	4506	0.6359	0.6539	NONE	TELOMERE	BAF_WEIGHTED	23555	0.4266	75921001	75921001	0.9954	1.8804
chr16	1	36835800	1.9253	5078	0.5390	0.5206	TELOMERE	CENTROMERE	BAF_WEIGHTED	25850	0.4566	1	1	0.9230	1.0024
chr16	36835801	78370000	1.9781	4792	0.5376	0.5100	CENTROMERE	NONE	BAF_WEIGHTED	29218	0.4224	36835801	36835801	0.9692	1.0089
chr16	78370001	78566000	1.0215	6	0.8602	0.9917	NONE	NONE	BAF_WEIGHTED	194	0.4175	78370001	78370001	0.0085	1.0130
chr16	78566001	78676000	1.9378	52	0.5405	0.5144	NONE	NONE	BAF_WEIGHTED	109	0.4316	78566001	78566001	0.9410	0.9969
chr16	78676001	79170000	0.9998	222	0.8441	0.9995	NONE	NONE	BAF_WEIGHTED	491	0.4307	78676001	78676001	0.0005	0.9993
chr16	79170001	80999000	2.0386	610	0.5362	0.5102	NONE	NONE	BAF_WEIGHTED	1769	0.4196	79170001	79170001	0.9986	1.0401
chr16	80999001	81052000	1.0289	1	0.8167	0.9340	NONE	NONE	BAF_WEIGHTED	51	0.4056	80999001	80999001	0.0680	0.9610
chr16	81052001	85489000	1.9649	1042	0.5358	0.5083	NONE	NONE	BAF_WEIGHTED	4219	0.4644	81052001	81052001	0.9661	0.9988
chr16	85489001	85644000	0.8887	24	0.8165	1.0000	NONE	NONE	BAF_WEIGHTED	133	0.5623	85487001	85489001	0.0000	0.8887
chr16	85644001	90354753	1.9219	726	0.5372	0.5180	NONE	TELOMERE	BAF_WEIGHTED	3277	0.5223	85644001	85650001	0.9263	0.9956
chr17	1	23763005	0.9858	3028	0.8485	0.9918	TELOMERE	CENTROMERE	BAF_WEIGHTED	18000	0.4604	1	1	0.0081	0.9777
chr17	23763006	27802000	1.9617	328	0.5373	0.5047	CENTROMERE	NONE	BAF_WEIGHTED	2244	0.4616	23763006	23763006	0.9717	0.9900
chr17	27802001	27873000	0.9144	0	0.0000	1.0000	NONE	NONE	BAF_WEIGHTED	66	0.3997	27802001	27802001	0.0000	0.9144
chr17	27873001	79840000	1.9526	7474	0.5368	0.5144	NONE	NONE	BAF_WEIGHTED	45475	0.4492	27873001	27873001	0.9482	1.0044
chr17	79840001	79957000	0.9653	2	0.9019	1.0000	NONE	NONE	BAF_WEIGHTED	64	0.5855	79840001	79840001	0.0000	0.9653
chr17	79957001	81195210	1.9009	285	0.5361	0.5267	NONE	TELOMERE	BAF_WEIGHTED	847	0.5375	79957001	79957001	0.8996	1.0012
chr18	1	697000	2.9740	124	0.6497	0.6689	TELOMERE	NONE	BAF_WEIGHTED	522	0.4202	1	1	0.9848	1.9891
chr18	697001	794000	1.9292	1	0.8690	0.9419	NONE	NONE	BAF_WEIGHTED	93	0.4099	697001	697001	0.1122	1.8171
chr18	794001	7691000	3.0256	1585	0.6496	0.6684	NONE	NONE	BAF_WEIGHTED	6560	0.3951	794001	794001	1.0032	2.0224
chr18	7691001	16960897	2.0454	1556	0.5394	0.5148	NONE	CENTROMERE	BAF_WEIGHTED	5958	0.4247	7691001	7693001	0.9925	1.0530
chr18	16960898	20530000	2.0154	60	0.5385	0.5276	CENTROMERE	NONE	BAF_WEIGHTED	1853	0.4051	16960898	16960898	0.9522	1.0633
chr18	20530001	20598000	1.0334	0	0.0000	1.0000	NONE	NONE	BAF_WEIGHTED	67	0.3829	20530001	20530001	0.0000	1.0334
chr18	20598001	25529000	2.0527	623	0.5391	0.5149	NONE	NONE	BAF_WEIGHTED	4713	0.4040	20598001	20598001	0.9957	1.0570
chr18	25529001	25725000	1.0862	0	0.0000	0.9852	NONE	NONE	BAF_WEIGHTED	194	0.3662	25529001	25529001	0.0160	1.0702
chr18	25725001	45717000	2.0681	2477	0.5370	0.5175	NONE	NONE	BAF_WEIGHTED	19071	0.3852	25725001	25725001	0.9979	1.0702
chr18	45717001	46256000	1.3117	48	0.7349	0.8031	NONE	NONE	BAF_WEIGHTED	514	0.4668	45717001	45717001	0.2583	1.0534
chr18	46256001	78077248	2.0586	5106	0.5364	0.5142	NONE	TELOMERE	BAF_WEIGHTED	29708	0.3953	46256001	46257001	1.0001	1.0584
chr19	1	2120000	1.7511	295	0.5384	0.5437	TELOMERE	NONE	BAF_WEIGHTED	934	0.5824	1	1	0.7991	0.9521
chr19	2120001	2188000	0.8937	0	0.0000	1.0000	NONE	NONE	BAF_WEIGHTED	54	0.5544	2120001	2122001	0.0000	0.8937
chr19	2188001	26181781	1.8232	3302	0.5400	0.5436	NONE	CENTROMERE	BAF_WEIGHTED	18630	0.4880	2188001	2192001	0.8322	0.9911
chr19	26181782	45335000	1.9189	2349	0.5380	0.5201	CENTROMERE	NONE	BAF_WEIGHTED	15043	0.4639	26181782	26181782	0.9209	0.9980
chr19	45335001	45391000	2.6522	3	0.6695	0.6938	NONE	NONE	BAF_WEIGHTED	50	0.5240	45335001	45335001	0.8120	1.8402
chr19	45391001	58797000	1.8381	2416	0.5388	0.5373	NONE	NONE	BAF_WEIGHTED	11305	0.4865	45391001	45393001	0.8505	0.9876
chr19	58797001	59128983	0.9494	75	0.8478	1.0000	NONE	TELOMERE	BAF_WEIGHTED	231	0.5215	58797001	58797001	0.0000	0.9494
chr20	1	3899000	1.9702	433	0.5392	0.5167	TELOMERE	NONE	BAF_WEIGHTED	3527	0.4591	1	1	0.9521	1.0181
chr20	3899001	4012000	0.9778	2	0.8787	1.0000	NONE	NONE	BAF_WEIGHTED	111	0.4176	3899001	3899001	0.0000	0.9778
chr20	4012001	8767000	2.0012	1080	0.5360	0.5106	NONE	NONE	BAF_WEIGHTED	4496	0.4041	4012001	4017001	0.9794	1.0218
chr20	8767001	8823000	1.0294	5	0.8364	0.9587	NONE	NONE	BAF_WEIGHTED	55	0.3924	8766001	8767001	0.0425	0.9869
chr20	8823001	14811000	2.0293	1031	0.5356	0.5074	NONE	NONE	BAF_WEIGHTED	5718	0.3891	8823001	8823001	0.9997	1.0296
chr20	14811001	15171000	1.0079	20	0.8608	0.9973	NONE	NONE	BAF_WEIGHTED	341	0.3833	14811001	14811001	0.0027	1.0051
chr20	15171001	15276000	2.0449	35	0.5402	0.5108	NONE	NONE	BAF_WEIGHTED	103	0.3762	15171001	15171001	1.0004	1.0445
chr20	15276001	15713000	1.0580	120	0.8566	0.9883	NONE	NONE	BAF_WEIGHTED	405	0.3911	15276001	15276001	0.0124	1.0456
chr20	15713001	27869568	2.0248	1700	0.5378	0.5112	NONE	CENTROMERE	BAF_WEIGHTED	9286	0.4292	15713001	15713001	0.9898	1.0350
chr20	27869569	34464000	1.9160	354	0.5400	0.5193	CENTROMERE	NONE	BAF_WEIGHTED	4337	0.4651	27869569	27869569	0.9210	0.9950
chr20	34464001	35435000	2.9042	50	0.6424	0.6607	NONE	NONE	BAF_WEIGHTED	866	0.4825	34464001	34465001	0.9853	1.9190
chr20	35435001	35550000	2.2965	9	0.8036	0.8540	NONE	NONE	BAF_WEIGHTED	110	0.4966	35435001	35435001	0.3354	1.9611
chr20	35550001	42257000	3.0664	1013	0.6538	0.6729	NONE	NONE	BAF_WEIGHTED	6386	0.4376	35550001	35550001	1.0030	2.0634
chr20	42257001	42697000	2.0167	19	0.9196	0.9968	NONE	NONE	BAF_WEIGHTED	413	0.4651	42256001	42257001	0.0064	2.0103
chr20	42697001	63025520	3.0120	3054	0.6557	0.6754	NONE	TELOMERE	BAF_WEIGHTED	18328	0.4602	42697001	42697001	0.9776	2.0344
chr21	1	12788128	2.0333	0	0.0000	0.5059	TELOMERE	CENTROMERE	LONG_ARM	0	0.0990	1	1	1.0047	1.0286
chr21	12788129	17828000	2.0333	556	0.5374	0.5059	CENTROMERE	NONE	BAF_WEIGHTED	2276	0.3673	12788129	12788129	1.0047	1.0286
chr21	17828001	17913000	1.3047	1	0.6866	0.7411	NONE	NONE	BAF_WEIGHTED	83	0.3484	17828001	17828001	0.3378	0.9669
chr21	17913001	34986000	1.9868	2621	0.5362	0.5044	NONE	NONE	BAF_WEIGHTED	16176	0.3750	17913001	17913001	0.9848	1.0021
chr21	34986001	35234000	0.9842	8	0.8635	0.9953	NONE	NONE	BAF_WEIGHTED	239	0.4139	34986001	34986001	0.0046	0.9796
chr21	35234001	48129895	1.9850	2701	0.5367	0.5101	NONE	TELOMERE	BAF_WEIGHTED	11395	0.4570	35234001	35234001	0.9724	1.0126
chr22	1	14499999	0.9990	0	0.0000	1.0000	TELOMERE	CENTROMERE	LONG_ARM	0	0.0000	1	1	0.0000	0.9990
chr22	14500000	32119000	0.9990	2303	0.8509	0.9913	CENTROMERE	NONE	BAF_WEIGHTED	11674	0.4729	1	14500000	0.0087	0.9903
chr22	32119001	32198000	0.0268	4	0.5487	1.0000	NONE	NONE	BAF_WEIGHTED	78	0.4492	32119001	32119001	0.0000	0.0268
chr22	32198001	33708000	1.0103	346	0.8482	0.9919	NONE	NONE	BAF_WEIGHTED	1410	0.4480	32198001	32198001	0.0082	1.0021
chr22	33708001	33763000	0.0346	0	0.0000	1.0000	NONE	NONE	BAF_WEIGHTED	53	0.4531	33708001	33708001	0.0000	0.0346
chr22	33763001	51304566	0.9940	3404	0.8497	0.9920	NONE	TELOMERE	BAF_WEIGHTED	15268	0.4892	33763001	33763001	0.0079	0.9861
chrX	1	44821000	1.0017	0	0.0000	1.0000	TELOMERE	NONE	BAF_WEIGHTED	39144	0.3932	1	1	0.0000	1.0017
chrX	44821001	44887000	0.0173	0	0.0000	1.0000	NONE	NONE	BAF_WEIGHTED	55	0.3881	44821001	44821001	0.0000	0.0173
chrX	44887001	60132011	0.9965	0	0.0000	1.0000	NONE	CENTROMERE	BAF_WEIGHTED	10558	0.4144	44887001	44887001	0.0000	0.9965
chrX	60132012	63127000	1.0171	0	0.0000	1.0000	CENTROMERE	NONE	BAF_WEIGHTED	924	0.3822	60132012	60132012	0.0000	1.0171
chrX	63127001	63491000	0.0278	0	0.0000	1.0000	NONE	NONE	BAF_WEIGHTED	299	0.4052	63127001	63128001	0.0000	0.0278
chrX	63491001	64168000	1.0037	0	0.0000	1.0000	NONE	NONE	BAF_WEIGHTED	541	0.3884	63491001	63491001	0.0000	1.0037
chrX	64168001	64371000	0.0303	0	0.0000	1.0000	NONE	NONE	BAF_WEIGHTED	173	0.3801	64168001	64168001	0.0000	0.0303
chrX	64371001	155270560	1.0042	0	0.0000	1.0000	NONE	TELOMERE	BAF_WEIGHTED	75960	0.3871	64371001	64384001	0.0000	1.0042
chrY	1	11604552	0.9972	0	0.0000	1.0000	TELOMERE	CENTROMERE	BAF_WEIGHTED	2551	0.4077	1	1	0.0000	0.9972
chrY	11604553	59373566	0.9808	0	0.0000	1.0000	CENTROMERE	TELOMERE	BAF_WEIGHTED	6906	0.3868	11604553	11604553	0.0000	0.9808
