ID	ActiveDriverWGS	MutSig2CV_NC	NBR	oncodrivefml
mirna.prom::chr10:100227546-100227946_1::NA::NA	1	0.9999566994132402	1	NA
mirna.prom::chr10:103326294-103356036_3::NA::NA	1	0.9938055416901771	1	NA
mirna.prom::chr10:103377576-103410352_5::NA::NA	0.301322367366431	0.3791971634836589	0.726060234579283	0.20223
mirna.prom::chr10:104169047-104169435_1::NA::NA	1	0.9997073705794379	1	NA
mirna.prom::chr10:105844332-105844732_1::NA::NA	0.286630573194091	0.9900756970580489	0.545684511092346	0.73479
mirna.prom::chr10:106004592-106015268_2::NA::NA	0.518599392966913	0.9999787721907594	0.358497604625359	0.83565
mirna.prom::chr10:112708221-112734857_2::NA::NA	0.179782229083793	0.003571469771666113	0.593167850930934	0.78057
mirna.prom::chr10:114345687-114358658_3::NA::NA	1	0.9983298338625296	1	NA
mirna.prom::chr10:115933753-115933761_1::NA::NA	1	1.0	1	NA
mirna.prom::chr10:121690618-121693026_4::NA::NA	0.552323074694492	0.9918665863496622	0.991565949634073	0.88745
mirna.prom::chr10:12209898-12211236_2::NA::NA	0.908243405585338	0.9999999868555804	0.897376312345063	0.30583
mirna.prom::chr10:12611227-12611627_1::NA::NA	0.26948938562207	0.042876072294991796	0.502225034731772	0.79023
mirna.prom::chr10:126751936-126752336_1::NA::NA	1	0.9995293861473737	0.906657586568415	0.88183
mirna.prom::chr10:12781129-12781529_1::NA::NA	0.259575470501735	0.01020303804806103	0.146013628725607	0.93555
mirna.prom::chr10:131645458-131649809_2::NA::NA	0.521504500460205	0.4922954363616526	0.990133753218725	0.49439
mirna.prom::chr10:135067089-135067489_1::NA::NA	0.894500495228217	0.039612361577920974	0.894669878526169	0.26198
mirna.prom::chr10:135186644-135186743_1::NA::NA	1	0.993472567918372	1	NA
mirna.prom::chr10:21786391-21789624_2::NA::NA	1	0.9979409253586106	1	NA
mirna.prom::chr10:23632547-23632693_1::NA::NA	0.482784231097736	0.9999999976923054	0.719836887156052	0.29376
mirna.prom::chr10:28591745-28591783_1::NA::NA	1	1.0	1	NA
mirna.prom::chr10:29940594-29940994_1::NA::NA	0.737969235455413	0.9976957674285216	0.86019363023009	0.54488
mirna.prom::chr10:30687792-30692125_2::NA::NA	1	0.9999669786325129	1	NA
mirna.prom::chr10:35379053-35379092_1::NA::NA	1	0.9997917804628011	1	NA
mirna.prom::chr10:43447036-43447436_2::NA::NA	1	0.9992222392455237	1	NA
mirna.prom::chr10:53021399-53021799_1::NA::NA	0.848661168072907	0.9977237801914078	0.834003192717767	0.44915
mirna.prom::chr10:6205885-6243745_3::NA::NA	0.666357688857659	0.9955075948805768	0.941096514220703	0.85094
mirna.prom::chr10:65132834-65133234_1::NA::NA	1	0.9895581838762252	1	NA
mirna.prom::chr10:69172349-69172749_1::NA::NA	1	0.9916609454235131	1	NA
mirna.prom::chr10:694729-695129_1::NA::NA	1	0.9997399959749398	1	NA
mirna.prom::chr10:73533040-73537925_2::NA::NA	1	0.998388016563346	1	NA
mirna.prom::chr10:74472261-74472634_1::NA::NA	1	0.9998081060169536	1	NA
mirna.prom::chr10:77311776-77313578_2::NA::NA	0.312054389113631	0.14753786860234677	0.628324059694255	0.62362
mirna.prom::chr10:88043276-88043676_1::NA::NA	0.849846276668852	0.999985576270182	0.925444419334908	0.49412
mirna.prom::chr10:91352601-91352947_1::NA::NA	1	0.9998758511747681	1	NA
mirna.prom::chr10:97849995-97850168_1::NA::NA	0.0660578624147884	0.9915988047476472	0.148792867323006	0.23027
mirna.prom::chr10:98592238-98593465_3::NA::NA	0.983442483644633	1.0	0.834541223548777	0.8785
mirna.prom::chr11:10530923-10530925_1::NA::NA	1	0.9999999999999998	1	NA
mirna.prom::chr11:111383279-111383582_1::NA::NA	1	0.998328615380574	1	NA
mirna.prom::chr11:11815169-11815569_1::NA::NA	1	0.9996761268596693	0.890793935161468	0.26553
mirna.prom::chr11:118502345-118505914_4::NA::NA	0.587021747468475	0.06884361685655752	0.154699099274349	0.8967
mirna.prom::chr11:118773637-118780421_3::NA::NA	0.556091885444429	0.26596768597297143	0.680643645388308	0.81714
mirna.prom::chr11:119186530-119188046_2::NA::NA	0.400243259798469	0.05134385991614982	0.62988084422929	0.0321
mirna.prom::chr11:121970947-121971075_1::NA::NA	1	0.9970839661824556	1	NA
mirna.prom::chr11:122030003-122051037_2::NA::NA	0.121580873804895	0.9976957674285216	0.321322234030382	0.58554
mirna.prom::chr11:1273760-1273994_1::NA::NA	1	1.0	0.758311114998442	0.64119
mirna.prom::chr11:128391601-128391801_1::NA::NA	1	0.9997800949068104	1	NA
mirna.prom::chr11:133788546-133789630_2::NA::NA	0.725567818633416	0.9989471879827627	0.976917058140859	0.77134
mirna.prom::chr11:16030117-16038816_2::NA::NA	0.830495738956708	0.9957350963449253	0.699398323379972	0.95476
mirna.prom::chr11:18386300-18386455_1::NA::NA	0.259603169954329	0.998685333840142	0.609072121052332	0.34427
mirna.prom::chr11:1929359-1929759_1::NA::NA	0.831160587815529	0.12304846451061714	0.229121404315844	0.99493
mirna.prom::chr11:19561510-19561910_1::NA::NA	0.648841691418972	0.9985304932379383	0.857390821129711	0.38147
mirna.prom::chr11:19798477-19798812_1::NA::NA	1	0.9949913933549357	1	NA
mirna.prom::chr11:2019105-2019234_1::NA::NA	1	0.9995999333501397	1	NA
mirna.prom::chr11:2162668-2162709_1::NA::NA	0.0987120496075846	0.024898600774507763	0.353156448633372	0.32964
mirna.prom::chr11:2187799-2188046_2::NA::NA	1	0.9998048419479945	1	NA
mirna.prom::chr11:43556810-43578991_4::NA::NA	0.538857299180217	0.23692652256475505	0.852897718195848	0.94287
mirna.prom::chr11:43596658-43602886_4::NA::NA	0.72363904143116	0.5265291373833795	0.46009603718637	0.11718
mirna.prom::chr11:46367186-46397857_6::NA::NA	1	0.9994652925826575	0.916274901621188	0.33404
mirna.prom::chr11:46485169-46485569_1::NA::NA	0.732673402674722	0.9999987572958372	0.873812446881529	0.52457
mirna.prom::chr11:46781978-46782000_1::NA::NA	1	1.0	1	NA
mirna.prom::chr11:47377117-47422088_2::NA::NA	1	0.9970113641841023	1	NA
mirna.prom::chr11:48092532-48092932_1::NA::NA	1	0.9994741388336468	1	NA
mirna.prom::chr11:569218-576039_2::NA::NA	0.632318642975739	0.1830509678187387	0.926768384968012	0.16135
mirna.prom::chr11:57405770-57407233_3::NA::NA	1	0.239806533855735	0.887155898429233	0.06232
mirna.prom::chr11:61248791-61248828_1::NA::NA	1	0.999605397951714	1	NA
mirna.prom::chr11:61659206-61687948_2::NA::NA	1	1.0	1	NA
mirna.prom::chr11:62569203-62609034_4::NA::NA	0.00664392392628744	0.06888218397085065	0.0951192824385247	0.60184
mirna.prom::chr11:64109948-64110348_3::NA::NA	1	0.9900836430202661	1	NA
mirna.prom::chr11:64667715-64668349_2::NA::NA	0.239112441561305	0.9904773840327121	0.530516886000669	0.84704
mirna.prom::chr11:64668141-64668349_1::NA::NA	0.0627078458209739	0.9904773840327121	0.216040028032587	0.88487
mirna.prom::chr11:64681992-64701148_3::NA::NA	1	0.9984453274123966	1	NA
mirna.prom::chr11:64781863-64781877_1::NA::NA	1	1.0000000000000002	1	NA
mirna.prom::chr11:65190191-65190244_1::NA::NA	0.0174522495059638	0.008533206404108745	0.0234815019951811	0.89209
mirna.prom::chr11:65398081-65402196_3::NA::NA	0.173050082727265	0.1036447605871933	0.430262758923295	0.26694
mirna.prom::chr11:66710830-66711230_1::NA::NA	0.276992408095846	0.04849316992939427	0.43598539505043	0.51493
mirna.prom::chr11:66790520-66790615_1::NA::NA	0.212270519046602	0.9904914105038509	0.400884341084625	0.07896
mirna.prom::chr11:67250734-67250818_1::NA::NA	1	0.9978115283928705	1	NA
mirna.prom::chr11:68853707-68853931_1::NA::NA	0.551627181319655	0.19876318013603977	0.761459732971021	0.04361
mirna.prom::chr11:70124282-70125503_2::NA::NA	1	0.15093258030663598	0.347647374621369	0.64792
mirna.prom::chr11:70732283-70732373_1::NA::NA	1	0.9976209161889683	0.428297202161127	0.50526
mirna.prom::chr11:71159681-71172468_3::NA::NA	0.972324843292296	0.1472344738055262	0.900929418755333	0.93409
mirna.prom::chr11:72353270-72353275_1::NA::NA	1	0.9999999999999999	1	NA
mirna.prom::chr11:74109891-74110281_1::NA::NA	0.981747557159309	0.9998238126104523	0.901383438676743	0.26866
mirna.prom::chr11:74442630-74457392_2::NA::NA	1	0.9993391782898786	1	NA
mirna.prom::chr11:79114056-79114456_1::NA::NA	0.0455424399552753	0.4425882204857384	0.08068912927981	0.50479
mirna.prom::chr11:79114056-79152041_2::NA::NA	0.0715164182466386	0.9988219242213461	0.106370272784886	0.60915
mirna.prom::chr11:79151992-79152041_1::NA::NA	1	0.9949416540159057	1	NA
mirna.prom::chr11:87908835-87908865_1::NA::NA	1	0.999994269939244	1	NA
mirna.prom::chr11:9111926-9112316_1::NA::NA	0.959784340421871	0.9999802223375948	0.861075891543107	0.45031
mirna.prom::chr12:100535682-100536082_1::NA::NA	0.798420976170332	0.24441414884258203	0.845639348253432	0.98485
mirna.prom::chr12:104324348-104324385_1::NA::NA	1	0.998132286511566	1	NA
mirna.prom::chr12:108986193-108986207_1::NA::NA	1	0.9907560791451605	1	NA
mirna.prom::chr12:110270960-110271006_1::NA::NA	1	1.0000000000000002	1	NA
mirna.prom::chr12:111707507-111731229_3::NA::NA	0.892503241889044	0.9960382316318677	0.897411539549117	0.60838
mirna.prom::chr12:112204925-112204963_1::NA::NA	1	1.0000000000000002	1	NA
mirna.prom::chr12:112601561-112601777_1::NA::NA	1	0.9863628363478679	1	NA
mirna.prom::chr12:113599295-113601325_3::NA::NA	0.867248588998064	0.9999951146496662	0.862699453473478	0.76124
mirna.prom::chr12:116622034-116622434_1::NA::NA	0.675315819141389	0.9989448315196764	0.888030988819264	0.69995
mirna.prom::chr12:120632713-120632716_1::NA::NA	1	1.0	1	NA
mirna.prom::chr12:121154373-121157570_4::NA::NA	0.1013182398441	0.09011455311143747	0.398592136485457	0.35468
mirna.prom::chr12:121884658-121885539_2::NA::NA	0.259556236797085	0.9950957772993607	0.651455421813067	0.14992
mirna.prom::chr12:124018465-124018511_1::NA::NA	1	0.9999999999999998	1	NA
mirna.prom::chr12:124826178-124829925_2::NA::NA	0.325150194951163	0.29941917091847947	0.592947493430587	0.57553
mirna.prom::chr12:128707727-128708127_1::NA::NA	0.0812656564584979	0.9957074942862876	0.447692118857183	0.94009
mirna.prom::chr12:12873745-12879105_4::NA::NA	0.914102816247851	0.18497451830991904	0.277962155988144	0.3547
mirna.prom::chr12:128751646-128751747_1::NA::NA	1	0.9999999999999998	1	NA
mirna.prom::chr12:13044604-13044707_1::NA::NA	1	0.997858857614399	1	NA
mirna.prom::chr12:133148936-133149092_1::NA::NA	1	0.9999942407506256	1	NA
mirna.prom::chr12:1770986-1771386_1::NA::NA	1	0.9910199966755697	1	NA
mirna.prom::chr12:24330214-24330614_1::NA::NA	0.800954981359345	0.9999996876140782	0.869599067741876	0.3969
mirna.prom::chr12:48478641-48478832_1::NA::NA	1	0.9966459132787872	1	NA
mirna.prom::chr12:49089760-49090011_2::NA::NA	1	0.9997348865750442	1	NA
mirna.prom::chr12:49165856-49166256_2::NA::NA	1	0.998804175609334	1	NA
mirna.prom::chr12:53440952-53448561_3::NA::NA	0.692661489261404	0.993374928638521	0.728338923493618	0.41523
mirna.prom::chr12:54379897-54384207_4::NA::NA	0.887442065437796	0.13915000653877724	0.790785767456708	0.30832
mirna.prom::chr12:54424607-54424881_1::NA::NA	0.987000160122267	0.999220040881692	0.796319407969616	0.83846
mirna.prom::chr12:54687185-54719136_3::NA::NA	0.069019020469329	0.9971532901790179	0.325459294225508	0.8842
mirna.prom::chr12:57578241-57588116_3::NA::NA	0.989025367515102	0.256529304913605	0.288472845055643	NA
mirna.prom::chr12:57902300-57902700_1::NA::NA	1	0.9989973501586134	1	NA
mirna.prom::chr12:57914070-57921906_4::NA::NA	0.0349324861860087	0.10056505390705546	0.174817231911801	0.09284
mirna.prom::chr12:58258970-58263376_3::NA::NA	0.728069570583294	0.47472398913660485	0.612677494633007	0.9699
mirna.prom::chr12:62653645-62653751_1::NA::NA	1	0.9914235121349239	1	NA
mirna.prom::chr12:62997414-62997465_1::NA::NA	0.124788442481835	0.9911619702482131	0.3034712902126	0.79836
mirna.prom::chr12:65003829-65004092_1::NA::NA	1	0.9960956499733125	1	NA
mirna.prom::chr12:66430045-66431607_2::NA::NA	0.00620883144979059	0.16798982627544717	0.00730384352994418	0.1733
mirna.prom::chr12:69677809-69678176_1::NA::NA	1	0.9956892825834249	1	NA
mirna.prom::chr12:7037185-7064709_3::NA::NA	1	0.9942185112412356	1	NA
mirna.prom::chr12:79775422-79775822_1::NA::NA	0.781027266639474	0.9901955335164121	0.965746460955546	0.82526
mirna.prom::chr12:81241372-81258938_2::NA::NA	0.870552661714112	0.9967453203777349	0.980796031582929	0.90921
mirna.prom::chr12:9393141-9393252_1::NA::NA	1	0.9870376951251865	1	NA
mirna.prom::chr12:94943312-94943598_1::NA::NA	1	0.9911131454184905	1	NA
mirna.prom::chr12:95656203-95680998_3::NA::NA	0.495170308221049	0.9999976563067801	0.751952999658491	0.91692
mirna.prom::chr12:95656203-95680998_4::NA::NA	0.586918734601216	0.9999694508598571	0.798530358954355	0.89437
mirna.prom::chr12:97856656-97858785_2::NA::NA	0.68923274385502	0.893502501602033	0.995590447456447	0.84934
mirna.prom::chr12:97954951-97955351_1::NA::NA	0.690620560192648	0.9998935428074502	0.968758753161832	0.22627
mirna.prom::chr12:98362783-98363183_1::NA::NA	0.511322059131014	0.9985769894312877	0.984095439018675	0.30729
mirna.prom::chr12:98391973-98392373_1::NA::NA	0.610026542216641	0.5001324280989506	0.660621987546554	0.14352
mirna.prom::chr13:102738485-102738885_1::NA::NA	0.727163593772829	0.9998201753327651	0.920032670438823	0.35233
mirna.prom::chr13:110951177-110951577_1::NA::NA	1	0.9998733248131719	1	NA
mirna.prom::chr13:113909445-113909684_1::NA::NA	1	0.9997818232121672	1	NA
mirna.prom::chr13:21009720-21010120_1::NA::NA	0.84825567809354	0.05265680899184954	0.806216394694897	0.28925
mirna.prom::chr13:41345104-41345109_1::NA::NA	1	1.0	1	NA
mirna.prom::chr13:41363832-41363877_1::NA::NA	1	1.0	1	NA
mirna.prom::chr13:41707082-41707129_1::NA::NA	1	0.9999578483182608	1	NA
mirna.prom::chr13:42154788-42155188_1::NA::NA	1	0.9929531525143663	0.869620545674345	0.4872
mirna.prom::chr13:50655935-50655952_1::NA::NA	1	0.9999999999999999	1	NA
mirna.prom::chr13:53370157-53370557_1::NA::NA	0.802818592178305	0.9999981306820988	0.943483844281565	0.80524
mirna.prom::chr13:66583190-66583590_1::NA::NA	0.142777172653778	0.38926305117570403	0.223976714232393	0.86124
mirna.prom::chr13:78272768-78272815_1::NA::NA	1	0.9985310795742774	1	NA
mirna.prom::chr13:90874546-90874946_1::NA::NA	1	0.9904660252353941	1	NA
mirna.prom::chr13:91999751-92000073_1::NA::NA	1	1.0	1	NA
mirna.prom::chr13:97067381-97067781_1::NA::NA	0.135727484458687	0.7337688684590516	0.402553534719472	0.93013
mirna.prom::chr13:98828450-98838899_2::NA::NA	1	0.9960881461671577	1	NA
mirna.prom::chr14:100531957-100531964_1::NA::NA	0.00933870525586829	0.9941147165510176	0.067464709674023	0.37934
mirna.prom::chr14:100610573-100625732_2::NA::NA	1	0.9910277739308608	1	NA
mirna.prom::chr14:100773070-100773249_1::NA::NA	1	0.9993821069426239	1	NA
mirna.prom::chr14:101292264-101292620_2::NA::NA	0.991026907931333	0.29109415405993	0.834364112208681	0.54949
mirna.prom::chr14:101371211-101371611_1::NA::NA	0.65760253728326	0.17195937022019925	0.94676664853865	0.13883
mirna.prom::chr14:101453728-101454128_1::NA::NA	1	0.9957998656994093	0.964619346222466	0.77006
mirna.prom::chr14:101489597-101489997_2::NA::NA	1	0.9957998656994093	0.919384402464453	0.21695
mirna.prom::chr14:101491248-101491648_2::NA::NA	0.519493092091564	0.2865788500811395	0.615438077053558	0.18816
mirna.prom::chr14:101512580-101512980_2::NA::NA	0.725854790748313	0.2687133030968259	0.92078711969278	0.39771
mirna.prom::chr14:101527099-101527499_1::NA::NA	0.66810881020143	0.9967971456046492	0.775704539612144	0.73194
mirna.prom::chr14:102030484-102050574_3::NA::NA	0.81324882916715	0.6234931326684463	0.695559223177774	0.43994
mirna.prom::chr14:102975852-102975859_1::NA::NA	1	0.9999999999999998	1	NA
mirna.prom::chr14:104583357-104583741_1::NA::NA	1	0.032109468338802044	0.843672183766206	0.37859
mirna.prom::chr14:104602369-104604365_2::NA::NA	1	0.9996811746480011	1	NA
mirna.prom::chr14:105156173-105169200_3::NA::NA	0.415771140757283	0.013008001416180453	0.751454917967779	0.95639
mirna.prom::chr14:105617268-105617515_2::NA::NA	1	0.9999910156291816	1	NA
mirna.prom::chr14:106333378-106333778_1::NA::NA	0.522282639056212	0.9999965224601794	0.852932765452072	0.0957
mirna.prom::chr14:23862286-23879070_3::NA::NA	0.787795200308216	0.4172105957087369	0.621677240081872	0.77259
mirna.prom::chr14:23862286-23904727_4::NA::NA	0.775018250462948	0.9936910476783226	0.608162106426871	0.76756
mirna.prom::chr14:23904693-23904727_1::NA::NA	1	0.9989501013840035	1	NA
mirna.prom::chr14:23928510-23928910_1::NA::NA	1	0.9959233861942055	1	NA
mirna.prom::chr14:24620885-24621272_2::NA::NA	0.228669340796825	0.034576793351081395	0.567682767550427	0.70629
mirna.prom::chr14:27340146-27342128_2::NA::NA	0.540029187312802	0.6702344036215566	0.986464241961349	0.51159
mirna.prom::chr14:28142075-28142475_2::NA::NA	0.438967414469041	0.1871954382168448	0.139741288773377	0.17842
mirna.prom::chr14:31509192-31509592_1::NA::NA	0.618813941159301	0.9967649933788889	0.849456414312822	0.01626
mirna.prom::chr14:48238987-48239387_1::NA::NA	0.117034962176705	0.05485038036185167	0.0906690590238697	0.14225
mirna.prom::chr14:50766799-50789208_2::NA::NA	1	0.999019032545342	1	NA
mirna.prom::chr14:60132633-60133033_1::NA::NA	0.473613978355126	0.9989997312777885	0.703763897331355	0.24983
mirna.prom::chr14:64608247-64608581_1::NA::NA	0.115412167949824	0.29906666422027517	0.431856307323008	0.66821
mirna.prom::chr14:65807772-65808172_1::NA::NA	0.614067511398868	0.18459349751619536	0.463036715617127	0.03999
mirna.prom::chr14:74187834-74189693_2::NA::NA	1	0.9995162199916183	1	NA
mirna.prom::chr14:77702579-77702946_1::NA::NA	1	0.998888801988437	1	NA
mirna.prom::chr14:94423072-94423105_1::NA::NA	1	0.996876170878994	1	NA
mirna.prom::chr14:95623959-95623981_1::NA::NA	1	1.0	1	NA
mirna.prom::chr15:102501637-102501975_2::NA::NA	1	0.9896526358443999	1	NA
mirna.prom::chr15:20988412-21022515_2::NA::NA	1	0.9994700563539224	1	NA
mirna.prom::chr15:21112411-21112811_1::NA::NA	1	0.9945583310189628	1	NA
mirna.prom::chr15:22676365-22676765_1::NA::NA	1	0.9967270068486497	1	NA
mirna.prom::chr15:26095495-26095895_1::NA::NA	0.533153385888447	0.3035923764751897	0.282738913256678	0.71334
mirna.prom::chr15:28753954-28754015_1::NA::NA	1	1.0	1	NA
mirna.prom::chr15:31372636-31373036_1::NA::NA	0.164624676454643	0.18586822104582443	0.194060378715869	0.15537
mirna.prom::chr15:35690187-35696263_3::NA::NA	0.894968808112589	0.9970462614735319	0.93959009920314	0.99024
mirna.prom::chr15:36208719-36209119_1::NA::NA	0.98726553661391	0.5245495127694845	0.947057320305788	0.22934
mirna.prom::chr15:37284259-37308542_7::NA::NA	0.578597366469137	0.9310505432703422	0.967192435440742	0.70894
mirna.prom::chr15:41952809-41952832_1::NA::NA	1	1.0	1	NA
mirna.prom::chr15:42174363-42174460_1::NA::NA	1	1.0	1	NA
mirna.prom::chr15:44092996-44118960_3::NA::NA	0.705109758135533	0.07838938086851609	0.819065929135804	0.04792
mirna.prom::chr15:50646984-50647121_1::NA::NA	1	1.0	1	NA
mirna.prom::chr15:51559503-51570796_2::NA::NA	0.621004636104754	0.4015664661973646	0.27102484701321	0.056
mirna.prom::chr15:51610470-51610489_1::NA::NA	1	0.9915944791973442	1	NA
mirna.prom::chr15:52587757-52587766_1::NA::NA	1	0.9938052310135124	1	NA
mirna.prom::chr15:55665232-55666502_3::NA::NA	0.604039474475607	0.9999290235729569	0.83100449938511	0.15856
mirna.prom::chr15:55666102-55666502_2::NA::NA	0.558698101337009	0.9999290235729569	0.812024367016258	0.1718
mirna.prom::chr15:62599304-62599704_1::NA::NA	0.0767945003333829	0.9924640833869807	0.324381964859104	0.80899
mirna.prom::chr15:63069115-63069511_1::NA::NA	1	0.986455659464395	1	NA
mirna.prom::chr15:65061810-65062210_1::NA::NA	0.759734132372179	0.2582262115737056	0.245073203271308	0.16418
mirna.prom::chr15:66016165-66025391_7::NA::NA	0.841808662964599	0.8286908616963073	0.727245516169687	0.7335
mirna.prom::chr15:66796977-66796983_1::NA::NA	1	1.0	1	NA
mirna.prom::chr15:69106806-69118201_3::NA::NA	1	0.9998236847710912	1	NA
mirna.prom::chr15:70375658-70376058_1::NA::NA	1	0.9959098302981578	1	NA
mirna.prom::chr15:72873338-72873472_1::NA::NA	0.159441837612284	1.0	0.54848982767157	0.31462
mirna.prom::chr15:74734444-74734844_1::NA::NA	1	0.9999399787009723	1	NA
mirna.prom::chr15:75135287-75135334_1::NA::NA	1	0.9982625010219303	1	NA
mirna.prom::chr15:75654553-75654677_1::NA::NA	0.135884779606952	0.9898575276178653	0.444777731030926	0.11342
mirna.prom::chr15:76077937-76078323_1::NA::NA	1	0.99007280177535	1	NA
mirna.prom::chr15:81292957-81293094_1::NA::NA	1	0.9998593411867978	1	NA
mirna.prom::chr15:83704132-83704532_1::NA::NA	1	0.9999891869471684	1	NA
mirna.prom::chr15:86337893-86352817_3::NA::NA	0.834902892267261	0.9994938836520059	0.965651553804044	0.81587
mirna.prom::chr15:86338461-86338534_1::NA::NA	1	0.9999995500799541	1	NA
mirna.prom::chr15:89147834-89148088_1::NA::NA	1	0.9980558346304947	1	NA
mirna.prom::chr15:89165044-89165095_1::NA::NA	1	0.9979888861894036	1	NA
mirna.prom::chr15:89877864-89877878_1::NA::NA	1	1.0	1	NA
mirna.prom::chr15:89900035-89910907_8::NA::NA	0.53637454023388	0.9990902720132887	0.853117621191543	0.61708
mirna.prom::chr15:89901885-89915707_9::NA::NA	0.743349068422629	0.4181762161499536	0.777114308330504	0.45386
mirna.prom::chr15:90544852-90544913_1::NA::NA	1	0.9999999999999998	1	NA
mirna.prom::chr15:99279533-99279933_1::NA::NA	0.672297829285706	0.2972994030491991	0.840475009084037	0.02203
mirna.prom::chr16:112281-112529_1::NA::NA	0.001805183123238	0.9886481386477699	0.0537220153204924	0.55199
mirna.prom::chr16:11439768-11440168_1::NA::NA	1	0.9969390876732764	1	NA
mirna.prom::chr16:12798926-12799048_1::NA::NA	1	0.9986360732759845	1	NA
mirna.prom::chr16:14395914-14396144_1::NA::NA	1	0.9999999999999998	1	NA
mirna.prom::chr16:15150121-15150124_1::NA::NA	1	1.0000000000000002	1	NA
mirna.prom::chr16:15234231-15248706_3::NA::NA	1	0.99921374879566	1	NA
mirna.prom::chr16:15693628-15730925_2::NA::NA	0.835921342086167	0.998886813894993	0.98374046854722	0.41338
mirna.prom::chr16:15710048-15714916_4::NA::NA	1	0.9969971898417544	1	NA
mirna.prom::chr16:1779819-1781967_2::NA::NA	0.19921950086581	0.9987206589034279	0.559833727586872	0.34428
mirna.prom::chr16:2140840-2143805_2::NA::NA	1	0.9992807340765155	1	NA
mirna.prom::chr16:2140840-2145602_4::NA::NA	1	0.9947078840558279	1	NA
mirna.prom::chr16:21531765-21532014_1::NA::NA	1	0.9979237210702976	1	NA
mirna.prom::chr16:2182927-2183327_2::NA::NA	1	0.9947078840558279	1	NA
mirna.prom::chr16:2205359-2232522_8::NA::NA	0.00240917619207088	0.6873872536812408	0.0372084317188165	0.3201
mirna.prom::chr16:2318613-2318623_1::NA::NA	1	1.0	1	NA
mirna.prom::chr16:24192255-24192539_1::NA::NA	0.91716131958593	0.22656075629272276	0.94496289208695	0.06276
mirna.prom::chr16:2479594-2479629_1::NA::NA	1	1.0	1	NA
mirna.prom::chr16:2582040-2582440_1::NA::NA	1	0.9989092212369488	1	NA
mirna.prom::chr16:28857447-28857529_1::NA::NA	1	0.9966282849083143	1	NA
mirna.prom::chr16:30904088-30904385_2::NA::NA	0.209470005238676	0.9995962640785192	0.561568107423416	0.91266
mirna.prom::chr16:30934591-30934786_1::NA::NA	1	0.9999881538512698	1	NA
mirna.prom::chr16:3542461-3551343_4::NA::NA	1	0.9999848918906397	1	NA
mirna.prom::chr16:4714782-4715017_1::NA::NA	0.36663564233557	0.9894377204713768	0.232686217585327	0.12023
mirna.prom::chr16:50280247-50307863_2::NA::NA	1	0.9999999999999999	1	NA
mirna.prom::chr16:56860384-56860784_1::NA::NA	0.119322491558953	0.025966114635823198	0.00544584302417395	0.12227
mirna.prom::chr16:57836145-57836161_1::NA::NA	1	0.9999999999999999	1	NA
mirna.prom::chr16:67242013-67242208_1::NA::NA	1	0.9949086332988668	1	NA
mirna.prom::chr16:76880316-76880716_1::NA::NA	0.837558616355216	0.9964430847563027	0.931558779064765	0.13179
mirna.prom::chr16:81386347-81390857_2::NA::NA	0.740287173505958	0.9955708646568436	0.934142666700619	0.60552
mirna.prom::chr16:81565728-81566128_1::NA::NA	0.475089916504236	0.9998354131412177	0.823447224084055	0.96989
mirna.prom::chr16:81635556-81635956_1::NA::NA	1	0.9971142682329758	1	NA
mirna.prom::chr16:817342-817742_2::NA::NA	1	0.999952223267426	1	NA
mirna.prom::chr16:82703089-82703489_1::NA::NA	0.550447331489298	0.7690420088075005	0.440254483578986	0.67141
mirna.prom::chr16:85932968-85932977_1::NA::NA	1	1.0	1	NA
mirna.prom::chr16:87873077-87903548_3::NA::NA	1	0.9999916937887164	1	NA
mirna.prom::chr16:88511553-88534409_3::NA::NA	0.972117459618009	0.0031182154778959933	0.596543191580228	0.68319
mirna.prom::chr16:88782911-88818393_7::NA::NA	1	0.999981624982226	1	NA
mirna.prom::chr17:11984988-11985388_2::NA::NA	1	0.9999587064420746	1	NA
mirna.prom::chr17:13460059-13493119_2::NA::NA	0.59602795243135	0.48266628128396705	0.360363376042114	NA
mirna.prom::chr17:15164098-15164319_1::NA::NA	1	0.9978288194256755	1	NA
mirna.prom::chr17:16149013-16184993_3::NA::NA	1	0.9977855299413475	1	NA
mirna.prom::chr17:1619319-1619417_1::NA::NA	1	0.9934540929027978	1	NA
mirna.prom::chr17:17726712-17726732_1::NA::NA	1	1.0	1	NA
mirna.prom::chr17:1954556-1958620_2::NA::NA	1	0.9984219719432117	1	NA
mirna.prom::chr17:1963017-1963132_1::NA::NA	1	0.9984219719432117	1	NA
mirna.prom::chr17:2597590-2598661_2::NA::NA	0.331438596313397	1.0	0.612965452182961	0.78422
mirna.prom::chr17:2652745-2658915_2::NA::NA	1	0.9937241171925785	1	NA
mirna.prom::chr17:27207637-27209584_2::NA::NA	1	0.9957883082527519	1	NA
mirna.prom::chr17:27209488-27209584_1::NA::NA	1	0.9965122356670746	1	NA
mirna.prom::chr17:27238444-27238466_1::NA::NA	1	0.999402036530313	1	NA
mirna.prom::chr17:27717171-27717281_1::NA::NA	0.302168602819981	1.0	0.465876562262044	0.57378
mirna.prom::chr17:28435874-28436274_1::NA::NA	0.236229281313967	0.29949979407011695	0.545418517832092	0.61056
mirna.prom::chr17:28444389-28444659_2::NA::NA	1	0.9913709532841359	1	NA
mirna.prom::chr17:29813550-29813950_1::NA::NA	0.240466979618204	0.9971667311317567	0.516407135997737	0.29337
mirna.prom::chr17:29877013-29877219_2::NA::NA	0.266159700743254	0.06651166319856541	0.529133401059456	0.23798
mirna.prom::chr17:29885938-29886338_1::NA::NA	1	0.9971667311317567	1	NA
mirna.prom::chr17:35349957-35378212_3::NA::NA	0.422927279635547	0.7606124983410381	0.765059850553322	0.86256
mirna.prom::chr17:36861384-36861594_1::NA::NA	1	1.0	1	NA
mirna.prom::chr17:36862633-36862891_1::NA::NA	1	0.9935050564173039	1	NA
mirna.prom::chr17:36955277-36955512_1::NA::NA	1	0.9988265921893114	1	NA
mirna.prom::chr17:37023701-37024101_2::NA::NA	0.0275746609327277	0.1397270103419718	0.0484298944914198	0.69483
mirna.prom::chr17:37880734-37880958_1::NA::NA	0.413025238723159	0.9983711149274448	0.720103733778366	0.52833
mirna.prom::chr17:38183402-38188289_2::NA::NA	0.832513956129526	0.9965796513469288	0.88457834365325	0.52446
mirna.prom::chr17:38275654-38317985_2::NA::NA	0.778519366462345	0.9964580816970395	0.870082435622861	0.81603
mirna.prom::chr17:38347504-38347813_2::NA::NA	1	1.0	1	NA
mirna.prom::chr17:40636409-40639595_3::NA::NA	0.58433120673471	0.9997623193712962	0.825302044900409	0.16009
mirna.prom::chr17:40660152-40661204_2::NA::NA	0.831696273735911	0.29286577474157705	0.985041781242092	0.77356
mirna.prom::chr17:40901014-40905931_2::NA::NA	1	0.9984458214289962	1	NA
mirna.prom::chr17:41476526-41476569_1::NA::NA	1	0.9999999999999999	1	NA
mirna.prom::chr17:42288570-42288639_1::NA::NA	0.106974630060631	0.07927707195208662	0.37035735964274	0.36163
mirna.prom::chr17:43013342-43013393_1::NA::NA	1	0.9865787994299793	1	NA
mirna.prom::chr17:43197864-43239011_4::NA::NA	1	0.9996743730061918	1	NA
mirna.prom::chr17:43568310-43568317_1::NA::NA	1	1.0	1	NA
mirna.prom::chr17:46240801-46241201_1::NA::NA	0.993342057622358	0.9991687808295433	0.909813838329189	0.57965
mirna.prom::chr17:46659641-46659647_1::NA::NA	1	1.0	1	NA
mirna.prom::chr17:46710818-46716930_3::NA::NA	0.663135364697316	0.994238758363957	0.979696075101993	0.66461
mirna.prom::chr17:46710818-46716930_4::NA::NA	0.56814378336033	0.6498994274280331	0.830043707161967	0.38079
mirna.prom::chr17:46804425-46828937_2::NA::NA	0.798169276232982	0.9940982822047693	0.776354645787068	0.20588
mirna.prom::chr17:47584026-47584237_1::NA::NA	1	0.99727096454741	1	NA
mirna.prom::chr17:4875955-4900705_3::NA::NA	1	0.9984875440961649	1	NA
mirna.prom::chr17:56409869-56410072_1::NA::NA	1	0.9950852066902963	1	NA
mirna.prom::chr17:56409869-56415676_2::NA::NA	1	0.9951073276914331	1	NA
mirna.prom::chr17:56415276-56415676_1::NA::NA	1	0.9951073276914331	1	NA
mirna.prom::chr17:57242474-57248279_2::NA::NA	0.453521186393378	0.9980574269812648	0.54654320273956	0.65039
mirna.prom::chr17:57409262-57409266_1::NA::NA	1	0.9999999999999998	1	NA
mirna.prom::chr17:57915164-57915215_1::NA::NA	1	1.0	1	NA
mirna.prom::chr17:58144148-58155893_2::NA::NA	1	0.9999996683169599	0.919534244792753	0.10424
mirna.prom::chr17:61000113-61000513_1::NA::NA	0.292049051836583	0.3409441028273884	0.106104582713795	0.16463
mirna.prom::chr17:62776415-62776454_1::NA::NA	1	0.9971831686596389	1	NA
mirna.prom::chr17:62833272-62833670_1::NA::NA	1	0.9940454485126482	1	NA
mirna.prom::chr17:64781582-64781982_1::NA::NA	1	0.9992390958975296	1	NA
mirna.prom::chr17:65420661-65421061_1::NA::NA	0.196035246529929	0.015163147483274889	0.508721841387324	0.83395
mirna.prom::chr17:6558010-6558410_2::NA::NA	0.385842249632337	0.9990831589588657	0.68129604434815	0.42046
mirna.prom::chr17:6571874-6572274_1::NA::NA	1	0.9990831589588657	1	NA
mirna.prom::chr17:66453820-66453824_1::NA::NA	1	0.9999999999999998	1	NA
mirna.prom::chr17:6923368-6927381_2::NA::NA	0.729450608469565	0.9982659807941587	0.877814914449439	0.12198
mirna.prom::chr17:7130874-7131181_2::NA::NA	1	0.9964039082114958	1	NA
mirna.prom::chr17:72736411-72744590_2::NA::NA	0.481624836383233	0.9921789830835013	0.668605851031366	0.29347
mirna.prom::chr17:73400738-73400915_1::NA::NA	1	0.9999646700511307	1	NA
mirna.prom::chr17:73494092-73494492_2::NA::NA	0.409964048394965	0.9999813139999425	0.697595648953032	0.43577
mirna.prom::chr17:74735606-74740806_2::NA::NA	0.97978077197236	0.9990383302889704	0.95473378597758	0.16522
mirna.prom::chr17:75084607-75084630_1::NA::NA	1	1.0	1	NA
mirna.prom::chr17:77707040-77722009_2::NA::NA	0.704663503154073	0.15386836380278165	0.946725289766066	0.80608
mirna.prom::chr17:78024669-78052067_4::NA::NA	0.918984064829171	0.34725650248214696	0.390490503238863	0.13957
mirna.prom::chr17:79093035-79096653_3::NA::NA	1	0.9959046152653449	1	NA
mirna.prom::chr17:79102725-79102828_1::NA::NA	1	0.9990888779957335	1	NA
mirna.prom::chr17:79111255-79111655_1::NA::NA	1	0.9964592771274992	1	NA
mirna.prom::chr17:79374514-79374914_2::NA::NA	1	0.9935654981869196	1	NA
mirna.prom::chr17:79427437-79448831_4::NA::NA	1	0.9935654981869196	0.966603027730197	0.46418
mirna.prom::chr17:7982594-7982599_1::NA::NA	1	1.0	1	NA
mirna.prom::chr17:80628887-80628954_1::NA::NA	1	0.9954832679829714	1	NA
mirna.prom::chr17:8081750-8082150_1::NA::NA	1	0.9922187556471564	1	NA
mirna.prom::chr17:927253-927653_1::NA::NA	0.931911068000896	0.9926012348475928	0.838504944720898	0.7604
mirna.prom::chr18:10773336-10773736_2::NA::NA	1	0.9941104542100129	1	NA
mirna.prom::chr18:11655704-11670321_2::NA::NA	0.76284052653541	0.9999243182738422	0.866770101891314	0.78657
mirna.prom::chr18:13453498-13453898_1::NA::NA	0.904206424194515	0.9997560222441895	0.87242695442982	0.23657
mirna.prom::chr18:159422-159822_1::NA::NA	1	0.9999926389451539	1	NA
mirna.prom::chr18:19411371-19411555_1::NA::NA	1	0.9936563567650232	1	NA
mirna.prom::chr18:33161903-33162458_2::NA::NA	0.870812409486568	0.9987674910293429	0.876018717943067	0.48001
mirna.prom::chr18:37208636-37209036_1::NA::NA	0.0932621498130076	0.17831750257380308	0.409692867590901	0.17437
mirna.prom::chr18:37208909-37209309_1::NA::NA	0.566647666022419	0.1596170436306429	0.269774329611916	0.62981
mirna.prom::chr18:37272043-37292329_4::NA::NA	0.116054846153893	0.1019823521972096	0.252625344663172	0.38858
mirna.prom::chr18:42577818-42578218_1::NA::NA	0.790732599879505	0.2974776828225626	0.880754329544416	0.37256
mirna.prom::chr18:46605986-46621051_2::NA::NA	1	0.9928125099275402	1	NA
mirna.prom::chr18:47013190-47013401_1::NA::NA	1	0.9944441784730208	1	NA
mirna.prom::chr18:53144980-53145380_1::NA::NA	0.899254014790117	0.9999920526722424	0.878681399705578	0.51984
mirna.prom::chr18:56113304-56113704_2::NA::NA	0.0371146594391601	0.9454764413604468	0.0053757023255232	0.707
mirna.prom::chr18:56126007-56126407_1::NA::NA	1	0.9999265819101348	1	NA
mirna.prom::chr18:70535384-70535406_1::NA::NA	1	1.0	1	NA
mirna.prom::chr19:10116927-10117146_1::NA::NA	1	0.9999522571675951	1	NA
mirna.prom::chr19:10340547-10340947_1::NA::NA	1	0.9997933795212693	1	NA
mirna.prom::chr19:10514409-10514432_1::NA::NA	1	1.0	1	NA
mirna.prom::chr19:10823549-10823593_1::NA::NA	1	0.9999999999999999	1	NA
mirna.prom::chr19:10843155-10879044_2::NA::NA	0.599314487204367	0.9999998750859534	0.964314678335847	0.46069
mirna.prom::chr19:10906881-10911540_3::NA::NA	0.846516499889736	0.3051161437677022	0.656115710778004	0.19469
mirna.prom::chr19:10925900-10928671_2::NA::NA	1	0.9998100116703083	1	NA
mirna.prom::chr19:10928271-10932800_4::NA::NA	0.50060394255585	0.9998100116703083	0.983707613287255	0.55226
mirna.prom::chr19:12888430-12895152_3::NA::NA	0.679939151010722	0.9895844440763593	0.883061700911447	0.80199
mirna.prom::chr19:12962855-12963073_2::NA::NA	1	0.998985643148823	1	NA
mirna.prom::chr19:12985765-13030368_2::NA::NA	1	0.9990446599239297	1	NA
mirna.prom::chr19:13045051-13045095_1::NA::NA	0.0598812789073821	0.007575258788079405	0.270036195611329	0.98715
mirna.prom::chr19:13953527-13953927_2::NA::NA	1	0.9997454164621931	1	NA
mirna.prom::chr19:13976535-13984307_2::NA::NA	0.992286523590005	0.12674287174521487	0.339506931464101	0.36088
mirna.prom::chr19:14183547-14183620_1::NA::NA	1	0.9996149406225667	1	NA
mirna.prom::chr19:15297321-15297682_1::NA::NA	0.321446829372135	0.9978295220626252	0.566119589072538	0.06839
mirna.prom::chr19:15530152-15560219_3::NA::NA	1	0.9997752618125105	1	NA
mirna.prom::chr19:1819255-1822087_2::NA::NA	1	0.99870764952973	1	NA
mirna.prom::chr19:2222901-2237025_3::NA::NA	1	0.13634727721305048	0.930657131538728	0.94121
mirna.prom::chr19:2435189-2448287_4::NA::NA	1	0.9976129700421797	1	NA
mirna.prom::chr19:2623827-2624227_1::NA::NA	1	0.9929183985131598	1	NA
mirna.prom::chr19:35607423-35607436_1::NA::NA	1	0.9923410460752662	1	NA
mirna.prom::chr19:35786890-35800708_3::NA::NA	1	0.9995313052035693	1	NA
mirna.prom::chr19:39900124-39907469_3::NA::NA	0.384529972442812	0.9976349674558729	0.670002546244891	0.07559
mirna.prom::chr19:40324585-40324592_1::NA::NA	1	1.0	1	NA
mirna.prom::chr19:42639069-42681636_2::NA::NA	0.743503829502918	0.3855128422585875	0.353757740651633	0.59555
mirna.prom::chr19:42847605-42851816_4::NA::NA	0.763773930572127	0.9999951146496662	0.951480438492638	0.01472
mirna.prom::chr19:4400175-4402458_2::NA::NA	1	0.9991065728144863	1	NA
mirna.prom::chr19:45894977-45932220_4::NA::NA	1	0.9993617693384333	1	NA
mirna.prom::chr19:46148399-46148524_1::NA::NA	1	0.9999680955739232	1	NA
mirna.prom::chr19:46172478-46174177_3::NA::NA	1	0.9999680955739232	1	NA
mirna.prom::chr19:46180372-46180680_2::NA::NA	1	0.9999680955739232	1	NA
mirna.prom::chr19:46476516-46498948_2::NA::NA	1	1.0	1	NA
mirna.prom::chr19:4769034-4769434_2::NA::NA	1	0.9955499127545613	1	NA
mirna.prom::chr19:47729332-47729732_2::NA::NA	0.927731701000019	1.0	0.749317456441916	0.6867
mirna.prom::chr19:4909961-4931311_4::NA::NA	0.747642143080052	0.348985932839245	0.7178998202054	0.88898
mirna.prom::chr19:49486786-49489100_3::NA::NA	0.720929125285711	0.9999096354650876	0.901017793508934	0.36508
mirna.prom::chr19:50037658-50037870_1::NA::NA	1	0.9904013771920016	1	NA
mirna.prom::chr19:50281635-50285767_2::NA::NA	0.671209079917221	0.9986897557966428	0.789427326164338	0.85097
mirna.prom::chr19:50312100-50329390_3::NA::NA	0.164622042562259	0.9992765953088099	0.426789072509466	0.19963
mirna.prom::chr19:50365740-50366132_3::NA::NA	1	0.9992765953088099	1	NA
mirna.prom::chr19:51755603-51756003_1::NA::NA	0.54806087707574	0.99959899516046	0.972423029168046	0.70419
mirna.prom::chr19:52192420-52192820_1::NA::NA	0.724030843332662	0.9999999999999999	0.947096560434711	0.20446
mirna.prom::chr19:52715237-52717966_4::NA::NA	0.653379637786	0.9970096616765511	0.984795470162511	0.45584
mirna.prom::chr19:52773045-52773063_1::NA::NA	1	0.9999999999999999	1	NA
mirna.prom::chr19:54190243-54190643_1::NA::NA	0.981410719084849	0.9996386658651601	0.875503154961079	0.96783
mirna.prom::chr19:54196036-54196436_1::NA::NA	0.997690486669139	0.9996386658651601	0.872660358197451	0.99788
mirna.prom::chr19:54222551-54222951_1::NA::NA	0.585376843811932	0.9844563958520608	0.984188064422053	0.45619
mirna.prom::chr19:54224289-54224689_2::NA::NA	0.82093252674501	0.23512729047109865	0.278566642287997	0.62959
mirna.prom::chr19:54291423-54291651_1::NA::NA	0.788164077656593	0.9999612477813047	0.906062105289496	0.78726
mirna.prom::chr19:54484959-54485313_1::NA::NA	0.519206619803528	0.9921773274250966	0.948809380619312	0.8823
mirna.prom::chr19:54764656-54765056_1::NA::NA	0.221657795050236	0.08447639035608506	0.183282644578049	0.41837
mirna.prom::chr19:55109753-55128411_2::NA::NA	1	0.9981171256639798	1	NA
mirna.prom::chr19:55667849-55674197_4::NA::NA	1	0.9999994899707598	1	NA
mirna.prom::chr19:55753039-55753439_1::NA::NA	1	0.9987356807673671	1	NA
mirna.prom::chr19:55757955-55758238_1::NA::NA	0.598546107106424	0.9979272156088479	0.814229350432611	0.69577
mirna.prom::chr19:55767337-55767364_1::NA::NA	1	0.9946242110062226	1	NA
mirna.prom::chr19:55894978-55895083_1::NA::NA	1	0.9920696931364998	1	NA
mirna.prom::chr19:58898241-58898378_1::NA::NA	0.270744917171635	0.9999999999999999	0.531422509374907	0.7253
mirna.prom::chr19:6738588-6750282_8::NA::NA	0.896421837332116	0.9999997243706726	0.998598449079678	0.42988
mirna.prom::chr19:7680214-7680283_1::NA::NA	0.179066252269105	1.0	0.324513355274542	0.1452
mirna.prom::chr19:8455569-8455751_1::NA::NA	1	1.0	1	NA
mirna.prom::chr1:10017351-10017751_1::NA::NA	1	0.9999828768922445	1	NA
mirna.prom::chr1:100715132-100715176_1::NA::NA	1	0.9981939299556928	1	NA
mirna.prom::chr1:10285841-10286241_1::NA::NA	1	0.9998265229562021	1	NA
mirna.prom::chr1:10291-10691_1::NA::NA	1	0.9999738123230644	1	NA
mirna.prom::chr1:1093039-1093439_1::NA::NA	0.846309126151112	0.17774071968356198	0.11930990414855	0.15823
mirna.prom::chr1:1098131-1098531_1::NA::NA	0.252857631119584	0.9966933444077031	0.405154770401115	0.81109
mirna.prom::chr1:110131004-110132039_2::NA::NA	1	0.9987115727808141	1	NA
mirna.prom::chr1:113044974-113047109_2::NA::NA	0.748119604515231	0.31661435227254664	0.548911204947464	0.32191
mirna.prom::chr1:117113428-117113448_1::NA::NA	1	1.0	1	NA
mirna.prom::chr1:12251408-12251769_1::NA::NA	1	0.9931225880978101	1	NA
mirna.prom::chr1:1233366-1233743_2::NA::NA	0.16267406579164	1.0	0.477164084349538	0.40899
mirna.prom::chr1:1249017-1249105_1::NA::NA	1	0.9990041546477028	1	NA
mirna.prom::chr1:12655882-12655992_1::NA::NA	1	0.992037945481338	1	NA
mirna.prom::chr1:1277556-1277736_1::NA::NA	1	0.9999999452266259	1	NA
mirna.prom::chr1:143146109-143146509_1::NA::NA	1	0.9999900886448673	1	NA
mirna.prom::chr1:143467632-143467808_1::NA::NA	1	0.9988587038591272	1	NA
mirna.prom::chr1:147806889-147806988_1::NA::NA	1	0.9995603543888527	1	NA
mirna.prom::chr1:147826862-147827135_1::NA::NA	4.31728812340155e-06	0.031113173818049414	0.00275691052321736	0.94041
mirna.prom::chr1:150460095-150460116_1::NA::NA	1	0.9999995982841358	1	NA
mirna.prom::chr1:150521682-150521683_1::NA::NA	1	0.9999999999999998	1	NA
mirna.prom::chr1:151512984-151512991_1::NA::NA	1	0.9999999999999999	1	NA
mirna.prom::chr1:153699791-153700191_1::NA::NA	0.354825459286284	0.10926330008579238	0.524897762401591	0.34302
mirna.prom::chr1:154111876-154114045_3::NA::NA	1	0.9999999900479752	1	NA
mirna.prom::chr1:155164601-155164967_1::NA::NA	0.928022521203588	0.9999913512484842	0.822091056772778	0.4289
mirna.prom::chr1:155327094-155340914_4::NA::NA	1	0.995556656409094	1	NA
mirna.prom::chr1:155960064-155960065_1::NA::NA	1	1.0	1	NA
mirna.prom::chr1:156391601-156399416_2::NA::NA	1	0.9999972376139155	1	NA
mirna.prom::chr1:156931604-156949656_4::NA::NA	0.568463793968818	0.23747802703982301	0.930505670244576	0.91975
mirna.prom::chr1:156933406-156949656_3::NA::NA	0.616519737818341	0.9999933898386507	0.880724590800553	0.92184
mirna.prom::chr1:159869726-159869753_1::NA::NA	1	0.9998951425653662	1	NA
mirna.prom::chr1:167958220-167958620_1::NA::NA	0.980416730570891	0.17308277070900804	0.904783418905217	0.90419
mirna.prom::chr1:168338101-168338291_1::NA::NA	0.0670364588045363	0.9984058361413832	0.247003670504611	0.48203
mirna.prom::chr1:172113784-172114117_2::NA::NA	0.713581555565211	0.993435766043459	0.778839987751911	0.88958
mirna.prom::chr1:17216144-17222905_3::NA::NA	1	0.9998820911006301	1	NA
mirna.prom::chr1:17567656-17568056_1::NA::NA	0.0662956383833136	0.5840675754530412	0.128813093950128	0.31911
mirna.prom::chr1:177001461-177001585_1::NA::NA	1	0.9990174463904168	1	NA
mirna.prom::chr1:19213581-19239873_2::NA::NA	0.784088163785635	0.9955075948805768	0.881995671760561	0.19456
mirna.prom::chr1:192680936-192685312_2::NA::NA	0.559336923825359	0.20583100927580106	0.754153592771475	0.67322
mirna.prom::chr1:193074220-193090946_2::NA::NA	1	0.9961026003112583	1	NA
mirna.prom::chr1:198872777-198873177_1::NA::NA	0.874100068320605	0.998327980494582	0.95797507097074	0.81389
mirna.prom::chr1:201752003-201777525_3::NA::NA	1	0.9999208425231557	1	NA
mirna.prom::chr1:201924818-201924846_1::NA::NA	1	1.0	1	NA
mirna.prom::chr1:205419259-205424928_2::NA::NA	1	0.9999577649216994	1	NA
mirna.prom::chr1:206647820-206648145_1::NA::NA	0.678520738463719	0.9985108706277512	0.758650247784274	0.22425
mirna.prom::chr1:207995084-207997448_2::NA::NA	0.718387592454944	0.43466922838974165	0.803939028362003	0.04194
mirna.prom::chr1:209800944-209801311_1::NA::NA	0.380569881467537	0.20974485400364312	0.516776512606926	0.76722
mirna.prom::chr1:212206910-212209322_2::NA::NA	1	0.993923146987972	1	NA
mirna.prom::chr1:21323820-21343740_4::NA::NA	0.832446779255291	0.49396309145632766	0.90654082331152	0.17469
mirna.prom::chr1:224460589-224460989_1::NA::NA	0.855483542970062	0.9999969501273502	0.873425302714029	0.36921
mirna.prom::chr1:224616474-224622613_3::NA::NA	0.966746321694494	0.9997707608643261	0.926583747183086	0.42225
mirna.prom::chr1:226111700-226111737_1::NA::NA	1	1.0	1	NA
mirna.prom::chr1:228256270-228284758_5::NA::NA	1	0.9973962179371781	1	NA
mirna.prom::chr1:228646259-228646588_1::NA::NA	0.373360337247106	0.13836309156509602	0.543814769322894	0.75966
mirna.prom::chr1:22999728-23000128_1::NA::NA	0.851548712132215	0.9910735349582682	0.914638635635988	0.76
mirna.prom::chr1:23191711-23191893_1::NA::NA	0.479226100366095	0.08110236603583869	0.73532152588336	0.55335
mirna.prom::chr1:233750278-233750344_1::NA::NA	1	0.9999974486800389	1	NA
mirna.prom::chr1:235363070-235363470_1::NA::NA	0.818640545954716	0.06864109099521201	0.870973454438771	0.17454
mirna.prom::chr1:236030420-236030428_1::NA::NA	1	1.0	1	NA
mirna.prom::chr1:237628510-237628910_1::NA::NA	0.285697171148058	0.5339965152411852	0.69335887834789	0.73638
mirna.prom::chr1:241270942-241271342_1::NA::NA	0.943908281824265	0.273517859173916	0.178665298176945	0.63198
mirna.prom::chr1:243507361-243508836_3::NA::NA	0.255679089680532	0.4617604986303004	0.128672181777448	0.91079
mirna.prom::chr1:247373940-247374340_2::NA::NA	1	0.9964461929394736	1	NA
mirna.prom::chr1:25255397-25256715_2::NA::NA	1	1.0	1	NA
mirna.prom::chr1:26872542-26872556_1::NA::NA	1	0.9879497485315174	1	NA
mirna.prom::chr1:3028338-3039290_3::NA::NA	0.146008900925966	0.22498559984156785	0.167358711591699	0.1231
mirna.prom::chr1:31230429-31230467_1::NA::NA	1	0.9921891427662437	1	NA
mirna.prom::chr1:32230141-32230143_1::NA::NA	1	0.9999999999999998	1	NA
mirna.prom::chr1:32547210-32547898_2::NA::NA	0.202625378260434	0.9997629723966495	0.634158372648753	0.27414
mirna.prom::chr1:33815686-33815706_1::NA::NA	1	1.0	1	NA
mirna.prom::chr1:3500290-3500303_1::NA::NA	1	1.0	1	NA
mirna.prom::chr1:37940352-37940396_1::NA::NA	1	1.0	1	NA
mirna.prom::chr1:37986536-38014413_5::NA::NA	0.562290090501613	0.9996318826773634	0.996804865148867	0.08611
mirna.prom::chr1:38504753-38530484_3::NA::NA	0.605698800742968	0.19459810161053653	0.855411981480456	0.01426
mirna.prom::chr1:41204709-41204761_1::NA::NA	1	0.9942596030785213	1	NA
mirna.prom::chr1:41220295-41220695_1::NA::NA	1	0.9942596030785213	1	NA
mirna.prom::chr1:41220295-41224674_2::NA::NA	0.541636664533132	0.9942596030785213	0.814796879636526	0.73988
mirna.prom::chr1:43831790-43831932_1::NA::NA	1	0.9999686654235116	1	NA
mirna.prom::chr1:43903008-43910754_4::NA::NA	0.15498793736719	0.9942268715144654	0.498736036495997	0.95377
mirna.prom::chr1:44966702-44967102_1::NA::NA	0.537047809533624	0.008201557715474673	0.648174036309006	0.26769
mirna.prom::chr1:52302556-52306207_2::NA::NA	0.729579404093344	0.9999979767135645	0.8773389051811	0.84363
mirna.prom::chr1:54519473-54519474_1::NA::NA	1	1.0000000000000002	1	NA
mirna.prom::chr1:55680986-55688051_2::NA::NA	0.36126322810967	0.1500025505850497	0.398469981905015	0.92391
mirna.prom::chr1:5931381-5972011_4::NA::NA	0.64181166069955	0.4098648833214392	0.440937378694994	0.44849
mirna.prom::chr1:60228742-60232414_2::NA::NA	0.935189699761297	0.1562472587691016	0.913632599310313	0.95654
mirna.prom::chr1:62549031-62594413_2::NA::NA	0.42852582068166	0.9957520655934916	0.772151148638845	0.3252
mirna.prom::chr1:63793665-63793696_1::NA::NA	1	0.9989515365091779	1	NA
mirna.prom::chr1:6500637-6531811_4::NA::NA	1	0.9999948111513352	1	NA
mirna.prom::chr1:67066180-67066580_1::NA::NA	0.486725065473853	0.007791997772920815	0.633426517360968	0.5777
mirna.prom::chr1:71535283-71535556_1::NA::NA	0.783250461841292	0.9995948816521669	0.926110579964282	0.08016
mirna.prom::chr1:77515645-77515904_1::NA::NA	0.32253999422752	0.9999959725595113	0.532746759377323	0.50464
mirna.prom::chr1:86836490-86841909_3::NA::NA	1	0.9992206328333793	1	NA
mirna.prom::chr1:8936230-8938549_2::NA::NA	1	0.9991883749264062	1	NA
mirna.prom::chr1:9242804-9259068_2::NA::NA	1	0.9995958686581237	1	NA
mirna.prom::chr1:94312086-94312486_2::NA::NA	1	0.9998916363431092	1	NA
mirna.prom::chr1:98511014-98511316_1::NA::NA	0.943957189828901	1.0	0.867208964133452	0.441
mirna.prom::chr1:98515419-98515618_1::NA::NA	1	1.0	1	NA
mirna.prom::chr20:10636664-10637039_1::NA::NA	1	0.9930163423700474	0.865810324816799	0.76181
mirna.prom::chr20:30795895-30795913_1::NA::NA	1	1.0000000000000002	1	NA
mirna.prom::chr20:32589794-32612083_2::NA::NA	1	0.9997814986898036	1	NA
mirna.prom::chr20:33052242-33052642_1::NA::NA	0.328060679207404	0.9996606540050601	0.493202726262995	0.75006
mirna.prom::chr20:33543820-33567849_4::NA::NA	0.395763203265778	0.25995193768864744	0.573362961045328	0.44559
mirna.prom::chr20:33583387-33587746_5::NA::NA	1	0.9963324121930371	1	NA
mirna.prom::chr20:33584990-33587746_4::NA::NA	1	0.9963324121930371	1	NA
mirna.prom::chr20:34042365-34056825_3::NA::NA	1	0.999605670740118	1	NA
mirna.prom::chr20:37141910-37142310_1::NA::NA	1	0.992313665718166	1	NA
mirna.prom::chr20:3891534-3896734_3::NA::NA	0.722665266770077	0.9994911627094939	0.874394029673243	0.42594
mirna.prom::chr20:3896334-3896734_1::NA::NA	1	0.9994911627094939	1	NA
mirna.prom::chr20:3922090-3936148_2::NA::NA	0.183338189330523	0.9999879204640388	0.628817339416635	0.79235
mirna.prom::chr20:39794651-39798675_4::NA::NA	0.85855505947835	0.9998174315773394	0.933160202303205	0.25561
mirna.prom::chr20:43029706-43036333_3::NA::NA	1	0.9999795710726282	1	NA
mirna.prom::chr20:45746563-45754510_2::NA::NA	0.246248267161099	0.07214228550395733	0.100601540138444	0.24401
mirna.prom::chr20:49195872-49201971_5::NA::NA	0.637646243586811	0.09117623229348586	0.915266586889248	0.95337
mirna.prom::chr20:49237614-49237807_1::NA::NA	1	0.9999400688832347	1	NA
mirna.prom::chr20:55904437-55904601_1::NA::NA	0.410697589612829	0.9994200794441885	0.709931395831703	0.86801
mirna.prom::chr20:57425958-57426129_1::NA::NA	0.197615023825689	0.0475117939936755	0.305431292341128	0.12104
mirna.prom::chr20:59019795-59020195_1::NA::NA	0.640322662394424	0.9998739512480419	0.998080333740865	0.81146
mirna.prom::chr20:60554377-60571570_5::NA::NA	0.512762611834923	0.9928828767573677	0.978952830097106	0.30129
mirna.prom::chr20:60639492-60639500_1::NA::NA	1	0.9999999999999999	1	NA
mirna.prom::chr20:60908914-60911768_3::NA::NA	1	1.0000000000000002	1	NA
mirna.prom::chr20:61154347-61154747_1::NA::NA	0.0884094250118551	0.00649261626670165	0.142717567745057	0.57309
mirna.prom::chr20:61808744-61809102_1::NA::NA	1	0.9952123796956255	1	NA
mirna.prom::chr20:62541012-62550737_2::NA::NA	0.160199196211879	0.4253950166704643	0.544081518347617	0.47484
mirna.prom::chr20:62580057-62580457_1::NA::NA	0.739333798903049	0.9994369071448341	0.880811708251431	0.53778
mirna.prom::chr20:62715156-62715164_1::NA::NA	1	0.9999999999999998	1	NA
mirna.prom::chr21:15038870-15039079_1::NA::NA	1	0.9999999999999998	1	NA
mirna.prom::chr21:15048310-15054092_2::NA::NA	1	0.9999999999999998	1	NA
mirna.prom::chr21:17909428-17909828_2::NA::NA	0.0111502804366564	0.642161235405631	0.0290030383894658	0.33812
mirna.prom::chr21:17918629-17961474_3::NA::NA	0.622693286023387	0.9999994452647255	0.991131242007342	0.85335
mirna.prom::chr21:17918629-17965844_5::NA::NA	0.746673530038908	0.8120742643322739	0.512450460962792	0.59072
mirna.prom::chr21:24401867-24402267_1::NA::NA	0.571638699352974	0.9969369919717965	0.987726479418543	0.06233
mirna.prom::chr21:26934332-26934652_2::NA::NA	1	0.9998743810162031	1	NA
mirna.prom::chr21:42539138-42539326_1::NA::NA	1	0.9935281390270405	1	NA
mirna.prom::chr21:44394950-44395011_1::NA::NA	1	0.9999999999999998	1	NA
mirna.prom::chr21:45077792-45077825_1::NA::NA	1	0.9999999999999999	1	NA
mirna.prom::chr21:46889741-46898179_2::NA::NA	1	0.9954783974868803	1	NA
mirna.prom::chr22:18484146-18484432_2::NA::NA	1	0.9999999999999999	1	NA
mirna.prom::chr22:19929533-19929551_1::NA::NA	1	1.0	1	NA
mirna.prom::chr22:20002995-20003395_1::NA::NA	0.714934151545337	0.283779454878688	0.850325293436097	0.71287
mirna.prom::chr22:20255554-20286812_2::NA::NA	0.465212392577414	1.0	0.722808004889566	0.76583
mirna.prom::chr22:21398644-21424069_2::NA::NA	0.872371519626037	0.9999998973783601	0.915958761981502	0.87867
mirna.prom::chr22:22006302-22006678_2::NA::NA	1	0.9901405637390437	1	NA
mirna.prom::chr22:23122828-23123228_1::NA::NA	0.00456670890634093	0.998161556968953	0.0118067966429839	0.05276
mirna.prom::chr22:25844003-25844286_2::NA::NA	0.101500640414415	1.0000000000000002	0.352380915139048	0.8067
mirna.prom::chr22:26985851-26985889_1::NA::NA	1	1.0	1	NA
mirna.prom::chr22:28839061-28839366_1::NA::NA	0.676497348328722	0.9995110308001719	0.767803986951342	0.80807
mirna.prom::chr22:30402662-30403697_2::NA::NA	1	0.9978569809092401	1	NA
mirna.prom::chr22:31103373-31103773_1::NA::NA	0.937878982167909	0.10721551816219022	0.151889233387242	0.2259
mirna.prom::chr22:31588190-31588590_1::NA::NA	0.200147736906036	0.9909910272112623	0.507693767790526	0.6467
mirna.prom::chr22:31588190-31589286_2::NA::NA	0.024116903785765	0.9909910272112623	0.158006932636614	0.77736
mirna.prom::chr22:35767727-35768127_1::NA::NA	1	0.9990875807274341	1	NA
mirna.prom::chr22:36680592-36722606_20::NA::NA	0.926827523391596	0.8945870687030402	0.866748733183565	0.01755
mirna.prom::chr22:38314740-38315607_2::NA::NA	0.997334730153836	0.9996688061455503	0.902904664344812	0.03529
mirna.prom::chr22:38381983-38381999_1::NA::NA	1	0.9999999999999998	1	NA
mirna.prom::chr22:41698599-41698826_1::NA::NA	0.350457726804223	0.09608018068774203	0.167026681741947	0.62896
mirna.prom::chr22:42271734-42271836_1::NA::NA	1	0.9913054427729697	1	NA
mirna.prom::chr22:42271734-42272525_2::NA::NA	1	0.9912128093048279	1	NA
mirna.prom::chr22:42322355-42322622_1::NA::NA	1	0.9999998795377529	1	NA
mirna.prom::chr22:45613192-45636963_3::NA::NA	1	0.9931225880978101	1	NA
mirna.prom::chr22:46465771-46503543_3::NA::NA	0.662576637886704	0.3724409505894657	0.700881913391422	0.4724
mirna.prom::chr22:49127847-49141900_2::NA::NA	0.549365986900374	0.9968950151197551	0.953989256266187	0.49546
mirna.prom::chr22:49969505-49969523_1::NA::NA	1	0.9967066252460011	1	NA
mirna.prom::chr2:109951848-109952248_1::NA::NA	0.77981291548844	0.14999664592016895	0.935298164392577	0.06372
mirna.prom::chr2:110829751-110830151_1::NA::NA	1	0.9968915096218162	1	NA
mirna.prom::chr2:110873212-110873258_1::NA::NA	1	0.9965681984757836	1	NA
mirna.prom::chr2:114341150-114361515_4::NA::NA	1	0.9944672753198389	1	NA
mirna.prom::chr2:11886963-11901239_2::NA::NA	0.758542384945323	0.9997062486110658	0.902500588486969	0.60531
mirna.prom::chr2:128181194-128181515_1::NA::NA	0.533349028024181	0.9919360782936048	0.766027373254377	0.98491
mirna.prom::chr2:132249761-132249773_1::NA::NA	1	0.9999999999999998	1	NA
mirna.prom::chr2:133015042-133015095_1::NA::NA	1	1.0	1	NA
mirna.prom::chr2:134877300-134877552_1::NA::NA	0.244792227265868	0.11493625750696364	0.411506313986131	0.93317
mirna.prom::chr2:135596387-135596397_1::NA::NA	1	0.9923108914163639	1	NA
mirna.prom::chr2:136373985-136399048_3::NA::NA	0.876899861466882	0.9999774821367653	0.959148050197052	0.79071
mirna.prom::chr2:161264600-161264618_1::NA::NA	1	1.0	1	NA
mirna.prom::chr2:176032677-176032697_1::NA::NA	1	0.9999999999999999	1	NA
mirna.prom::chr2:177004992-177011320_2::NA::NA	0.928388380929673	0.3457616003057754	0.570985377536965	0.63194
mirna.prom::chr2:177496330-177503049_2::NA::NA	0.588786032383267	0.1277936276826957	0.912568235464025	0.34788
mirna.prom::chr2:178214237-178216116_2::NA::NA	1	0.9994841617226063	1	NA
mirna.prom::chr2:180726432-180726490_1::NA::NA	1	0.9996107037001105	1	NA
mirna.prom::chr2:182191482-182191882_1::NA::NA	0.910353472424885	0.25371928228303475	0.759804900667711	0.61104
mirna.prom::chr2:185195710-185196110_1::NA::NA	1	0.9909670424697489	1	NA
mirna.prom::chr2:189839300-189844168_2::NA::NA	1	0.9989520007332585	1	NA
mirna.prom::chr2:19547671-19548071_1::NA::NA	0.763332133541532	0.2369134658581743	0.871527706544504	0.95047
mirna.prom::chr2:207630529-207630536_1::NA::NA	1	1.0	1	NA
mirna.prom::chr2:207679208-207679608_1::NA::NA	0.793399564721655	0.3346603466437642	0.266578947298146	NA
mirna.prom::chr2:207978344-208002754_5::NA::NA	0.277071514102548	0.35095658546772457	0.114489753505198	0.53882
mirna.prom::chr2:208029074-208031123_2::NA::NA	0.932754980117097	0.9867727988763227	0.91937086510849	0.72414
mirna.prom::chr2:208174676-208175076_1::NA::NA	0.502233873706815	0.24533394116248516	0.61119708696915	0.27747
mirna.prom::chr2:213777091-213777491_1::NA::NA	0.519763412631157	0.3007067617112778	0.78363487247239	0.27877
mirna.prom::chr2:214593458-214593858_1::NA::NA	0.859940467750369	0.9893600157755343	0.809750286866729	0.99926
mirna.prom::chr2:219157024-219188393_2::NA::NA	1	0.9861689374284541	1	NA
mirna.prom::chr2:219188160-219188241_1::NA::NA	1	1.0	1	NA
mirna.prom::chr2:219263260-219263425_1::NA::NA	1	0.9947094195008215	1	NA
mirna.prom::chr2:219867329-219867567_1::NA::NA	0.685493040164216	0.06474754688973726	0.156792182956316	0.46741
mirna.prom::chr2:219925434-219925834_1::NA::NA	1	0.998490504581613	1	NA
mirna.prom::chr2:220159434-220159690_1::NA::NA	1	0.9992611287594508	1	NA
mirna.prom::chr2:220783971-220784371_1::NA::NA	0.891962527098543	0.371585664986767	0.894641175779636	0.85253
mirna.prom::chr2:225907359-225907501_1::NA::NA	1	0.9980838956101957	1	NA
mirna.prom::chr2:228336632-228336667_1::NA::NA	1	0.9945659763692352	1	NA
mirna.prom::chr2:232573467-232575422_2::NA::NA	1	0.9973566294897647	1	NA
mirna.prom::chr2:233034773-233035173_1::NA::NA	1	0.9910743733133989	1	NA
mirna.prom::chr2:238374311-238396119_3::NA::NA	0.0323420948301754	0.2717149624303165	0.241651799562533	0.95697
mirna.prom::chr2:239999393-239999793_1::NA::NA	0.984311543255817	0.12911350729162727	0.94055379289955	0.91119
mirna.prom::chr2:240010201-240010601_1::NA::NA	1	0.9977115312510502	1	NA
mirna.prom::chr2:240904417-240906048_2::NA::NA	0.94143471830473	0.3142831048408987	0.352029236957	0.87753
mirna.prom::chr2:25564954-25599935_2::NA::NA	0.486357422827655	0.9919865043392997	0.509015974280678	0.86511
mirna.prom::chr2:28172254-28172654_1::NA::NA	0.211022650509115	0.4478543605530775	0.458380732323257	0.14247
mirna.prom::chr2:32727720-32746136_4::NA::NA	0.61395722737254	0.9948498757687176	0.976472094762612	0.73857
mirna.prom::chr2:32851852-32856717_2::NA::NA	0.785099827357366	0.2850290768637144	0.190116897863153	0.09123
mirna.prom::chr2:33634724-33634756_1::NA::NA	1	0.9859670498392301	1	NA
mirna.prom::chr2:47594643-47595043_1::NA::NA	1	0.9981774633877877	1	NA
mirna.prom::chr2:54084327-54084727_1::NA::NA	1	0.999955796910225	1	NA
mirna.prom::chr2:56226851-56227251_1::NA::NA	0.25527999278794	0.21861218501144108	0.422102799917522	0.54991
mirna.prom::chr2:56241249-56276395_2::NA::NA	0.755218409695261	0.6359360784307785	0.949532267328994	0.20336
mirna.prom::chr2:60637873-60650558_2::NA::NA	0.507294756394236	0.27000218350063704	0.957635631408458	0.37232
mirna.prom::chr2:6072706-6087084_3::NA::NA	0.806421061273885	0.7614858647293585	0.99867778588997	0.29224
mirna.prom::chr2:64751752-64751801_1::NA::NA	1	0.9968496314191496	1	NA
mirna.prom::chr2:79888807-79891894_2::NA::NA	0.643813710403133	0.11957463906441404	0.380153678329714	0.19599
mirna.prom::chr2:80101474-80101598_1::NA::NA	1	0.9999991157224682	1	NA
mirna.prom::chr2:86038231-86038631_1::NA::NA	0.846264216124183	0.042622442668562306	0.808877380019156	0.22536
mirna.prom::chr2:89064852-89092080_3::NA::NA	0.552362327250597	0.13866934370335152	0.961593731081914	0.99552
mirna.prom::chr3:10371363-10371763_1::NA::NA	1	0.9947042286306848	1	NA
mirna.prom::chr3:10458979-10459379_1::NA::NA	1	0.9949769954360432	1	NA
mirna.prom::chr3:114469212-114469330_1::NA::NA	0.261134156613149	0.12247295269480396	0.129626220653188	0.39565
mirna.prom::chr3:120734619-120735019_1::NA::NA	0.500540494756235	0.9982165726699312	0.985943162957239	0.40718
mirna.prom::chr3:123849189-123849589_1::NA::NA	0.97650241117608	0.18262697053210794	0.590781721631492	0.13387
mirna.prom::chr3:124449498-124449516_1::NA::NA	1	1.0	1	NA
mirna.prom::chr3:127292727-127294944_4::NA::NA	1	0.2793275785605929	0.725309232669119	0.68536
mirna.prom::chr3:128968648-128968673_1::NA::NA	1	0.9988115179017436	1	NA
mirna.prom::chr3:134154573-134154973_1::NA::NA	1	0.9999884056936823	1	NA
mirna.prom::chr3:15563002-15563020_1::NA::NA	1	1.0	1	NA
mirna.prom::chr3:15782978-15784424_2::NA::NA	1	0.9999909054463235	1	NA
mirna.prom::chr3:15901478-15901674_1::NA::NA	1	0.9997510192855472	1	NA
mirna.prom::chr3:168245999-168246399_1::NA::NA	0.634289456796204	0.9911539466827799	0.977501672173874	0.39779
mirna.prom::chr3:170848626-170849026_1::NA::NA	0.715844801820192	0.9992331028718322	0.852219535500936	0.35172
mirna.prom::chr3:183947177-183947577_1::NA::NA	0.844160402953226	0.9999873174544736	0.831742038333115	0.52685
mirna.prom::chr3:184973223-184973623_1::NA::NA	0.0704268508338771	0.9954487194786614	0.26311694749168	0.84202
mirna.prom::chr3:188386601-188387001_1::NA::NA	0.0479461253090271	0.3877914536941309	0.0765938306214229	0.85635
mirna.prom::chr3:189507247-189515487_2::NA::NA	1	0.9984563608746846	1	NA
mirna.prom::chr3:189507247-189515938_3::NA::NA	0.730380426818101	0.2436099461468752	0.840482188094484	0.77686
mirna.prom::chr3:194876578-194876978_1::NA::NA	0.856369602650078	0.9998518516886027	0.904943326557703	0.76778
mirna.prom::chr3:195613245-195613645_1::NA::NA	0.211386342500656	0.9975782408577664	0.43868044717638	0.33948
mirna.prom::chr3:197402087-197422730_5::NA::NA	0.779401119860532	0.9980680384131839	0.984759317764901	0.21849
mirna.prom::chr3:20176329-20176729_1::NA::NA	0.765485276247699	0.9996580438909131	0.888363064608226	0.99177
mirna.prom::chr3:25706598-25706632_1::NA::NA	1	0.9997145550584629	1	NA
mirna.prom::chr3:31224142-31224192_1::NA::NA	1	0.9996218181474492	1	NA
mirna.prom::chr3:32568420-32568445_1::NA::NA	1	0.9928758296958659	1	NA
mirna.prom::chr3:35747941-35748341_1::NA::NA	0.893257102839995	0.17285473798463763	0.231842180474387	NA
mirna.prom::chr3:35747941-35751428_2::NA::NA	0.443064824343466	0.9999903456936967	0.211650426534805	0.06428
mirna.prom::chr3:37989987-37990387_1::NA::NA	0.699645373061384	0.999968045729474	0.862917968344863	0.7346
mirna.prom::chr3:39170807-39170918_1::NA::NA	1	0.9995418566633231	1	NA
mirna.prom::chr3:44106647-44107047_1::NA::NA	1	0.994357918460625	1	NA
mirna.prom::chr3:47889882-47891792_3::NA::NA	1	0.9999999999999997	1	NA
mirna.prom::chr3:48221666-48230417_8::NA::NA	0.626486697728104	0.9966029564947179	0.989499241223952	0.78621
mirna.prom::chr3:48594049-48594056_1::NA::NA	1	1.0	1	NA
mirna.prom::chr3:48625659-48626059_2::NA::NA	1	1.0	1	NA
mirna.prom::chr3:48685463-48716803_3::NA::NA	0.87081964998973	0.0978606080473745	0.889083063946248	0.20721
mirna.prom::chr3:49058242-49058243_1::NA::NA	1	0.9999999999999998	1	NA
mirna.prom::chr3:49301316-49301716_1::NA::NA	0.818862983724904	0.9988267308432262	0.867201187613092	0.49874
mirna.prom::chr3:49851136-49851158_1::NA::NA	1	0.9999982559751661	1	NA
mirna.prom::chr3:50264631-50264711_1::NA::NA	1	0.9998935841174785	1	NA
mirna.prom::chr3:50302335-50310404_5::NA::NA	0.177473062048481	0.016766402819698153	0.464093504273145	0.00872
mirna.prom::chr3:50712184-50712471_1::NA::NA	1	0.9977858628656662	1	NA
mirna.prom::chr3:52311733-52312866_2::NA::NA	0.211242779910782	0.032620977258932066	0.136323158720423	0.3178
mirna.prom::chr3:52332724-52333124_2::NA::NA	0.316725028299351	0.019455265985078612	0.60667168540429	0.18665
mirna.prom::chr3:55893497-55893897_1::NA::NA	1	0.999817755130286	1	NA
mirna.prom::chr3:71592908-71632704_3::NA::NA	1	0.9985323024673285	1	NA
mirna.prom::chr3:75263421-75263781_2::NA::NA	1	0.9914406155113035	1	NA
mirna.prom::chr3:75639800-75658951_2::NA::NA	1	1.0	1	NA
mirna.prom::chr3:79551315-79551715_1::NA::NA	0.588815923539946	0.9973091090746087	0.960344227185776	0.17791
mirna.prom::chr3:85407776-85428846_2::NA::NA	0.115618492958796	0.6379421626606447	0.682334618081492	0.08796
mirna.prom::chr3:87276180-87276220_1::NA::NA	1	1.0	1	NA
mirna.prom::chr3:96073722-96073955_1::NA::NA	0.666906664167779	0.3802090976256455	0.834211449663416	0.31288
mirna.prom::chr3:99691200-99691600_1::NA::NA	1	0.9982644174088149	1	NA
mirna.prom::chr4:102205596-102205996_1::NA::NA	1	0.9999854420884503	1	NA
mirna.prom::chr4:113569775-113570046_2::NA::NA	1	0.9943880644294102	1	NA
mirna.prom::chr4:113569775-113573759_3::NA::NA	1	0.9965281509001715	1	NA
mirna.prom::chr4:11370034-11370434_1::NA::NA	1	0.9994826251877656	1	NA
mirna.prom::chr4:115560847-115561247_1::NA::NA	0.0849220632659361	0.010087634310539408	0.0398317304936349	0.4623
mirna.prom::chr4:117219007-117219407_1::NA::NA	1	0.9997336487441215	1	NA
mirna.prom::chr4:126402899-126403226_1::NA::NA	0.734336707244375	0.9998757887431966	0.885188845545537	0.98433
mirna.prom::chr4:13628945-13628962_1::NA::NA	1	0.9999999999999999	1	NA
mirna.prom::chr4:147299800-147300200_1::NA::NA	1	0.999391885603565	1	NA
mirna.prom::chr4:148275509-148275909_1::NA::NA	0.616728226059443	0.42063346004208435	0.780877192761132	0.68705
mirna.prom::chr4:160024097-160024497_1::NA::NA	1	1.0	1	NA
mirna.prom::chr4:160051935-160052335_1::NA::NA	0.0219544786646796	0.0006470160995059223	0.144533284753074	0.5687
mirna.prom::chr4:183058237-183058637_1::NA::NA	0.516888354640123	0.3568387008674637	0.744044281041727	0.09004
mirna.prom::chr4:1985873-1988548_2::NA::NA	0.226872563920124	0.4609950161944075	0.538816306265243	0.10823
mirna.prom::chr4:20482274-20520919_4::NA::NA	0.440961170584072	0.9114566945011406	0.590582888591913	0.95676
mirna.prom::chr4:2263625-2278063_2::NA::NA	0.982970569477958	0.9961197181136024	0.850641291446879	0.0753
mirna.prom::chr4:24528762-24568956_3::NA::NA	0.637544461270775	0.21106708266070473	0.98709649119969	0.7877
mirna.prom::chr4:39405766-39406166_1::NA::NA	0.138897260782716	0.10539486914482091	0.43981073768419	0.59058
mirna.prom::chr4:53578433-53578833_2::NA::NA	1	0.9905657126081225	1	NA
mirna.prom::chr4:7454395-7454795_1::NA::NA	1	0.9932188859718125	1	NA
mirna.prom::chr4:77485578-77485978_1::NA::NA	0.721823572868581	0.22678045724656473	0.215491939528902	NA
mirna.prom::chr4:8033963-8046728_2::NA::NA	0.40382074756079	0.07582294557520812	0.603840790934999	0.93881
mirna.prom::chr4:87510689-87511089_1::NA::NA	0.591356011166024	0.9956798170531169	0.676598264939736	0.02572
mirna.prom::chr4:99917024-99917044_1::NA::NA	1	1.0	1	NA
mirna.prom::chr5:100185112-100185512_1::NA::NA	0.660782195188903	0.00937165458116972	0.789657745141657	0.23516
mirna.prom::chr5:10431658-10467227_2::NA::NA	0.580235686885949	0.16239905264399485	0.395954001790421	NA
mirna.prom::chr5:118469879-118475006_2::NA::NA	1	0.9996246742246848	0.862983194616636	0.32225
mirna.prom::chr5:128430229-128430243_1::NA::NA	1	0.9999999999999998	1	NA
mirna.prom::chr5:133512085-133512210_1::NA::NA	1	0.9999453794686419	1	NA
mirna.prom::chr5:137023031-137023431_1::NA::NA	1	0.9999963171093571	1	NA
mirna.prom::chr5:14872087-14872115_1::NA::NA	1	0.9999999999999998	1	NA
mirna.prom::chr5:148786327-148786440_1::NA::NA	1	0.9901253589980266	1	NA
mirna.prom::chr5:149110073-149110082_1::NA::NA	1	0.9999999999999998	1	NA
mirna.prom::chr5:150911733-150911903_1::NA::NA	1	0.9991398612150011	1	NA
mirna.prom::chr5:1518245-1518645_1::NA::NA	0.937383716099577	0.15745484046277533	0.150705945165017	0.06155
mirna.prom::chr5:153722582-153722982_1::NA::NA	0.0206840329163841	0.03236431253431295	0.21158969249286	0.18571
mirna.prom::chr5:153990010-153991457_2::NA::NA	0.950927175542101	0.9999935225893812	0.905624384851242	0.7198
mirna.prom::chr5:154173329-154173569_2::NA::NA	1	0.9911505162174452	1	NA
mirna.prom::chr5:15927759-15927978_1::NA::NA	1	0.9999472751760059	1	NA
mirna.prom::chr5:159866262-159895120_2::NA::NA	0.505300238470369	0.4844497079749159	0.372268894784502	0.7246
mirna.prom::chr5:159866262-159901154_3::NA::NA	0.822433964524987	0.9955521313372082	0.510314134019345	0.77709
mirna.prom::chr5:159900754-159901154_1::NA::NA	1	0.9923913936178418	1	NA
mirna.prom::chr5:167996023-167996343_1::NA::NA	0.53123199022295	0.9956387583122089	0.798942889543108	0.86802
mirna.prom::chr5:167996023-167998282_2::NA::NA	0.829295429553221	0.3050881958128796	0.717755598205676	0.52735
mirna.prom::chr5:168199969-168223724_3::NA::NA	0.714618411044857	0.0894780255728816	0.905082750544157	0.165
mirna.prom::chr5:168694693-168695093_1::NA::NA	0.555657804494094	0.9968285462500903	0.99173888251416	0.75231
mirna.prom::chr5:169407118-169407274_1::NA::NA	1	0.9987204804270997	1	NA
mirna.prom::chr5:170814319-170848229_3::NA::NA	0.831488649139425	0.9968556497645483	0.996853525654787	0.90622
mirna.prom::chr5:172068468-172068474_1::NA::NA	1	1.0	1	NA
mirna.prom::chr5:172753503-172756860_2::NA::NA	0.797586678613313	0.08871254224025399	0.770679030069505	0.58831
mirna.prom::chr5:1729055-1746907_2::NA::NA	0.0491046124744358	0.6078140538080868	0.0158048578894383	0.93002
mirna.prom::chr5:174147645-174178692_3::NA::NA	0.943938106096086	0.47390973899744526	0.735537183998177	0.32734
mirna.prom::chr5:179227088-179227177_1::NA::NA	1	1.0	1	NA
mirna.prom::chr5:179448265-179472125_2::NA::NA	0.268330545250154	0.9922493514947139	0.336012196223198	0.94383
mirna.prom::chr5:180479839-180480048_1::NA::NA	1	1.0	1	NA
mirna.prom::chr5:32403736-32404004_1::NA::NA	0.518152899748931	0.9939993537991147	0.817905813720007	0.17566
mirna.prom::chr5:38597080-38601912_2::NA::NA	0.690970264229247	0.9956062885375954	0.791288802054757	0.5852
mirna.prom::chr5:53248135-53248535_1::NA::NA	0.650891360824212	0.9952372876971017	0.893575010671027	0.59223
mirna.prom::chr5:53380147-53394870_3::NA::NA	0.600649316854596	0.9955638767804542	0.99343887099613	0.94972
mirna.prom::chr5:54828066-54828466_1::NA::NA	0.569625344219372	0.08909190212988347	0.844093360318946	0.12713
mirna.prom::chr5:571876-573969_2::NA::NA	0.0153625096762506	0.998687086629946	0.0175469043901751	0.35592
mirna.prom::chr5:71416438-71416838_1::NA::NA	0.117709650424938	0.3089564642273438	0.177533710035276	0.81841
mirna.prom::chr5:72143771-72143810_1::NA::NA	0.00257199117548636	0.9879727055333709	0.0267220996432549	0.83243
mirna.prom::chr5:8457885-8458037_1::NA::NA	1	0.9999591600197323	1	NA
mirna.prom::chr5:87969157-87970571_2::NA::NA	0.598611585201831	0.3181391600956575	0.749679031722221	0.09482
mirna.prom::chr5:89317231-89317631_1::NA::NA	0.235967177126748	0.02118441953965458	0.155715886416314	0.66206
mirna.prom::chr5:92956998-92957398_1::NA::NA	0.191377990071922	0.18732286343613772	0.252465781007195	0.92701
mirna.prom::chr6:10435107-10435408_1::NA::NA	1	0.9987301167261396	1	NA
mirna.prom::chr6:120335120-120335520_1::NA::NA	0.753190975294083	0.2759896037093636	0.188169812560596	0.98938
mirna.prom::chr6:126803159-126803559_1::NA::NA	0.381726254289359	0.9997586434573436	0.618746213082595	0.15842
mirna.prom::chr6:135300426-135300807_2::NA::NA	0.476442491336378	0.9938883665356952	0.787726138079969	0.87804
mirna.prom::chr6:135516586-135516613_1::NA::NA	1	0.9999683017738115	1	NA
mirna.prom::chr6:138787858-138788258_1::NA::NA	1	0.9999933809532969	1	NA
mirna.prom::chr6:1395832-1396065_1::NA::NA	1	0.9992521010736314	1	NA
mirna.prom::chr6:157100766-157101056_2::NA::NA	0.609674746301868	0.09275627067918446	0.64414247927186	0.80687
mirna.prom::chr6:157924719-157925119_1::NA::NA	0.699623410761129	0.9999328095244535	0.858517550978079	0.43177
mirna.prom::chr6:159028577-159029344_2::NA::NA	1	0.9987587486758016	1	NA
mirna.prom::chr6:159223196-159223596_1::NA::NA	0.70559370500269	0.9999969713121537	0.887998793740962	0.75463
mirna.prom::chr6:166944821-166948256_2::NA::NA	1	0.9991036630620872	1	NA
mirna.prom::chr6:167412322-167412399_1::NA::NA	1	0.9957475825971787	1	NA
mirna.prom::chr6:170593137-170616072_4::NA::NA	0.448570359208957	0.10659960891595462	0.594239030379801	0.67358
mirna.prom::chr6:18522786-18536947_2::NA::NA	0.0234141825451872	0.23093379666125224	0.0762411754072628	0.29022
mirna.prom::chr6:27106818-27106875_1::NA::NA	0.165619640037663	1.0	0.498550806249082	0.09673
mirna.prom::chr6:2876432-2903314_6::NA::NA	0.581323010187886	0.013697834186933195	0.229522843586486	0.07049
mirna.prom::chr6:30551673-30551948_1::NA::NA	0.571687175734925	0.13391554231849895	0.766594731222729	0.7996
mirna.prom::chr6:31591692-31591961_1::NA::NA	1	0.9991883749264062	1	NA
mirna.prom::chr6:31668665-31669044_2::NA::NA	1	0.9984797486908971	1	NA
mirna.prom::chr6:32144099-32144125_1::NA::NA	1	0.9977426542757375	1	NA
mirna.prom::chr6:32728998-32729398_1::NA::NA	0.56356795450037	0.9999999999999999	0.891670843397084	0.24041
mirna.prom::chr6:33167942-33168012_1::NA::NA	1	0.9920757603039084	1	NA
mirna.prom::chr6:33256864-33256872_1::NA::NA	1	1.0	1	NA
mirna.prom::chr6:33387644-33408485_5::NA::NA	0.579139546406223	0.2531804795223433	0.967279274966006	0.00397
mirna.prom::chr6:33638359-33641945_3::NA::NA	0.519826790681025	0.1387694184415913	0.577613830738702	0.59281
mirna.prom::chr6:33860776-33861176_2::NA::NA	1	1.0	1	NA
mirna.prom::chr6:33969733-33985485_3::NA::NA	0.316255460791699	0.433772340139908	0.289281728629917	0.90433
mirna.prom::chr6:34205100-34205181_1::NA::NA	1	1.0	1	NA
mirna.prom::chr6:35437646-35437935_1::NA::NA	0.644481322802202	0.9998990729238266	0.787871842714936	0.44065
mirna.prom::chr6:35639405-35639805_1::NA::NA	0.701421655723153	0.9999941430437491	0.876706768337868	0.66716
mirna.prom::chr6:36627847-36628247_1::NA::NA	1	0.9999714983155975	1	NA
mirna.prom::chr6:37556090-37556490_1::NA::NA	0.935972296632637	0.19375136134753804	0.205540478749979	NA
mirna.prom::chr6:41523569-41554726_3::NA::NA	0.544927065749289	0.4655244257918687	0.953784533904885	0.56583
mirna.prom::chr6:43392911-43395510_2::NA::NA	0.531664415132694	0.9998770243251887	0.465196525142163	0.5842
mirna.prom::chr6:44225045-44225065_1::NA::NA	1	1.0000000000000002	1	NA
mirna.prom::chr6:44402423-44402823_1::NA::NA	1	0.9999205769133812	1	NA
mirna.prom::chr6:45168937-45169337_1::NA::NA	0.934419176233306	0.2086595031751622	0.918159532759306	0.92758
mirna.prom::chr6:52000881-52001281_1::NA::NA	1	0.9991938753954548	1	NA
mirna.prom::chr6:57227555-57227955_1::NA::NA	0.95405269454249	0.994710093119445	0.96196947096958	0.71362
mirna.prom::chr6:72130472-72130721_1::NA::NA	0.577800529630616	0.9948210675251155	0.4718020856486	0.99175
mirna.prom::chr6:90995875-90996275_1::NA::NA	0.849331527667738	0.29023871647300015	0.895183100911641	0.103
mirna.prom::chr6:99536605-99561255_3::NA::NA	0.634900664718556	0.6475964562777463	0.925514168426382	0.70303
mirna.prom::chr7:101930010-101930410_1::NA::NA	1	0.9934689809165291	1	NA
mirna.prom::chr7:102074222-102085147_4::NA::NA	0.183434982855738	0.4871344697166815	0.0685427020877954	0.61033
mirna.prom::chr7:1068175-1068205_1::NA::NA	1	1.0	1	NA
mirna.prom::chr7:114249148-114289210_2::NA::NA	0.142114254076543	0.23688580588883637	0.52028534457171	0.39196
mirna.prom::chr7:116660066-116660071_1::NA::NA	1	1.0	1	NA
mirna.prom::chr7:126731747-126732147_1::NA::NA	1	0.99156042926794	1	NA
mirna.prom::chr7:127672402-127680349_3::NA::NA	0.7331509550612	0.3753048035887142	0.793246385746046	0.75891
mirna.prom::chr7:127807686-127841568_2::NA::NA	1	0.9964575166306654	1	NA
mirna.prom::chr7:129417447-129418768_2::NA::NA	1	0.9987601374788162	1	NA
mirna.prom::chr7:130598153-130598553_1::NA::NA	1	0.9979600408810636	1	NA
mirna.prom::chr7:132723250-132723650_1::NA::NA	0.875286637054756	0.9998956481706645	0.949332820753346	0.43196
mirna.prom::chr7:134896024-134896086_1::NA::NA	1	1.0	1	NA
mirna.prom::chr7:151137330-151146070_2::NA::NA	0.81792759616752	0.0625005314458862	0.889934659751819	0.37931
mirna.prom::chr7:157369006-157406213_3::NA::NA	0.937540257847184	0.28838964370514375	0.956933454443403	0.8425
mirna.prom::chr7:158362873-158363273_1::NA::NA	0.617995729088127	0.998694922171405	0.938175754123239	0.11922
mirna.prom::chr7:158380680-158380945_1::NA::NA	1	0.9983061921272143	1	NA
mirna.prom::chr7:21467882-21467892_1::NA::NA	1	0.9999999999999998	1	NA
mirna.prom::chr7:2295434-2307138_5::NA::NA	0.528901094491159	0.601019397831096	0.538534361743258	0.46159
mirna.prom::chr7:25989754-25990154_1::NA::NA	1	0.9934000731759386	1	NA
mirna.prom::chr7:29724085-29724257_1::NA::NA	1	0.9991188320695329	1	NA
mirna.prom::chr7:32767546-32767946_1::NA::NA	1	0.9966426293140916	1	NA
mirna.prom::chr7:32801399-32801695_1::NA::NA	1	0.9986099311156389	1	NA
mirna.prom::chr7:4830524-4830698_1::NA::NA	0.102987998967785	0.9950181436978184	0.0753203345688371	0.29561
mirna.prom::chr7:57472310-57472710_1::NA::NA	1	0.9936517016470949	1	NA
mirna.prom::chr7:5763115-5767044_3::NA::NA	1	0.9999275778530392	1	NA
mirna.prom::chr7:7111460-7111860_1::NA::NA	0.772575656962571	0.9994146989985517	0.621649588597525	0.41224
mirna.prom::chr7:73080729-73116866_3::NA::NA	0.850470241895962	0.993834583785408	0.949472011891773	0.22676
mirna.prom::chr7:91837381-91837781_1::NA::NA	0.214419675281092	0.9995824888447321	0.541188701905299	0.40422
mirna.prom::chr7:95850461-95850861_1::NA::NA	1	0.9979181887563895	1	NA
mirna.prom::chr7:97557510-97557910_1::NA::NA	1	0.9999996080265229	1	NA
mirna.prom::chr7:97601411-97601811_2::NA::NA	1	0.9999999647725345	1	NA
mirna.prom::chr7:98476312-98476360_1::NA::NA	1	0.9985455277467735	1	NA
mirna.prom::chr7:99698808-99698816_1::NA::NA	1	0.9999999999999998	1	NA
mirna.prom::chr8:101715607-101715839_1::NA::NA	1	0.9991716809702685	1	NA
mirna.prom::chr8:10488964-10489364_1::NA::NA	0.209603759613833	0.1295581327307271	0.430198600591446	0.98027
mirna.prom::chr8:105508989-105509193_1::NA::NA	1	0.9998386189902264	1	NA
mirna.prom::chr8:10709294-10731753_2::NA::NA	1	0.999817755130286	1	NA
mirna.prom::chr8:10917048-10917448_1::NA::NA	1	1.0	1	NA
mirna.prom::chr8:124253214-124268594_2::NA::NA	0.411491905236574	0.02806376239313193	0.430841580611724	0.0581
mirna.prom::chr8:12551837-12552237_1::NA::NA	1	0.9982485238278243	1	NA
mirna.prom::chr8:125570369-125570769_1::NA::NA	0.720025994376041	0.9996112435858832	0.890887431396985	0.51938
mirna.prom::chr8:125827262-125827478_1::NA::NA	1	0.9960873183894692	1	NA
mirna.prom::chr8:12613199-12613208_1::NA::NA	1	0.9999999999999998	1	NA
mirna.prom::chr8:128806665-128807001_2::NA::NA	1	0.999565275415725	1	NA
mirna.prom::chr8:134087023-134087423_2::NA::NA	1	0.999510747109973	1	NA
mirna.prom::chr8:135844340-135844740_1::NA::NA	1	0.9999670968525985	1	NA
mirna.prom::chr8:141766706-141767106_1::NA::NA	0.884457343564516	0.9998948641891694	0.865027015033117	0.83953
mirna.prom::chr8:142913072-142913472_1::NA::NA	0.865724212350021	0.14916994383468837	0.887515379572234	0.41575
mirna.prom::chr8:143250038-143250438_1::NA::NA	0.804193049485524	0.9998300258134979	0.775660186145245	0.9481
mirna.prom::chr8:144816171-144822557_3::NA::NA	1	0.9991883749264062	1	NA
mirna.prom::chr8:144895577-144898087_4::NA::NA	1	0.9991883749264062	1	NA
mirna.prom::chr8:145025244-145027887_2::NA::NA	1	0.9960368377958604	1	NA
mirna.prom::chr8:145115784-145115799_1::NA::NA	1	1.0	1	NA
mirna.prom::chr8:145494878-145495278_1::NA::NA	1	0.9957846505817225	1	NA
mirna.prom::chr8:145545484-145545884_1::NA::NA	1	0.9970384344710902	1	NA
mirna.prom::chr8:145619790-145619852_1::NA::NA	1	0.9943593368687837	1	NA
mirna.prom::chr8:145626231-145626550_2::NA::NA	0.264818405838836	0.05712889136969892	0.558614131968444	0.6753
mirna.prom::chr8:145659323-145664004_4::NA::NA	0.471718010823138	0.9943593368687837	0.771642349694568	0.60794
mirna.prom::chr8:1745730-1746130_1::NA::NA	0.663623619492199	0.9999992726180268	0.896640157308426	0.38071
mirna.prom::chr8:17548893-17549211_1::NA::NA	0.382804140374403	0.996747623255958	0.759196731151001	0.60175
mirna.prom::chr8:2019694-2024668_2::NA::NA	1	0.9999552776818189	1	NA
mirna.prom::chr8:22103133-22105838_3::NA::NA	1	0.9997317335729176	1	NA
mirna.prom::chr8:25174886-25175127_1::NA::NA	1	0.9999981636605505	1	NA
mirna.prom::chr8:27288995-27289128_1::NA::NA	1	0.9999994170868474	1	NA
mirna.prom::chr8:41167216-41167223_1::NA::NA	1	1.0000000000000002	1	NA
mirna.prom::chr8:6481447-6519046_4::NA::NA	0.525353521234046	0.9957822143651933	0.99184052311987	0.64089
mirna.prom::chr8:65285669-65289637_2::NA::NA	1	0.9998792336357413	0.998760032233922	0.91943
mirna.prom::chr8:6575927-6578155_2::NA::NA	0.155694897439719	0.9905085228295242	0.546248682886681	0.94881
mirna.prom::chr8:75611682-75619153_3::NA::NA	0.940252245992503	0.9966416191236878	0.995536376323626	0.16473
mirna.prom::chr8:77881179-77881579_1::NA::NA	1	0.9959054552252626	1	NA
mirna.prom::chr8:81109863-81111526_2::NA::NA	1	0.9999293662157064	1	NA
mirna.prom::chr8:8861332-8861563_1::NA::NA	1	0.9999979561781152	1	NA
mirna.prom::chr8:94006010-94006410_1::NA::NA	1	0.4039083465344922	0.271830026126958	0.06371
mirna.prom::chr8:9588355-9588755_2::NA::NA	0.294244892352649	0.9993593338532387	0.675695541046182	0.76511
mirna.prom::chr8:96037495-96037504_1::NA::NA	1	1.0	1	NA
mirna.prom::chr8:96127695-96128095_2::NA::NA	0.330700116945557	0.11641280695150205	0.196699085845039	0.09004
mirna.prom::chr8:9761720-9763475_2::NA::NA	1	0.9999978178365788	1	NA
mirna.prom::chr9:100174635-100175035_1::NA::NA	1	0.9996614475434319	1	NA
mirna.prom::chr9:101018115-101018131_1::NA::NA	1	1.0	1	NA
mirna.prom::chr9:109344982-109349725_2::NA::NA	1	0.9980767962670876	1	NA
mirna.prom::chr9:111852518-111852918_1::NA::NA	0.0674800843462256	0.9995185224765065	0.188494883634951	0.11861
mirna.prom::chr9:112296612-112296944_1::NA::NA	1	0.9988751056479257	1	NA
mirna.prom::chr9:114048512-114048912_1::NA::NA	0.0041963139625945	0.003569377123428995	0.000508270205865524	0.98109
mirna.prom::chr9:126169317-126169717_1::NA::NA	1	0.9989847069008371	1	NA
mirna.prom::chr9:126258739-126274676_4::NA::NA	0.725579041131196	0.6704778537834062	0.89753814539227	0.66851
mirna.prom::chr9:127420524-127447137_2::NA::NA	1	0.9997982780741536	1	NA
mirna.prom::chr9:130547326-130547726_1::NA::NA	1	0.0659856168476444	0.794635647028237	0.58671
mirna.prom::chr9:130639762-130639822_1::NA::NA	1	1.0	1	NA
mirna.prom::chr9:131012814-131012983_1::NA::NA	1	0.99998569586793	1	NA
mirna.prom::chr9:131155789-131155799_1::NA::NA	1	0.9999999999999998	1	NA
mirna.prom::chr9:132630013-132630263_1::NA::NA	0.442751761693469	0.9947553971854235	0.740044191286398	0.0806
mirna.prom::chr9:135820718-135820731_1::NA::NA	1	0.9965370839485759	1	NA
mirna.prom::chr9:135894617-135894815_1::NA::NA	1	0.9960949960062812	1	NA
mirna.prom::chr9:137764272-137764672_1::NA::NA	0.696723258522395	0.9998169462128932	0.96264393091818	0.51609
mirna.prom::chr9:139417841-139418162_1::NA::NA	1	0.9999685437949715	1	NA
mirna.prom::chr9:139449592-139449992_1::NA::NA	0.696451126526759	0.0787944093939169	0.82496460876813	0.04588
mirna.prom::chr9:139560443-139560455_1::NA::NA	1	0.9999999999999998	1	NA
mirna.prom::chr9:139642078-139642478_1::NA::NA	1	0.9991686880221017	1	NA
mirna.prom::chr9:139716696-139717096_1::NA::NA	0.665972079229317	0.17805150653935053	0.848191949327755	0.40987
mirna.prom::chr9:140726514-140730963_2::NA::NA	0.87151486530347	0.3108666688517575	0.862356492376651	0.42184
mirna.prom::chr9:20504955-20506841_2::NA::NA	0.585769564032595	0.10390283467536804	0.373221738933258	0.82335
mirna.prom::chr9:20684298-20716044_2::NA::NA	1	0.9999985104309055	1	NA
mirna.prom::chr9:21559668-21559956_1::NA::NA	1	0.9987788685743297	1	NA
mirna.prom::chr9:28879882-28880282_1::NA::NA	0.0313606523322923	0.7325020247330287	0.0834061575009341	0.6071
mirna.prom::chr9:33473688-33473700_1::NA::NA	1	0.9943081481511015	1	NA
mirna.prom::chr9:35605160-35605166_1::NA::NA	1	1.0	1	NA
mirna.prom::chr9:35718436-35719491_2::NA::NA	0.946919825025831	0.9999125483969643	0.932007665690783	0.7554
mirna.prom::chr9:36881605-36881994_1::NA::NA	1	0.9978502288256316	1	NA
mirna.prom::chr9:4839976-4840011_1::NA::NA	1	0.9998442605937305	1	NA
mirna.prom::chr9:68411019-68413481_2::NA::NA	1	0.9999076849203036	1	NA
mirna.prom::chr9:68417018-68417418_1::NA::NA	1	0.9999076849203036	1	NA
mirna.prom::chr9:86585754-86594695_2::NA::NA	1	0.9999377319304485	1	NA
mirna.prom::chr9:91926312-91926325_1::NA::NA	1	1.0	1	NA
mirna.prom::chr9:92800975-92801375_1::NA::NA	1	0.9999635537805486	1	NA
mirna.prom::chr9:94357505-94390432_2::NA::NA	0.765557865696203	0.03955233503135709	0.29004895101914	0.81393
mirna.prom::chr9:94411014-94444105_2::NA::NA	1	0.9983008051913241	1	NA
mirna.prom::chr9:96314131-96329205_2::NA::NA	0.293896667544177	0.5760024093504236	0.788875705827364	0.13074
mirna.prom::chr9:96928669-96929038_1::NA::NA	1	0.9999999947328269	1	NA
mirna.prom::chr9:97523021-97564968_2::NA::NA	0.816981558662578	0.11418288076274735	0.902260400029973	0.30731
mirna.prom::chr9:97807431-97811013_2::NA::NA	0.967669675213397	0.9947483334052262	0.714081441941432	0.92448
mirna.prom::chr9:97807431-97818551_3::NA::NA	0.75880714495098	0.9997816821506766	0.830225717371023	0.93923
mirna.prom::chr9:97818318-97818551_1::NA::NA	1	0.9998436049699226	1	NA
mirna.prom::chr9:97843561-97844836_2::NA::NA	0.403315347312515	0.9947483334052262	0.66465239755412	0.18641
mirna.prom::chr9:97847429-97847829_3::NA::NA	1	0.9998436049699226	1	NA
mirna.prom::chrX:108297835-108297925_1::NA::NA	1	0.9987724082290712	1	NA
mirna.prom::chrX:112065319-112065476_1::NA::NA	1	0.9937470014311585	1	NA
mirna.prom::chrX:11369856-11370051_1::NA::NA	0.322964494286191	0.28608468552084537	0.64455598056792	0.34094
mirna.prom::chrX:113934795-113935195_1::NA::NA	0.205183069752469	0.9967136613857717	0.299281528987043	0.37566
mirna.prom::chrX:117477912-117514228_2::NA::NA	1	0.9993489760084996	1	NA
mirna.prom::chrX:118787032-118787432_1::NA::NA	1	0.9995048661522822	1	NA
mirna.prom::chrX:133306373-133309250_3::NA::NA	1	0.991230199928799	0.993504640872006	0.98568
mirna.prom::chrX:133680202-133680550_2::NA::NA	1	0.9976057783289262	1	NA
mirna.prom::chrX:133680463-133680863_2::NA::NA	0.349971244522985	0.998780140037436	0.653124489773501	0.68879
mirna.prom::chrX:133683465-133683865_1::NA::NA	1	0.9999964214189001	1	NA
mirna.prom::chrX:137794027-137794059_1::NA::NA	1	1.0	1	NA
mirna.prom::chrX:139012927-139013327_1::NA::NA	1	0.9905164637789857	1	NA
mirna.prom::chrX:140014980-140015380_1::NA::NA	0.830786626304459	0.9901802084828792	0.834678874924341	0.66224
mirna.prom::chrX:146305734-146306134_1::NA::NA	0.297376293647319	0.5231443710747694	0.656389155844313	0.27631
mirna.prom::chrX:146390129-146390529_1::NA::NA	0.140146868261492	0.9936517016470949	0.323404970726798	0.59636
mirna.prom::chrX:151142940-151142943_1::NA::NA	1	0.9999999999999998	1	NA
mirna.prom::chrX:153677961-153678008_1::NA::NA	1	1.0000000000000002	1	NA
mirna.prom::chrX:153991365-153991381_1::NA::NA	1	1.0	1	NA
mirna.prom::chrX:154140339-154140739_1::NA::NA	1	0.9965151049056994	1	NA
mirna.prom::chrX:154651922-154652322_1::NA::NA	0.000350358226925972	0.99535128439116	0.0161692201295418	0.39556
mirna.prom::chrX:16690580-16690980_1::NA::NA	1	0.9984544618156287	1	NA
mirna.prom::chrX:17394972-17434091_3::NA::NA	1	0.9955172862259385	1	NA
mirna.prom::chrX:28544205-28544605_1::NA::NA	0.215134607975324	0.9992054622946136	0.508705517868046	0.73866
mirna.prom::chrX:39512310-39512474_1::NA::NA	0.289528945832119	0.13145424701357467	0.573042247220954	0.59333
mirna.prom::chrX:45629677-45629856_1::NA::NA	1	0.9974140991158542	1	NA
mirna.prom::chrX:53224670-53224973_1::NA::NA	0.275370923007032	0.12232160858494201	0.171015806978104	0.4523
mirna.prom::chrX:53231955-53231983_1::NA::NA	1	0.9905994549977375	1	NA
mirna.prom::chrX:53461094-53468091_2::NA::NA	0.428183316133446	0.9969840281967809	0.78515306319333	0.03789
mirna.prom::chrX:53588905-53590441_2::NA::NA	0.691225095411301	0.5181250606316408	0.300207295587981	0.24491
mirna.prom::chrX:55516056-55516277_1::NA::NA	1	0.9999979921194444	1	NA
mirna.prom::chrX:65231943-65234817_3::NA::NA	0.522747970385601	0.10962635883395658	0.602968862415356	0.21289
mirna.prom::chrX:65235830-65240308_3::NA::NA	0.732712110860287	0.9984903452915042	0.972097254055811	0.96522
mirna.prom::chrX:69233498-69238698_2::NA::NA	0.875223175785769	0.9994381675758711	0.954940645873348	0.77761
mirna.prom::chrX:7065546-7065900_1::NA::NA	1	0.9999453549025544	1	NA
mirna.prom::chrX:73401813-73402140_1::NA::NA	1	0.9954133506530677	1	NA
mirna.prom::chrX:73438196-73438596_3::NA::NA	0.291703145532261	0.15740747008977546	0.662869795925331	0.45695
mirna.prom::chrX:73448022-73476885_5::NA::NA	0.803054154160551	0.9954133506530677	0.973323707611936	0.30537
mirna.prom::chrX:73513154-73513554_2::NA::NA	1	0.9998727858134395	1	NA
