Ref,Var,hdp.1,hdp.2,hdp.3,potential hdp.1
AC,CA,0.00219103224801009,0.00209988500517414,0.00923061060687664,0.00473677102279239
AC,CG,0.000413359743268221,8.45503561713721e-05,0.000462600145437476,0.000456206000098447
AC,CT,0.00178570516573983,0.00160885415227511,0.00568953080696843,0.0019927205674092
AC,GA,0.00126531765232293,0.00224740925234555,0.00675012626236166,0.00680401562771967
AC,GG,0.00030524111792229,0.00022466591028396,0.000867628845239018,0.000363050953200862
AC,GT,0.000901889326492613,0.00064901079215347,0.00257596174198051,0.00182830372198996
AC,TA,0.00444486304635297,0.00297180620309763,0.00813757463101004,0.00758818538825755
AC,TG,0.000878733445714558,0.000110256510375492,0.00271204427670004,0.00560169932204149
AC,TT,0.00386304055159986,0.0030182226704662,0.0101852504605171,0.00932297159235032
AT,CA,0.000241599634027998,0.000783867566224301,0.00426853541947395,0.00188173194733122
AT,CC,0.000229352305222474,0.000342895659222763,0.000597961779702042,0.000349349549415925
AT,CG,0.000348106768741624,0.000118144680438128,0.000791582229803785,0.000819619424298911
AT,GA,0.000848635759135801,0.000487643579872134,0.00294710812039876,0.00295203631495453
AT,GC,0.000630415135358023,0.000231796197340578,0.000295284179378475,0.000588435420753074
AT,TA,0.00191050891717102,0.00283203092298774,0.00635399984492258,0.00675363215877506
CC,AA,0.0360869774549486,0.488403566390169,0.188918351736553,0.17122042608176
CC,AG,0.00322042767176346,0.0575225622737579,0.0306715648778975,0.0212873418529967
CC,AT,0.0105788161969981,0.100006366990601,0.0601516657201356,0.0390234828286976
CC,GA,0.00262744870340208,0.0170407905858124,0.0110305146265254,0.00589936050691424
CC,GG,0.000551179380575727,0.00212643411088495,0.00143911848962972,0.00132483150354348
CC,GT,0.00274615358259408,0.00431122521323328,0.0089583114164227,0.00798443868502191
CC,TA,0.00317741326796268,0.0158947709452124,0.0116984372806126,0.0138836542035363
CC,TG,0.000339801393944355,0.00232041349292524,0.00453811865937663,0.00155637797808892
CC,TT,0.0107327259484651,0.0126249929847488,0.0184002129171111,0.00583259334878765
CG,AT,0.000313843998682445,0.0023722434103368,0.00150104886824916,0.00143995229301692
CG,GC,0.000295373836819864,0.00012529816799493,0.000274411596438249,0.000199794014980346
CG,GT,0.00123192260798884,0.00088307290501204,0.00102421513010786,0.000728276732399333
CG,TA,8.50867053857455e-05,0.000146217285661038,0.000387073248934891,0.000504052172045845
CG,TC,0.00126526806799578,0.00150079395591705,0.00134882151636381,0.00056074263638352
CG,TT,0.000991612166466685,0.00361343923619251,0.00855006381226411,0.00263509167290298
CT,AA,0.00792233587005098,0.015321710857162,0.0200183829616016,0.00382754876739199
CT,AC,0.00274769069673566,0.00378648403356658,0.00426476326593054,0.00306650465662869
CT,AG,0.00243473921594188,0.00391927596312101,0.00696373074368007,0.00382841869779104
CT,GA,0.00134693345480832,0.00128830830822981,0.00387834385694317,0.00116650417091755
CT,GC,0.000899707616098107,0.000812612985952553,0.0012613913797909,0.00137028536689351
CT,GG,0.000395162295204953,0.000142265467129659,0.00238524165882548,0.00267148376126297
CT,TA,0.012372082972628,0.00614378632178474,0.0112319811559974,0.00229096170588132
CT,TC,0.00109556570833219,0.00271070004052431,0.00826807437848531,0.00618353777060182
CT,TG,0.000662000351751217,0.00199470940433899,0.00565246311148181,0.000999767511100856
GC,AA,0.00650184406591879,0.0356183359028274,0.0797175746729229,0.239047594399591
GC,AG,0.000989851922852936,0.00582351115024159,0.0220708368522636,0.0228437198310856
GC,AT,0.00107412048684074,0.0092889234617587,0.0172167626120906,0.042464057556915
GC,CA,0.0063487028715226,0.00371001518495938,0.0090647196766007,0.00939314597787317
GC,CG,0.00010231725906963,0.000175001372889598,0.000307237714829383,0.000934885202172187
GC,TA,0.000306555102591708,0.00276324143994152,0.00713703186002796,0.0101499129308412
TA,AT,0.0875269732541644,0.0074511809081661,0.014602710501885,0.0260288249987839
TA,CG,0.00735519033613364,9.33356122411314e-05,0.000523340200049876,0.00131330492575615
TA,CT,0.0804621487378086,0.00511867222114482,0.00832152160291378,0.0047678710345582
TA,GC,0.00429211852657395,0.000145436202154836,0.00028227444093541,0.000270620848302479
TA,GG,0.00545814356378327,0.000661508128252705,0.0015379824427209,0.00145785836039723
TA,GT,0.155491491503007,0.00476755585135678,0.00415758380991699,0.00471886495541208
TC,AA,0.176829734808639,0.0456263588677961,0.104619354081575,0.122137285601122
TC,AG,0.00447416738369736,0.00263393731891478,0.00621263629524227,0.00322809422825103
TC,AT,0.00967439806982098,0.0114263004752305,0.03780494194027,0.026529904908633
TC,CA,0.0237921716561805,0.0111797951607732,0.0321197533011583,0.0205625448421935
TC,CG,0.000386460245790501,0.000215756918213218,0.000823368910329623,0.00208529566070743
TC,CT,0.00456508024752298,0.00425946489732228,0.0109996667931037,0.00750575948294817
TC,GA,0.00176730938036797,0.00607104502020713,0.019125975258864,0.0174337676678333
TC,GG,0.000160851557267691,0.000195471947552145,0.000516231786261398,0.000818966976499628
TC,GT,0.0026116313030419,0.00256146668983933,0.00624502652033505,0.0018612885829537
TG,AA,0.0292927346118388,0.00685929748096625,0.0126047600386436,0.0095589402130909
TG,AC,0.035927861349131,0.000865455991872153,0.00305614850549372,0.00119470441468654
TG,AT,0.0951371757848195,0.0194807717231871,0.0283385298241129,0.0104845461576733
TG,CA,0.000982736571907216,0.00244083955588149,0.00421741854767897,0.00282937612868938
TG,CC,0.0017065933717754,0.000690392750982064,0.00208058577353248,0.00174653026447986
TG,CT,0.00876217041111804,0.0188233468829668,0.0384812639229139,0.0109692423783404
TG,GA,0.0262396540441994,0.00382474165837036,0.00468980952720247,0.00461469079012661
TG,GC,0.00268799116684962,0.000381578626529925,0.00234420062827313,0.00299749017830456
TG,GT,0.00804498270325124,0.0101573027166541,0.0148066750352592,0.0112803874843983
TT,AA,0.0636767631430573,0.00833057266714891,0.0143255997200224,0.00715322018873575
TT,AC,0.00700864547369718,0.00127029698658679,0.00373630970218848,0.00524517284683346
TT,AG,0.0117087686362074,0.000879848035486433,0.00453947663465226,0.000648823089286684
TT,CA,0.00162140749773536,0.000559944071946236,0.00240323063994585,0.00602702279297389
TT,CC,0.000193527628858138,0.000865285854870802,0.00138002141744956,0.00126922845220461
TT,CG,7.42277377403619e-05,0.000377727343499344,0.00036640184751698,0.00108958782480211
TT,GA,0.00183072773479009,0.000590027387185112,0.00209850769414541,0.00114983050493588
TT,GC,0.000368436342872251,0.000639854328080763,0.0020458651958062,0.00380826531021319
TT,GG,0.000186263524930975,0.000353320417305541,0.000396562310737435,0.000855214076459778
