Ref,Var,ZL-201155,ZL-201204T,ZL-201948,ZL-201999,ZL-202025,ZL-202046,ZL-202056,ZL-202079,ZL009041,ZL026642,ZL033326,ZL040761,ZL054594,ZL093073,ZL094531,ZL094587,ZL098594,ZL098834,ZL099873,ZL117411,ZL119464,ZL122906,ZL130896,ZL135285,ZL143005,ZL144459,ZL145150,ZL154137T,ZL160571,ZL160658,ZL163085,ZL163503,ZL165633,ZL166217,ZL169282,ZL170022,ZL171919,ZL173347,ZL173419,ZL173520,ZL176154,ZL183080,ZL183247,ZL185536,ZL187056T,ZL187784,ZL193447,ZL200007,ZL200095,ZL200191,ZL200205,ZL200206,ZL200236,ZL200258,ZL200312,ZL200387,ZL200509,ZL200531,ZL200638,ZL200746T,ZL200881T,ZL200942T,ZL200989T,ZL200995T,ZL201029T,ZL201057T,ZL201059T,ZL201074T,ZL201109T,ZL201144T,ZL201217T,ZL201238T,ZL201286T,ZL201292T,ZL201309T,ZL201325T,ZL201360T,ZL201378T,ZL201381T,ZL201403T,ZL201425T,ZL201450T,ZL201482T,ZL201509T,ZL201537T,ZL201557T,ZL201573T,ZL201645K,ZL201703T,ZL201949T,ZL202004T,ZL202165T,ZL202470,ZL202543T,ZL202690T,ZL202883,ZL203330,ZL203405T,ZL203684T,ZL203719T,ZL1056056,ZL1095842,ZL1132727,ZL1134324,ZL1135196,ZL1135526,ZL1135687,ZL1135777,ZL1135893,ZL1135916,ZL1136162,ZL1136289,ZL1136315,ZL1136555,ZL1136727,ZL1136761,ZL1137133,ZL1137172,ZL1137270,ZL1137379,ZL1137449,ZL1137632,ZL1137732,ZL1137748,ZL1137810,ZL1137816,ZL1138220,ZL1138247,ZL1138279,ZL1138297,ZL1138367,ZL1138649,ZL1138854,ZL1138867,ZL1139109,ZL1139195,ZL1139220,ZL1139421,ZL1139424,ZL1139564,ZL1139784,ZL1139936,ZL1139961,ZL1139972,ZL1140305,ZL1140523,ZL1140557,ZL1140665,ZL1141052,ZL1141078,ZL1141129,ZL1141141,ZL1141184,ZL1141410,ZL1141532,ZL203817T,ZL203846T,ZL204186T,ZL204195T,ZL204255T,ZL204283,ZL204310T,ZL204311T,ZL204365,ZL204405T,ZL204460T,ZL204484T,ZL204527,ZL204697T,ZL205085,ZL205563,ZL206293,ZL206427,ZL206489,ZL206535,ZL206558,ZL206640,ZL206724,ZL206733,ZL206735,ZL206748,ZL206763,ZL206773,ZL206777,ZL206783,ZL206797,ZL206838,ZL206853,ZL206871,ZL206878,ZL206884,ZL206888,ZL206915,ZL206918,ZL206920,ZL206924,ZL206939,ZL206956,ZL206962,ZL206990,ZL206993,ZL207022,ZL207039,ZL207045,ZL207048,ZL207056,ZL207061,ZL207066,ZL207079,ZL207103,ZL207105,ZL207125,ZL207165,ZL207195,ZL207197,ZL207206,ZL207219,ZL207264,ZL207278,ZL207281,ZL207288,ZL207295,ZL207350,ZL207353,ZL207357,ZL207365,ZL207366,ZL207393,ZL207402,ZL207405,ZL207445,ZL207452,ZL207455,ZL207484,ZL207492,ZL207513,ZL207523,ZL207525,ZL207527,ZL207551,ZL207587,ZL207640,ZL207656,ZL207657,ZL207667,ZL207675,ZL207686,ZL207714,ZL207732,ZL207783,ZL207806,ZL207826,ZL207852,ZL207866,ZL207878,ZL207879,ZL207887,ZL207888,ZL207891,ZL207904,ZL207916,ZL207917,ZL207920,ZL207931,ZL207958,ZL207961,ZL207966,ZL207975,ZL208000,ZL208008,ZL208010,ZL208013,ZL208016,ZL208039,ZL208043,ZL208069,ZL208079,ZL208105,ZL208108,ZL208122,ZL208124,ZL208125,ZL208131,ZL208137,ZL208146,ZL208150,ZL208180,ZL208202,ZL208213,ZL208214,ZL208215,ZL208231,ZL208250,ZL208275,ZL208283,ZL208289,ZL208320,ZL208379,ZL208386,ZL208387,ZL208401,ZL208439,ZL208444,ZL208449,ZL208452,ZL208465,ZL208480,ZL208501,ZL208523,ZL208526,ZL208528,ZL208535,ZL208564,ZL208566,ZL208592,ZL208611,ZL208626,ZL208634,ZL208658,ZL208685,ZL208701,ZL208705,ZL208723,ZL208735,ZL208740,ZL208773,ZL208788,ZL208801,ZL208818,ZL208837,ZL208845,ZL208850,ZL208856,ZL208921,ZL208964,ZL209052,ZL209059,ZL209069,ZL209078,ZL209088,ZL209090,ZL209137,ZL209139,ZL209162,ZL209192,ZL209237,ZL209265,ZL209270,ZL209281,ZL209283,ZL209318,ZL209319,ZL209342,ZL209356,ZL209364,ZL209372,ZL209387,ZL209390,ZL209397,ZL209398,ZL209404,ZL209456,ZL209483,ZL209518,ZL209519,ZL209543,ZL209566,ZL209579,ZL209581,ZL209590,ZL209640,ZL209645,ZL209672,ZL209700,ZL209753,ZL209773,ZL209937,ZL210018,ZL210024,ZL210047,ZL210086,ZL210088,ZL210124,ZL210126,ZL210128,ZL210133,ZL210141,ZL210168,ZL210182,ZL210192,ZL210193,ZL210198,ZL210222,ZL210245,ZL210261,ZL210323,ZL210353,ZL210362,ZL210390,ZL210396,ZL210399,ZL210424,ZL210445,ZL210460,ZL210522,ZL210798,ZL210842,ZL210860,ZL210905,ZL210917,ZL210961,ZL211081,ZL211093,ZL211372,ZL211383,ZL211402,ZL211456,ZL211498,ZL211549,ZL211583,ZL211599,ZL211606,ZL211643,ZL211653,ZL211683,ZL211693,ZL211703,ZL211704,ZL211707,ZL211709,ZL211710,ZL211720,ZL211733,ZL211761,ZL211768,ZL211789,ZL211817,ZL211826,ZL211827,ZL211828,ZL211891,ZL211921,ZL211953,ZL211974,ZL211976,ZL212037,ZL212061,ZL212063,ZL212068,ZL212097,ZL212098,ZL212237,ZL212250,ZL212278,ZL212293,ZL212299,ZL212357,ZL212392,ZL212423,ZL212425,ZL212433,ZL212462,ZL212505,ZL212534,ZL212590,ZL212614,ZL212645,ZL212991,ZL213246,ZL213328,ZL213518,ZL213692,ZL213785,ZL213801,ZL213836,ZL214548,ZL214774,ZL215712,ZL217568,ZL217739,ZL471600,ZL685304,ZL724573,ZL769907,ZL788093,ZL811557,ZL838091,ZL885253,ZL903239,ZL904678,ZL981061,ZL984521,ZL995439,ZL998638
AC,CA,0,2,1,1,0,1,0,0,1,0,0,0,0,0,0,0,6,2,1,1,1,0,1,0,3,0,1,2,1,0,0,1,0,1,0,1,0,0,0,1,0,1,0,0,0,0,0,0,0,2,1,1,1,0,1,0,0,0,0,0,1,0,0,0,1,1,0,0,1,0,0,0,0,0,1,0,0,1,0,0,0,0,0,0,0,0,1,0,1,0,1,0,1,0,2,0,0,1,0,2,1,1,1,1,1,1,1,2,0,1,0,2,0,0,2,0,1,0,1,0,2,0,0,3,0,1,0,0,0,0,1,0,0,1,0,1,0,1,0,0,0,1,0,0,0,2,0,1,0,0,0,1,2,1,1,0,0,0,0,0,1,0,0,0,0,1,0,0,0,0,1,0,0,0,0,0,0,0,0,2,1,0,0,0,1,0,1,1,0,0,0,0,1,2,0,0,3,0,1,0,0,0,0,1,0,0,0,0,0,0,1,0,0,0,4,0,0,0,2,3,0,0,1,0,2,0,0,1,0,2,0,0,1,1,1,0,0,1,1,1,0,0,1,0,1,0,1,0,1,2,1,0,0,0,1,0,1,3,1,1,0,1,1,0,1,1,1,0,1,0,0,1,0,0,1,0,0,0,0,0,1,2,0,3,0,0,0,0,0,0,1,0,1,0,2,0,1,0,0,0,0,2,0,1,0,0,0,0,0,0,0,0,0,1,1,1,1,0,0,0,0,0,0,1,0,0,0,1,0,1,0,0,0,0,0,1,0,0,1,1,0,1,0,0,1,1,1,1,0,0,1,1,0,0,0,0,1,0,0,1,0,0,0,0,0,2,0,2,3,0,0,1,0,1,0,1,1,0,0,0,1,1,2,1,1,0,0,2,0,1,0,0,0,0,2,0,0,0,0,1,0,0,0,1,1,3,1,0,0,0,1,0,0,0,0,1,1,0,1,1,2,0,2,0,2,0,0,2,0,2,2,0,0,0,1,0,0,0,0,0,0,0,1,1,0,1,0,0,1,0,0,0,1,0,0,1,0,1,1,0,4,0,0,0,3,0,0,0,0,1,0,0,0,0,0,1,0,1,0,0,0,1,0,2,1,0,1,1,1,0,3,1,1,1
AC,CG,0,0,0,0,0,0,0,0,0,0,0,0,0,0,0,0,0,0,0,0,0,0,0,0,0,0,1,0,0,0,0,0,0,0,0,0,0,0,1,0,0,0,0,0,0,0,1,1,0,0,1,0,0,0,0,0,0,0,0,0,0,0,0,0,0,0,0,0,0,0,0,0,0,0,0,0,0,0,1,0,0,0,0,0,0,0,0,0,0,0,0,0,0,0,0,0,0,0,0,0,0,0,0,0,0,0,0,1,0,0,0,0,0,0,0,0,0,0,0,0,0,0,0,0,0,0,0,0,0,0,0,0,0,0,0,0,0,0,0,0,0,0,0,0,0,0,0,0,0,0,0,0,0,0,1,0,0,0,0,0,0,0,0,0,0,0,0,0,0,0,0,0,0,0,0,0,0,0,0,0,1,0,0,0,0,0,0,0,0,0,0,0,2,0,0,0,0,0,0,0,0,0,0,0,0,0,0,0,0,0,0,0,0,0,0,0,0,0,0,0,0,0,0,0,0,0,0,0,0,0,0,0,0,0,0,0,0,0,0,0,0,0,0,1,0,0,0,0,0,0,0,0,0,0,0,0,0,0,0,0,0,0,0,0,0,0,0,0,0,0,0,0,0,0,0,0,0,0,0,0,0,0,0,0,0,0,0,0,0,0,0,0,0,0,0,0,0,0,0,0,0,0,0,0,0,0,0,0,0,0,0,0,0,0,0,0,0,0,0,0,0,0,0,0,0,0,0,0,0,0,0,0,0,0,1,0,0,0,0,0,0,0,0,0,0,0,0,0,0,0,0,0,0,0,0,0,0,0,0,0,0,0,0,0,0,0,0,0,0,0,0,0,0,0,1,0,1,0,0,0,0,0,0,0,0,0,0,0,0,0,0,0,0,0,0,0,0,0,0,0,0,0,0,0,0,0,0,0,0,0,0,0,0,0,0,0,0,0,0,1,0,0,0,0,0,0,0,0,0,0,0,0,0,0,0,0,0,0,0,0,0,0,0,0,0,0,0,0,0,0,0,0,0,0,0,0,0,0,0,0,0,0,0,0,0,0,0,0,0,0,0,0,0,0,0,0,0,0,0,0,0,0,0,0,0,0,0,0,0,0,0,0,0,0
AC,CT,0,0,0,0,0,0,0,0,2,0,0,0,0,0,0,0,4,1,0,0,0,1,0,0,3,0,0,0,0,0,0,0,1,0,1,0,1,0,0,0,0,0,0,0,0,0,0,1,0,0,0,0,1,0,0,0,0,1,0,0,0,0,0,0,0,0,1,0,0,0,0,1,0,0,3,0,0,0,0,0,0,0,0,0,0,0,0,1,0,0,0,0,0,0,3,0,1,1,0,0,0,0,0,0,1,0,2,1,0,1,0,1,0,0,2,1,1,0,2,0,0,0,0,0,0,0,0,0,0,0,0,0,0,0,0,0,0,0,0,0,0,0,1,1,1,0,0,0,0,0,0,2,0,0,0,1,1,0,0,1,1,0,0,0,0,0,1,0,2,0,1,0,0,0,0,0,1,0,0,0,0,0,0,0,0,0,0,5,0,0,0,4,1,0,0,0,1,0,0,0,0,1,0,0,1,1,0,0,0,0,0,0,0,0,1,0,0,0,1,1,0,0,1,1,0,0,1,0,0,0,2,0,0,0,0,1,0,2,1,0,0,1,0,0,0,0,0,0,1,0,0,0,1,1,1,1,3,0,0,1,0,0,0,0,0,0,1,0,0,0,0,0,0,0,0,2,0,0,1,2,1,0,1,1,0,0,0,1,0,0,0,0,0,0,1,0,0,0,0,0,0,0,0,0,0,0,0,0,1,0,0,0,0,1,0,0,0,3,0,0,0,0,0,1,0,0,0,2,0,0,0,0,1,2,0,1,0,0,2,0,1,1,0,1,0,0,1,0,0,0,1,0,0,0,1,0,0,0,1,1,0,0,1,0,1,1,0,1,0,2,0,0,1,0,0,0,0,0,0,2,0,0,1,0,0,0,0,0,0,0,0,0,0,0,1,0,1,0,0,0,0,0,0,0,0,0,0,1,1,0,0,0,0,0,0,0,0,0,0,0,1,1,0,1,1,0,0,2,0,1,2,0,0,0,0,0,1,1,0,0,0,0,0,1,0,0,0,0,1,0,0,1,0,0,1,0,0,1,0,0,0,0,1,0,2,1,0,0,2,0,1,0,0,0,0,0,2,0,0,1,0,2,1,1,0,0,0,0,1,0,0,0,0,0
AC,GA,0,1,0,0,1,1,1,0,2,1,0,0,0,1,0,0,3,0,1,0,0,0,0,0,2,0,0,0,0,0,2,0,3,0,0,0,0,0,2,1,1,0,0,1,0,0,0,2,1,0,3,0,0,0,0,0,0,0,0,1,0,0,0,1,0,1,0,0,0,0,0,0,0,0,0,0,0,0,0,0,0,0,0,0,0,1,0,1,0,0,1,0,0,0,1,1,3,0,0,1,1,1,1,0,0,0,0,1,0,0,0,0,0,0,2,0,0,0,0,0,1,1,1,2,1,0,2,2,0,1,0,0,0,0,0,0,0,1,0,0,0,0,0,2,0,0,0,0,0,1,0,1,2,0,0,0,2,0,0,0,0,0,0,0,0,0,0,0,2,0,1,1,0,0,1,0,0,0,0,0,1,0,1,0,0,2,0,2,0,0,3,0,0,1,1,0,1,0,0,0,1,0,0,0,0,2,0,0,2,0,0,2,0,0,1,0,0,0,1,2,0,0,0,0,0,1,0,2,0,0,1,2,2,0,1,0,0,0,0,0,0,1,0,0,0,0,1,1,0,0,0,1,0,1,0,0,0,0,2,0,1,0,0,0,1,1,1,0,0,0,1,1,0,1,0,0,0,0,0,0,1,0,0,0,1,0,0,0,1,0,2,0,0,1,2,0,0,2,0,0,1,0,2,1,1,0,0,0,1,2,0,0,0,0,2,0,1,0,0,2,0,1,2,0,1,0,0,0,0,0,2,0,0,1,1,1,0,0,1,0,1,0,0,2,0,1,0,2,0,0,0,0,0,0,1,1,0,0,0,4,0,0,0,0,0,1,0,0,1,0,0,0,0,1,0,0,0,2,0,0,3,0,0,0,1,2,1,0,0,0,0,0,0,0,0,0,0,0,1,0,0,0,0,0,3,0,0,0,0,0,1,1,0,0,1,0,0,1,0,1,0,0,0,1,1,0,1,1,0,1,0,1,0,0,0,0,0,0,1,0,1,1,0,1,0,0,0,1,0,0,0,0,0,0,0,0,1,1,0,0,2,0,0,0,1,0,0,0,0,1,1,0,1,0,0,0,0,0,2,1,0,1,0,0,1,1,2,0,0,0,2,0,1,1
AC,GG,0,0,0,0,0,0,0,0,0,0,0,0,0,0,0,0,0,0,0,0,0,0,0,0,0,0,0,0,0,0,0,0,0,0,0,0,0,0,0,0,0,0,0,0,0,0,0,0,0,0,0,0,0,0,0,0,0,0,0,0,0,0,0,0,0,0,0,0,0,0,0,0,0,0,0,0,0,0,1,0,0,0,0,0,0,0,0,0,0,0,0,0,0,0,0,0,0,0,0,0,0,1,0,0,0,0,0,0,1,0,0,0,0,0,0,0,0,0,0,0,0,0,0,0,0,0,1,0,0,0,0,0,0,0,0,0,0,0,0,0,0,0,0,0,0,0,0,0,0,0,0,0,0,0,0,0,0,1,0,0,0,0,0,0,0,0,0,0,0,0,1,1,1,0,0,0,0,0,0,0,0,0,0,0,0,0,0,0,0,0,0,0,0,0,0,0,0,0,0,0,0,0,0,0,0,0,0,0,1,0,0,0,0,0,0,0,0,0,0,0,0,0,0,0,0,0,0,0,0,1,0,0,0,0,0,0,0,0,0,0,0,0,0,0,0,0,0,0,0,0,0,1,0,1,0,0,0,0,0,0,1,0,0,0,0,0,0,0,0,0,0,0,0,0,0,0,0,0,0,0,0,0,0,0,0,1,0,0,0,0,0,0,0,0,0,0,0,0,0,0,0,1,0,0,0,1,0,0,0,0,1,0,0,0,0,0,0,0,0,0,0,0,0,0,0,0,0,0,0,0,0,0,0,0,0,0,0,0,0,0,0,0,0,0,0,0,0,1,0,0,0,0,0,0,0,0,0,0,0,0,0,0,0,0,0,0,0,0,1,1,0,0,1,0,0,0,0,0,0,0,0,0,0,0,0,0,0,0,0,0,0,0,0,0,0,0,0,0,0,0,0,0,0,0,0,0,0,0,0,0,0,0,0,0,0,0,0,0,0,0,0,0,0,0,0,0,0,2,0,0,0,0,0,1,0,0,0,0,0,0,0,0,0,0,0,0,0,0,0,0,0,0,0,0,0,0,0,0,0,0,0,0,0,0,1,0,1,0,0,0,0,0,0,0,0,0,0,0,0,0,0,0,0,0,0,0,0,0,0,0,0,0,0,0
AC,GT,0,0,0,0,0,0,1,0,2,1,0,0,0,0,0,0,0,0,0,0,0,0,0,0,0,0,0,0,0,0,0,0,0,0,0,0,0,0,0,1,0,0,0,0,0,0,0,0,0,1,0,0,0,0,0,0,0,0,0,0,0,0,0,0,0,0,1,0,0,0,0,0,0,0,1,0,0,0,2,1,0,0,0,0,0,0,0,0,0,0,0,1,0,0,0,0,1,0,0,0,0,0,1,0,1,1,0,0,0,1,1,0,0,0,0,0,1,0,0,0,0,0,0,0,0,0,1,0,1,0,0,0,1,0,0,0,0,0,0,0,0,0,0,0,0,1,0,0,0,0,1,0,0,1,0,1,0,1,0,0,0,0,0,0,0,0,0,0,0,0,0,0,0,0,0,0,1,0,0,0,0,0,1,0,0,0,0,0,0,0,0,0,0,0,0,0,1,1,0,0,0,0,2,0,0,0,0,0,0,0,0,0,0,0,0,0,0,0,0,2,0,0,0,0,0,0,0,0,0,0,0,1,0,0,0,1,0,0,0,0,0,1,0,0,0,0,0,0,0,0,1,0,0,0,0,0,0,1,0,0,0,1,0,0,0,0,1,0,0,0,0,0,0,0,0,0,0,0,1,0,0,0,0,0,0,0,0,0,0,0,0,0,0,0,0,0,0,0,0,0,0,0,0,0,0,0,0,0,1,0,0,0,0,0,0,0,0,0,1,0,1,0,0,1,0,0,0,1,1,0,0,1,0,0,0,0,0,0,0,0,0,0,0,0,0,0,1,0,0,1,0,0,0,0,0,0,1,0,0,0,0,0,0,0,0,1,1,1,0,0,0,0,1,0,0,0,1,0,0,0,0,0,0,0,0,0,0,1,0,0,0,0,0,0,0,0,0,0,0,0,0,0,0,0,0,1,0,0,1,0,0,0,0,0,0,0,0,0,0,0,0,0,1,0,1,0,0,2,0,0,0,1,0,1,0,0,0,0,1,0,0,0,0,0,0,0,0,0,0,0,0,0,0,0,0,0,0,0,0,1,0,0,1,0,1,0,0,0,0,0,0,0,0,0,0,0,1,0,0,0,0,0,0,1,1,1,0,0,0,1,0,0,0,0
AC,TA,0,1,0,0,0,0,0,1,2,0,0,0,1,2,1,2,4,0,0,2,1,0,2,0,1,0,1,1,0,0,0,0,1,1,2,0,1,0,1,0,0,1,0,0,0,0,1,0,1,2,0,0,0,0,0,0,0,0,1,0,0,0,0,0,1,2,0,1,0,1,0,1,0,0,3,0,0,0,1,0,1,0,0,1,0,0,1,1,0,1,0,0,0,0,1,0,0,0,0,1,0,0,2,1,1,0,0,1,1,0,0,1,0,0,4,1,0,0,1,0,0,1,1,4,1,0,1,1,0,1,0,0,1,0,0,1,0,1,0,2,2,0,3,0,0,0,0,1,1,1,0,3,1,1,1,0,0,1,0,1,0,1,0,0,0,0,1,0,2,1,2,1,0,1,1,0,0,0,0,0,1,0,0,0,1,0,1,2,0,0,2,2,0,0,0,0,3,0,1,1,1,0,1,0,0,1,0,0,4,0,1,0,2,0,3,0,0,0,1,2,0,1,0,0,0,0,0,2,0,2,0,0,0,0,1,0,0,0,1,1,0,0,3,1,1,4,0,0,0,0,1,0,0,0,1,2,0,0,1,0,0,0,1,0,1,0,3,1,0,2,0,0,0,0,0,1,0,1,1,1,1,0,0,0,0,1,1,0,0,1,0,0,0,1,1,0,1,1,1,1,1,0,1,0,0,1,0,1,1,2,0,0,0,2,0,0,0,0,0,3,0,0,0,0,0,1,0,0,0,1,0,1,1,1,1,0,0,1,1,0,0,2,1,0,2,0,0,0,0,0,0,1,2,1,2,1,0,2,1,0,0,0,1,0,1,1,1,1,0,1,0,0,0,1,0,0,2,1,2,0,1,0,0,0,1,4,0,2,0,0,0,2,0,0,2,0,1,0,0,0,0,0,0,2,0,0,0,1,0,0,4,0,0,0,0,1,0,0,0,1,1,2,0,0,0,1,0,0,1,0,1,2,0,6,0,0,0,2,0,0,0,0,0,2,0,0,0,0,1,0,0,2,1,0,1,0,1,0,0,1,0,0,0,0,0,2,1,0,1,0,0,0,0,2,0,0,0,0,2,0,1,5,0,1,2,0,0,1,3,1,1,1,1,0
AC,TG,0,0,0,0,0,2,0,1,1,0,0,0,0,0,0,0,0,0,0,0,0,0,0,0,0,0,1,0,0,1,0,0,1,0,0,1,1,0,0,0,0,1,0,0,0,0,0,0,0,0,0,0,0,0,0,0,0,0,0,0,0,0,0,0,0,0,0,1,0,0,0,0,0,0,0,0,0,0,0,0,1,0,0,0,0,0,0,0,0,0,0,0,0,0,0,0,0,1,0,0,0,0,0,0,0,0,0,0,0,1,0,1,0,0,0,0,0,0,0,0,0,0,0,1,0,0,1,0,0,0,0,0,0,2,0,0,0,0,0,0,0,0,0,0,0,0,0,0,0,1,0,0,0,0,0,1,0,0,0,0,0,2,0,0,0,0,1,0,0,0,0,0,0,0,0,0,0,0,0,0,0,0,1,0,0,0,0,0,0,0,0,0,0,0,0,0,0,0,0,1,0,1,0,0,0,0,0,0,0,0,0,0,0,0,0,1,0,0,0,1,1,0,0,0,0,0,0,0,0,0,2,1,0,0,0,0,0,0,0,0,0,0,0,0,0,1,0,0,0,0,0,0,0,0,0,0,0,0,0,0,1,0,0,0,0,0,1,0,0,0,0,1,0,0,0,0,0,0,0,0,0,0,0,0,0,0,0,0,0,0,0,0,0,1,1,0,0,0,0,0,0,0,0,0,0,1,0,0,0,1,0,0,1,0,0,0,0,0,0,1,0,0,1,1,0,0,0,0,0,1,0,0,0,0,0,0,0,0,1,0,0,0,0,0,0,0,1,0,0,0,0,0,1,1,0,0,0,0,0,0,0,0,0,1,1,0,0,0,0,0,1,0,0,0,0,0,0,0,0,0,0,1,0,0,0,2,0,0,0,1,0,0,0,0,0,0,0,1,0,0,0,0,0,0,1,0,0,0,0,0,0,0,0,0,0,0,1,0,0,0,0,0,0,0,0,0,0,0,0,0,0,0,0,0,0,0,0,0,0,0,1,0,0,0,0,0,0,0,0,0,0,1,0,1,0,1,0,0,2,0,0,0,0,0,0,0,0,0,0,0,0,0,0,2,0,0,0,0,2,0,0,0,1,0,1,0,0,0,1,0,1,0,0,0
AC,TT,1,2,3,0,0,1,0,0,3,3,1,0,0,1,0,0,0,0,0,0,2,0,1,1,3,1,2,0,0,0,2,2,1,0,1,0,3,0,0,0,0,2,0,0,0,0,2,0,1,1,1,0,0,0,1,0,1,1,0,1,0,0,0,0,0,1,1,1,0,0,0,1,1,1,4,0,0,0,2,0,0,0,1,0,0,1,2,3,0,0,0,1,1,1,1,0,0,0,1,0,2,0,0,0,1,2,2,2,0,2,1,1,0,0,2,0,0,0,2,0,0,1,2,1,1,1,0,0,0,1,0,0,0,1,1,0,1,0,1,1,1,0,2,1,0,0,0,1,2,0,1,1,1,0,0,2,2,1,0,0,0,1,0,0,1,1,1,1,1,1,2,2,0,0,0,1,0,0,0,3,2,0,0,0,0,1,1,3,1,0,2,0,0,1,1,1,0,1,2,1,0,1,1,0,0,1,0,1,0,0,1,1,0,1,2,1,0,0,0,3,0,0,0,0,0,0,3,0,0,0,2,1,0,1,0,1,1,1,1,2,1,2,0,0,1,0,3,0,1,0,0,0,1,1,2,0,0,1,0,0,1,1,1,0,1,1,3,0,1,2,0,0,0,0,0,1,0,1,0,1,0,2,1,0,0,1,1,0,0,1,0,0,0,3,0,0,2,1,1,1,0,1,1,0,1,0,2,2,2,0,0,0,1,1,1,0,3,0,0,4,0,2,0,1,1,0,0,1,0,0,3,1,0,2,0,4,0,1,0,1,1,3,2,2,0,0,0,1,0,0,0,1,1,0,1,0,1,0,3,0,0,0,0,0,1,0,0,2,0,0,0,1,0,1,0,0,0,0,2,1,1,0,1,1,1,0,0,0,0,0,0,0,0,0,0,0,0,0,0,1,0,0,0,0,0,0,2,2,0,0,1,0,0,0,0,1,0,1,2,0,1,1,0,0,1,0,0,1,0,0,0,0,0,1,0,0,0,0,0,2,0,0,1,1,0,1,0,0,0,0,2,1,0,0,0,0,2,0,1,0,0,0,0,0,1,1,0,0,1,0,1,0,1,1,0,0,1,0,0,0,1,5,0,1,1,0,0,0,4,1,1,0,0,1
AT,CA,0,0,0,0,0,1,1,0,1,0,0,0,1,0,0,0,1,0,0,0,1,0,0,0,0,0,1,0,1,0,0,0,0,0,0,0,2,0,0,0,0,0,0,0,0,0,2,0,0,1,1,0,0,0,0,2,0,0,0,0,0,0,0,0,0,0,0,0,0,0,0,1,0,0,0,0,0,0,0,1,0,0,1,0,0,0,0,0,0,0,0,0,0,0,0,1,0,0,0,1,0,0,0,0,0,0,0,0,0,0,0,0,0,0,1,1,0,0,0,0,0,0,0,1,0,1,0,0,0,1,1,0,0,0,0,1,0,0,0,0,0,1,0,0,0,0,0,0,0,0,0,2,0,0,0,0,1,1,1,0,0,0,0,0,0,0,0,0,0,0,0,0,0,0,0,1,0,0,0,1,0,0,0,1,0,0,0,2,0,0,0,0,0,0,0,0,0,0,0,0,1,0,0,1,0,0,1,0,0,0,0,0,0,0,2,1,0,0,0,0,0,0,0,0,0,0,0,0,0,2,1,1,1,0,1,0,0,0,0,0,0,0,1,1,1,0,0,0,0,0,0,0,0,0,0,0,1,0,0,0,0,0,0,0,0,2,0,1,0,0,0,0,0,0,0,0,0,0,0,1,0,1,0,0,0,0,0,0,0,0,0,0,1,1,0,0,0,1,1,0,0,0,0,0,0,0,0,1,1,0,0,0,0,1,0,0,0,0,0,1,0,0,0,0,0,2,0,0,0,0,0,0,0,0,2,0,0,0,0,1,0,0,0,1,1,0,0,0,0,0,0,0,0,0,0,0,0,0,1,0,0,0,1,1,0,0,0,0,0,0,1,1,0,0,0,0,0,0,1,1,0,0,1,0,2,0,0,1,0,0,0,0,0,0,0,1,0,0,0,0,0,0,0,0,0,0,0,0,0,0,0,2,0,1,0,0,0,0,0,0,1,0,0,0,0,0,0,1,0,1,0,0,0,1,0,0,0,0,1,1,0,0,0,0,0,0,0,1,0,0,0,0,1,0,0,0,0,0,0,0,1,0,1,0,0,0,0,0,0,0,0,0,0,0,0,0,0,0,0,0,0,0,0,0,1,1,0,0,0,0,0,0,0,0
AT,CC,0,0,0,0,0,0,0,0,0,0,0,0,0,0,0,0,0,0,0,1,0,0,0,0,0,0,0,0,0,0,0,0,0,0,0,0,0,0,0,0,0,0,0,1,0,0,0,0,0,0,0,0,0,0,0,0,0,0,0,0,0,0,0,0,0,0,1,0,0,0,0,0,0,0,0,0,0,0,1,0,0,0,0,0,0,0,0,1,0,0,0,0,0,0,0,0,0,0,0,0,0,0,0,0,0,0,0,0,0,0,0,0,0,0,0,0,0,0,0,0,0,0,0,0,0,0,0,0,0,0,0,0,0,0,0,0,0,0,0,0,0,0,0,0,0,0,0,1,1,0,0,0,0,0,0,0,0,0,0,0,0,0,0,0,0,0,0,0,0,0,1,0,0,0,0,0,0,0,0,0,0,0,0,0,0,0,0,0,0,0,1,0,0,0,0,0,0,0,0,0,0,0,0,0,0,0,0,0,0,0,0,0,0,0,0,0,0,0,0,0,0,0,0,0,0,0,0,0,0,0,0,0,0,0,1,0,0,0,1,0,0,0,0,0,0,0,1,0,0,0,0,0,0,0,0,0,0,0,0,0,0,0,0,0,0,0,0,0,0,0,0,0,0,0,0,0,0,0,0,0,0,0,0,0,0,0,0,0,0,0,0,0,0,0,0,0,0,0,0,0,0,0,0,0,0,0,0,0,0,0,0,0,0,0,0,1,0,0,0,0,0,0,0,0,0,0,0,0,0,1,0,0,0,0,0,0,0,0,0,0,0,0,0,0,0,0,0,0,0,0,0,0,0,0,0,0,0,1,0,0,0,0,0,0,0,0,0,0,0,0,0,0,0,0,0,0,0,0,0,0,0,0,0,0,0,0,0,0,0,0,0,0,0,0,0,0,0,0,0,0,0,0,0,0,0,1,0,1,0,0,0,0,0,0,0,0,0,1,0,0,0,0,0,1,1,0,0,0,0,0,0,0,0,0,0,0,0,0,0,0,0,0,0,0,0,0,0,0,0,0,0,0,1,0,0,0,0,0,0,0,0,0,1,0,0,0,0,0,1,0,0,0,0,0,0,0,0,0,0,0,0,0,1,0,0,0,0,0,0,0,0,0,0,0
AT,CG,0,0,0,0,0,0,0,1,0,0,0,0,0,0,0,0,0,0,0,0,0,0,0,0,0,0,0,0,0,0,0,0,0,0,0,0,0,0,0,0,0,0,0,0,0,0,0,0,0,0,0,0,0,0,0,0,0,0,0,0,0,0,0,0,0,0,0,0,0,0,0,0,0,0,0,0,0,0,0,0,0,0,0,0,0,0,0,1,0,0,0,0,1,0,0,0,0,0,0,0,0,0,0,0,0,0,0,0,0,0,0,0,0,0,0,0,0,0,0,0,0,0,0,0,0,0,0,0,0,0,0,0,0,0,0,0,0,0,0,0,0,0,0,0,0,0,0,0,0,0,0,0,1,0,1,0,0,0,0,0,0,0,0,0,0,0,0,0,0,0,0,0,0,0,0,0,0,0,0,0,0,0,0,1,0,0,1,0,0,0,0,1,0,0,0,0,0,0,0,0,0,0,0,0,0,0,1,0,0,0,1,0,0,0,0,1,0,0,0,0,0,0,0,0,0,0,0,0,0,0,0,0,0,0,0,0,0,0,0,1,0,0,0,0,0,0,0,0,0,0,0,0,0,0,0,0,1,0,0,1,0,0,0,0,0,0,0,0,0,0,0,0,0,0,0,0,0,0,0,0,0,0,0,0,0,0,0,0,0,0,0,0,0,0,0,0,1,0,0,0,0,0,0,0,0,0,0,0,0,0,0,0,0,0,0,0,0,0,0,0,0,0,0,0,0,0,0,0,0,0,0,0,0,0,0,1,0,0,0,0,0,1,0,0,0,0,0,0,0,0,0,0,0,0,0,0,0,0,0,0,0,0,0,1,0,0,0,0,0,0,0,0,0,0,0,0,1,1,0,0,1,0,0,0,0,0,0,0,0,0,0,0,0,0,0,0,0,0,0,0,0,0,0,0,0,0,0,0,0,0,0,0,0,0,0,0,0,1,0,0,0,0,0,0,1,0,0,0,0,0,0,0,0,0,0,0,0,1,0,0,0,0,0,0,0,0,0,0,0,0,0,0,0,0,0,0,0,0,0,0,0,0,0,0,0,0,0,0,0,0,0,0,0,0,0,0,0,0,0,0,0,0,0,0,0,0,0,0,0,0,0,0,0,0
AT,GA,2,0,0,0,1,0,0,0,2,0,1,0,0,0,0,1,8,0,1,1,0,0,0,0,1,1,0,0,0,0,0,0,0,0,0,0,0,0,0,0,0,0,0,0,0,0,0,0,0,0,0,0,0,0,1,0,0,0,0,0,0,0,0,0,0,0,0,1,0,0,0,0,0,0,0,0,0,0,0,0,0,0,0,0,0,1,0,0,0,0,0,0,0,0,0,0,0,0,0,0,0,0,0,0,0,0,0,0,0,0,0,0,0,0,0,0,1,0,1,0,0,0,1,0,0,1,0,0,2,0,0,0,0,0,0,0,0,0,0,0,0,0,0,0,0,0,0,0,0,0,0,1,1,0,0,0,0,0,0,0,0,0,0,0,0,1,0,0,0,0,0,1,0,0,0,0,0,0,0,0,0,0,0,1,1,0,0,1,0,0,0,0,0,0,0,0,0,0,0,0,0,0,0,0,0,0,0,0,0,0,0,0,1,0,1,0,0,0,0,0,0,0,0,0,0,0,0,0,0,0,2,0,0,1,1,1,0,0,0,0,0,0,0,0,0,1,0,0,0,0,0,0,0,0,1,0,0,0,1,0,0,0,0,0,0,1,0,0,0,1,0,0,0,0,0,0,0,2,2,0,0,0,0,2,0,0,0,0,0,0,0,0,0,0,1,0,1,0,0,0,0,0,0,0,1,0,0,1,0,0,0,0,0,0,1,0,0,1,0,2,0,0,0,0,0,0,0,0,0,0,1,0,0,0,0,0,0,0,0,0,0,0,0,0,0,0,0,0,0,1,0,1,0,0,0,0,0,0,1,0,0,0,0,0,0,0,0,1,0,0,0,0,0,0,1,0,0,0,0,0,2,0,1,0,2,0,0,1,0,0,0,0,0,0,0,0,0,0,0,0,0,0,0,0,0,0,0,0,0,0,0,0,0,0,0,0,0,1,0,0,0,0,0,0,0,0,0,0,0,0,0,0,0,1,0,0,0,0,0,0,0,1,1,1,0,0,0,1,0,0,0,0,0,0,2,0,0,0,0,0,0,0,1,0,0,0,0,0,1,1,0,0,0,0,0,0,0,0,0,0,1,0,1,0,2,0,1,1,1,0,0,0,0,0
AT,GC,0,0,0,0,0,0,0,1,0,0,0,0,0,0,0,0,4,0,0,0,0,0,0,0,0,0,0,0,0,0,0,1,0,0,0,0,0,0,0,0,0,0,0,0,0,0,0,0,0,0,0,0,0,0,0,0,0,0,0,0,0,0,0,0,0,0,0,0,0,0,0,0,0,0,0,0,0,0,0,0,0,0,0,0,0,0,0,0,1,0,0,0,0,0,0,0,0,0,0,0,0,0,0,0,0,0,0,0,0,0,0,0,0,0,1,0,0,0,0,0,1,0,0,0,0,0,0,0,0,0,0,0,0,0,0,0,1,0,0,0,0,0,0,0,0,1,0,0,0,0,0,0,0,0,0,0,0,0,0,0,0,0,0,0,0,0,0,0,0,0,0,0,0,0,0,0,0,0,0,0,0,0,0,0,0,0,0,0,0,0,0,0,0,0,0,0,0,1,0,1,0,0,0,0,0,0,0,0,0,0,0,0,0,0,0,0,0,0,0,0,0,0,0,0,0,0,0,0,0,0,0,0,0,0,0,0,0,0,0,1,0,0,1,0,0,0,0,1,0,0,0,0,0,0,0,0,0,0,0,0,0,0,0,0,0,0,0,0,0,0,1,0,0,0,0,1,0,0,0,0,0,0,0,0,0,0,0,0,0,0,0,0,0,0,0,0,0,0,0,0,0,0,0,0,0,0,0,0,0,0,0,0,1,0,0,0,1,0,0,0,0,0,1,0,0,0,0,0,0,0,0,0,0,0,0,0,0,0,0,0,0,0,0,0,0,0,0,1,0,0,0,1,0,0,0,0,0,0,0,0,0,0,0,0,0,0,0,0,0,0,0,0,0,0,0,0,0,0,0,0,0,1,0,0,0,0,1,0,0,0,0,0,0,0,0,0,0,0,0,0,0,0,0,0,0,0,0,0,0,0,0,0,0,0,0,0,0,0,0,0,0,0,1,0,0,0,0,0,0,0,0,0,0,0,0,0,0,0,0,0,0,0,0,0,0,0,0,0,0,0,0,1,0,0,0,0,0,0,0,0,0,0,0,0,0,0,0,0,0,0,0,0,0,0,0,0,0,0,0,0,0,0,0,0,0,0,1,0,0,0,0,0,1,0
AT,TA,0,0,1,0,2,2,0,0,2,1,0,0,0,0,2,0,8,1,1,0,0,0,0,1,3,1,1,0,0,0,1,2,0,0,0,1,0,0,1,1,0,0,0,1,0,1,0,0,1,0,0,0,0,0,0,0,0,1,0,0,0,1,1,0,0,0,0,1,0,0,0,0,0,1,2,0,0,0,1,0,0,0,0,1,0,0,1,1,1,1,1,1,0,0,1,0,1,0,1,0,0,2,2,0,0,0,1,2,0,1,0,0,0,0,3,1,1,0,0,0,1,0,1,0,0,1,1,1,0,0,0,0,0,0,1,0,0,0,0,1,1,0,0,0,0,1,0,0,1,1,0,1,0,1,0,1,1,1,0,2,0,1,0,0,1,0,0,0,1,0,1,1,0,0,1,0,0,3,0,0,1,0,0,1,1,0,0,1,0,0,0,0,0,0,1,0,1,0,3,0,1,1,0,0,1,2,0,0,1,1,3,1,1,1,0,2,0,0,0,0,0,0,0,0,0,0,2,0,0,1,0,0,0,0,2,0,1,2,0,0,1,0,1,0,0,1,2,1,0,1,0,0,0,1,2,0,2,0,1,0,0,0,0,0,0,1,0,1,0,1,1,0,0,0,0,0,0,1,0,1,0,1,0,1,0,3,1,0,0,0,0,0,0,0,0,0,1,2,1,0,1,0,0,0,1,1,0,1,0,0,0,0,0,1,0,0,3,0,0,3,1,0,1,0,0,0,0,1,0,1,0,1,0,0,0,1,0,0,0,1,0,0,0,1,0,0,0,0,0,0,2,1,1,0,0,0,0,1,0,1,0,0,2,0,2,0,2,1,0,0,1,0,1,0,0,0,5,0,1,0,3,0,1,1,0,0,1,0,0,0,0,0,0,0,0,1,0,1,0,0,0,0,0,0,1,1,2,0,0,0,2,1,0,0,0,0,0,4,1,1,0,0,0,0,0,1,1,0,0,0,0,1,0,1,0,0,1,2,0,0,0,1,0,0,1,0,0,1,3,1,0,1,0,0,0,0,1,0,0,0,2,0,1,3,0,0,0,0,0,0,0,0,0,1,0,0,0,1,0,0,1,2,0,0,1,0,1,1,1,0,1,0,2,1
CC,AA,14,66,48,23,17,26,13,14,334,83,44,0,76,72,53,60,40,69,59,41,49,25,49,60,52,36,72,14,53,21,32,159,7,8,41,16,57,1,95,23,12,15,0,84,8,36,22,56,24,62,37,44,12,25,12,35,13,32,30,23,16,106,56,80,39,44,40,53,9,17,3,42,19,5,59,6,21,33,45,43,28,24,45,21,15,44,26,217,34,58,39,85,13,22,22,46,26,16,57,27,10,59,49,28,138,17,40,28,12,39,20,51,0,26,248,137,66,1,25,0,21,22,86,251,10,32,32,6,49,31,11,23,38,24,40,31,10,17,34,29,60,19,122,87,4,83,7,35,44,20,17,93,35,66,26,26,82,92,24,118,38,10,8,26,15,19,49,57,32,17,51,88,10,33,37,43,12,13,0,11,46,3,19,34,7,32,58,130,13,13,76,122,24,87,133,11,35,18,28,20,101,6,84,27,23,90,23,15,68,5,5,15,27,22,63,52,12,9,38,59,5,11,42,8,37,43,34,49,2,61,7,38,34,32,94,58,12,80,25,51,32,17,154,20,46,22,62,15,18,39,19,28,34,171,116,36,26,58,84,15,32,62,31,0,14,23,53,15,45,22,96,54,5,14,7,34,18,21,97,47,6,40,47,72,23,55,80,6,18,41,15,30,26,32,13,27,18,28,72,9,13,19,33,17,33,13,4,105,16,41,24,7,49,55,14,27,38,34,13,120,12,37,26,22,76,15,0,166,20,85,30,13,16,99,36,54,15,27,66,23,4,22,23,30,107,31,29,99,54,59,121,16,100,12,177,7,7,37,88,24,0,0,18,71,47,25,36,34,54,7,15,28,49,19,50,20,42,19,20,67,67,16,39,38,22,59,107,67,5,11,17,10,7,30,11,54,9,30,13,31,9,17,3,43,134,20,64,61,110,0,52,34,0,9,42,19,50,34,50,74,84,12,15,34,34,12,32,25,2,47,73,87,23,38,10,0,13,23,20,12,21,69,35,20,42,52,7,15,5,31,19,71,30,39,32,12,67,92,30,46,18,4,77,11,35,154,27,16,20,22,37,0,36,28,7,18,18,6,22,10,200,60,53,66,40,10,32,21,39,15,35,53,16,34
CC,AG,3,1,5,1,2,2,1,1,44,9,7,0,7,13,7,10,5,6,6,7,6,2,8,5,4,4,5,2,10,0,3,28,0,2,6,1,5,0,11,1,3,6,0,8,0,0,2,15,2,4,5,5,1,0,3,2,1,5,5,3,3,18,5,8,7,5,7,8,2,1,1,6,1,1,7,1,1,3,3,8,1,0,3,0,3,2,1,39,7,7,2,12,2,0,6,8,4,4,10,6,3,6,5,5,16,1,8,4,0,7,3,4,0,6,37,19,7,0,2,0,3,2,9,31,2,1,4,0,11,1,0,3,1,4,7,3,3,2,8,5,5,1,17,9,1,16,2,5,7,5,2,10,2,7,5,2,6,11,3,6,8,2,1,4,2,2,3,7,6,1,3,12,1,11,10,8,2,2,0,2,9,1,2,3,0,2,4,19,5,2,13,13,4,4,11,1,4,3,2,4,10,2,8,1,1,8,6,5,8,1,1,3,2,2,8,5,4,1,3,15,2,1,6,0,3,9,7,6,0,7,3,3,5,3,5,6,1,8,1,6,2,1,29,3,8,5,10,1,4,5,3,1,2,12,15,9,3,7,17,3,8,5,3,0,3,3,7,3,6,5,11,7,3,1,1,4,2,1,8,4,1,1,5,5,3,5,11,3,5,6,2,4,2,3,2,4,3,3,9,1,1,3,3,1,6,0,0,16,0,6,3,1,6,9,1,4,6,3,3,22,0,6,4,1,9,5,0,13,3,5,5,5,3,7,4,3,3,2,6,4,2,3,0,7,12,2,2,9,3,4,10,4,12,1,23,0,2,4,8,9,0,0,2,7,4,1,5,3,9,1,3,7,6,1,4,4,4,1,4,6,4,3,7,2,4,9,14,9,1,4,2,0,0,4,4,13,1,3,2,4,1,2,1,5,12,3,10,9,12,0,1,7,0,2,6,4,5,7,5,7,12,0,4,3,2,1,2,7,2,7,5,10,5,3,2,0,3,5,0,2,3,11,0,3,7,5,1,5,0,3,2,14,9,4,3,4,6,11,3,8,2,1,6,3,3,25,4,2,7,3,2,0,2,4,1,2,1,0,5,3,23,8,1,4,7,2,7,2,3,2,1,7,4,4
CC,AT,1,11,12,4,2,8,4,4,48,26,10,0,15,22,13,16,13,23,9,9,9,6,18,14,10,8,16,7,7,4,13,28,4,2,10,3,16,0,9,6,2,6,0,10,2,6,9,8,6,15,11,7,3,11,5,6,0,2,5,9,4,30,11,14,14,4,9,8,6,6,0,5,5,1,20,0,8,5,15,5,3,4,11,5,3,10,2,41,8,14,10,7,3,2,7,15,5,3,8,2,4,10,13,9,34,8,12,11,4,8,1,7,0,2,66,33,6,0,10,0,5,7,14,58,2,8,12,3,10,9,1,6,7,4,3,9,6,4,11,14,9,5,28,13,0,21,2,9,5,4,7,28,15,15,10,8,18,18,5,17,15,1,5,3,3,8,15,5,10,0,7,16,3,6,7,13,3,1,0,3,10,1,7,8,3,9,22,31,7,3,12,21,13,16,27,4,9,5,2,1,21,2,16,7,6,19,10,1,10,1,2,5,4,3,15,16,3,1,6,21,4,3,12,2,15,10,6,8,0,10,5,6,4,12,15,13,2,17,7,6,3,3,37,2,15,5,11,5,8,13,6,9,5,43,28,10,9,17,17,2,12,10,8,0,6,4,23,8,17,7,24,8,2,2,3,4,5,8,16,8,0,7,10,13,8,9,17,2,7,11,2,7,5,9,6,13,4,6,21,0,5,4,9,6,8,2,2,31,6,11,9,2,5,13,3,6,12,8,3,29,3,8,10,6,9,2,0,26,6,20,6,8,2,25,4,11,2,5,12,6,3,8,3,6,25,8,12,39,9,18,25,1,17,2,24,1,1,3,17,9,0,0,3,8,12,4,4,7,14,1,2,3,8,3,10,7,9,2,11,11,13,4,16,8,10,20,21,16,3,3,4,4,1,8,8,18,4,3,2,4,3,1,0,4,24,3,10,18,14,0,7,10,0,2,9,8,6,7,10,17,14,6,3,4,4,1,3,7,2,15,17,17,3,9,2,0,4,5,5,0,1,21,4,4,12,6,0,3,1,8,2,17,7,7,5,5,15,23,7,15,5,0,20,5,14,26,5,4,1,7,5,0,10,7,1,7,5,2,8,3,32,12,8,12,14,3,16,7,6,1,7,8,8,8
CC,GA,1,0,1,1,0,0,1,2,8,6,2,0,1,4,1,2,1,4,3,3,2,1,0,1,4,1,4,0,0,0,2,5,1,1,3,1,3,0,2,0,1,1,0,4,0,0,1,4,1,0,1,3,1,1,0,1,1,0,1,0,1,3,1,4,0,2,3,0,0,0,0,2,1,1,1,0,1,1,3,2,0,0,2,0,1,1,1,9,0,3,0,5,1,2,2,1,1,1,0,1,1,3,0,0,4,0,1,2,1,0,1,1,0,1,11,6,1,0,0,0,0,2,0,11,1,1,3,1,5,0,1,1,2,0,1,1,0,0,2,4,0,1,7,5,0,9,0,1,3,1,0,2,1,2,0,3,1,1,0,2,3,0,1,1,0,1,1,0,3,1,1,7,1,1,3,3,0,0,0,0,1,0,0,1,0,3,3,8,0,1,4,5,2,5,3,0,3,2,0,2,2,0,5,1,0,3,2,0,1,0,1,0,2,1,2,0,0,0,4,6,1,0,1,0,1,0,0,5,0,4,2,0,2,0,4,5,0,5,3,2,2,1,4,3,0,0,7,0,1,1,2,2,1,8,6,2,0,0,6,1,2,0,2,0,0,0,6,1,2,3,6,1,0,0,1,1,0,0,6,3,0,2,3,1,1,2,2,0,1,1,2,1,1,1,0,0,0,4,2,1,1,0,0,1,1,2,0,7,0,1,3,1,0,2,0,3,1,1,1,1,2,1,2,0,1,2,0,8,0,5,4,3,0,0,1,0,0,1,4,0,0,1,0,1,4,0,0,3,6,3,3,1,1,1,6,1,0,2,4,3,0,0,0,3,2,0,2,0,2,0,2,1,2,1,5,1,1,0,1,1,5,1,1,1,0,2,6,4,1,1,1,1,0,2,0,3,1,0,1,0,0,0,0,3,4,2,4,1,5,0,1,2,0,2,1,1,1,1,1,4,2,0,0,1,0,0,1,3,1,3,3,1,0,0,0,0,0,1,0,0,2,0,2,1,3,1,0,0,0,0,0,2,0,0,1,1,2,1,3,1,0,0,5,0,3,5,0,1,1,1,2,0,1,2,0,2,0,0,0,1,7,1,0,6,0,0,0,2,1,1,0,2,0,0
CC,GG,0,0,0,0,0,0,1,0,0,1,0,0,0,0,1,0,0,0,0,0,0,0,0,2,1,1,0,0,0,0,0,2,0,0,0,0,1,0,0,0,1,0,0,1,0,0,1,1,1,0,1,0,0,0,0,0,0,0,0,0,0,2,0,0,0,0,0,0,0,0,0,0,0,0,0,0,0,0,0,0,0,0,0,0,0,1,0,0,0,0,0,0,0,0,0,0,0,0,0,0,0,1,1,0,1,0,0,0,1,0,0,0,0,0,1,0,1,0,0,0,0,0,0,2,0,0,1,0,1,0,0,0,0,2,1,1,1,0,0,0,0,1,2,0,0,0,0,1,0,0,0,0,0,0,0,1,0,1,0,0,0,0,0,0,1,0,0,0,0,0,0,0,0,0,0,0,0,0,0,1,0,0,0,0,0,0,1,3,0,0,1,2,0,0,0,0,1,0,0,0,0,0,1,0,0,0,1,0,0,0,0,0,0,0,1,0,0,0,0,0,0,0,1,0,1,0,0,0,0,0,1,0,0,0,0,0,0,0,0,0,0,1,0,0,0,0,0,0,0,0,1,0,1,0,1,0,0,0,0,0,0,0,1,0,0,0,0,0,0,1,0,0,0,0,0,1,0,0,1,0,0,0,0,1,0,0,1,0,0,0,0,0,1,0,0,0,0,0,1,0,0,2,1,2,0,0,0,0,0,0,0,0,0,0,0,0,0,0,0,1,0,0,0,0,0,0,0,0,0,2,0,0,0,0,0,0,0,0,0,0,0,1,0,0,0,0,0,1,0,0,0,0,0,0,1,0,0,0,1,0,0,0,0,1,0,0,0,0,1,0,0,0,0,0,0,0,0,0,0,0,1,0,0,0,0,1,0,0,0,0,0,0,0,0,0,0,0,0,0,0,0,0,0,1,0,0,2,0,1,0,0,0,0,1,0,0,0,0,0,0,1,0,0,0,0,0,0,0,0,0,1,0,0,0,0,0,0,0,0,0,0,0,0,0,0,0,0,0,0,0,0,0,0,0,0,0,1,1,0,0,0,0,1,0,1,3,0,0,0,1,0,0,0,0,0,0,0,0,0,0,0,0,0,0,1,0,0,1,0,0,1,0,0,0
CC,GT,1,1,1,0,0,0,0,0,3,2,1,0,0,1,0,2,1,2,0,2,0,0,3,1,1,0,2,0,1,0,0,2,0,1,0,0,0,0,1,0,2,2,0,1,0,0,0,0,0,1,1,1,1,0,0,3,0,0,0,1,0,2,0,2,0,1,0,0,0,0,0,1,1,1,1,0,1,0,2,2,1,0,0,0,0,0,1,1,1,2,1,2,0,0,1,0,0,0,0,0,0,2,0,1,2,0,1,0,0,0,1,0,0,0,6,1,0,0,1,0,1,2,0,3,0,2,0,0,1,1,0,0,0,0,0,0,0,0,0,0,2,0,1,0,1,5,0,1,2,0,3,0,2,0,0,0,0,3,0,0,1,0,0,2,1,1,2,1,0,0,0,1,0,2,0,0,0,1,0,2,1,0,0,1,1,0,1,6,0,0,0,1,1,2,0,0,1,1,1,0,1,0,0,0,1,0,3,0,5,0,0,0,0,2,1,0,0,0,3,1,0,0,1,0,1,0,1,2,0,1,0,1,0,0,0,2,0,1,1,0,0,1,1,1,3,2,0,1,0,1,3,1,1,0,3,0,0,0,0,0,0,0,1,0,1,1,2,1,1,2,1,2,0,0,0,1,1,0,1,0,0,0,1,1,1,1,1,3,0,0,1,0,0,0,0,0,0,0,0,1,0,1,1,0,2,1,0,1,0,0,0,0,1,1,1,0,1,1,0,3,1,0,0,0,1,0,0,1,1,0,0,1,0,1,1,0,0,0,0,1,0,1,0,1,0,0,0,1,1,0,0,0,0,2,1,0,1,0,1,0,0,0,1,1,2,0,1,0,1,0,0,0,2,0,1,1,0,0,0,2,2,2,2,0,1,1,4,0,0,0,0,0,0,1,0,0,0,1,0,0,0,0,0,2,1,0,1,1,0,0,0,1,0,0,0,0,0,1,2,0,2,1,2,2,2,0,0,2,0,0,0,1,0,0,1,0,0,0,0,0,0,2,1,2,0,0,0,0,1,1,1,0,1,1,1,1,0,0,3,1,0,0,0,0,1,2,1,0,2,0,0,0,1,1,0,0,1,1,0,2,0,0,3,1,1,0,0,3,2,0,2,0,0,0
CC,TA,1,4,3,0,1,1,2,0,6,3,3,0,2,0,0,3,0,1,0,1,1,2,1,1,1,0,3,0,1,1,1,3,0,0,4,2,3,0,1,1,0,2,0,2,0,2,0,0,3,1,1,3,0,2,0,1,0,2,2,1,1,4,2,2,2,1,2,3,0,0,2,0,0,0,3,0,2,1,5,1,2,0,4,1,1,3,1,12,0,1,2,1,0,1,1,2,1,0,3,0,2,1,0,1,4,0,3,0,2,2,0,1,0,1,15,6,2,0,1,0,0,1,4,10,1,2,3,1,2,2,1,3,5,2,0,1,0,0,2,0,2,1,4,2,0,5,0,5,1,0,1,2,1,1,0,1,3,9,0,2,0,0,0,0,1,0,0,0,0,1,4,5,0,1,2,1,0,1,0,2,2,0,2,3,0,4,5,10,0,0,3,7,1,2,7,0,3,1,0,0,5,0,3,0,2,5,1,1,3,0,0,0,2,0,2,3,0,2,0,4,1,0,0,0,0,0,6,0,0,3,2,2,1,3,0,1,2,3,1,2,1,2,9,0,1,1,3,0,3,0,0,0,1,5,4,2,1,3,4,1,0,2,0,0,1,2,1,2,4,1,2,3,1,0,1,1,0,0,5,0,0,5,2,5,0,6,6,0,1,1,0,0,0,2,1,1,3,1,2,0,1,0,2,1,2,3,0,4,1,0,0,0,0,4,0,0,4,0,0,13,0,2,2,0,1,1,0,6,1,5,4,0,1,3,2,3,1,1,5,2,0,1,0,1,3,2,2,3,1,2,3,2,1,1,1,2,0,0,0,1,0,0,1,3,5,0,0,0,3,2,1,2,0,1,1,0,1,2,0,4,1,2,2,2,1,2,3,1,0,3,0,0,0,0,0,2,1,2,0,1,0,0,0,3,5,1,2,5,0,0,0,4,0,1,0,0,2,1,1,1,3,0,3,0,3,1,2,1,0,2,1,2,1,2,0,0,2,0,0,1,4,4,1,0,1,5,0,0,0,1,2,1,0,0,0,0,4,1,1,0,2,0,5,0,1,3,0,0,0,0,2,0,2,2,0,0,2,0,1,0,6,2,3,0,2,2,2,2,3,5,1,1,1,1
CC,TG,0,0,0,0,0,0,0,0,2,0,0,0,2,0,0,0,0,0,0,0,1,0,1,0,0,0,0,1,0,0,0,0,0,0,0,0,0,0,0,1,1,0,0,0,0,0,0,1,0,0,1,0,0,0,0,0,0,0,0,1,1,2,1,1,0,0,0,0,1,0,0,0,1,1,0,0,0,0,0,1,0,0,0,0,0,0,1,2,0,0,0,1,0,0,0,0,0,1,0,0,0,0,1,0,2,0,0,2,0,1,0,1,0,0,1,0,0,0,0,0,0,1,0,0,0,1,2,0,0,0,0,0,0,0,0,0,1,0,0,1,1,2,3,0,0,1,0,0,0,0,0,0,0,1,1,2,0,1,1,0,0,0,0,0,0,0,0,1,1,0,0,1,0,0,0,0,0,0,0,0,0,0,0,0,0,0,3,2,0,0,0,2,1,0,0,0,0,1,0,0,0,0,2,0,1,0,1,0,0,0,0,0,0,1,0,0,0,0,0,1,0,0,0,1,2,0,0,0,0,1,0,1,0,0,3,0,0,0,0,0,0,0,2,2,0,0,2,0,0,1,0,0,0,0,0,0,0,1,0,2,0,0,1,0,0,0,0,0,0,0,1,0,0,0,0,0,1,1,0,1,0,1,0,0,1,1,0,0,0,0,0,0,1,0,0,0,0,0,0,0,0,0,1,0,0,0,0,0,0,0,1,0,1,2,0,0,0,0,1,2,0,1,0,0,1,1,0,2,0,2,1,0,0,0,0,0,0,0,0,0,0,0,0,0,0,0,0,1,0,0,1,1,0,0,0,0,0,0,0,0,0,0,1,0,1,0,0,0,0,0,0,0,0,0,0,0,0,1,0,0,0,0,0,1,1,0,1,0,0,0,0,0,0,0,0,0,0,1,0,0,0,0,0,1,0,0,0,0,0,0,1,2,0,1,1,0,0,1,1,0,0,1,0,1,0,0,0,1,0,1,0,0,1,1,0,0,0,0,0,1,0,0,0,2,0,0,0,0,0,0,0,0,1,0,1,0,0,0,0,0,0,0,1,0,0,1,0,0,0,1,1,0,1,0,0,0,0,0,0,1,1,1,0,0,0,1,0,0,0,1,0,0,0,1
CC,TT,0,2,2,0,2,2,1,1,13,2,0,0,2,3,2,1,4,0,1,3,2,0,2,2,9,0,4,1,0,0,0,2,2,1,1,1,2,1,2,3,0,1,0,2,0,4,3,2,2,3,0,0,1,1,0,2,0,0,0,1,1,3,3,1,1,3,1,3,1,1,0,2,3,0,2,0,1,2,3,0,0,4,2,0,0,1,0,9,2,4,3,1,1,0,1,1,2,1,3,0,0,1,5,2,4,0,4,0,1,2,0,2,0,0,15,5,7,0,0,0,3,0,2,9,0,2,7,2,0,1,0,3,1,1,3,2,0,2,1,3,2,0,4,8,1,3,0,4,1,0,1,1,1,3,1,3,1,1,2,2,4,0,0,0,0,0,1,0,3,2,3,2,2,1,2,6,1,0,0,3,5,0,0,4,1,2,3,9,0,1,3,5,1,2,2,1,0,1,0,0,4,0,4,1,0,1,3,1,1,1,1,1,0,0,5,1,0,0,1,5,1,1,1,1,0,0,0,1,0,2,2,2,1,0,2,1,1,8,0,2,1,1,4,0,3,1,2,0,1,1,1,0,0,1,13,2,2,0,5,2,3,1,3,0,3,0,1,1,2,2,4,2,0,2,0,2,0,0,4,1,2,2,1,1,0,2,4,2,1,1,1,0,3,0,2,0,3,2,1,2,0,1,1,2,3,3,0,5,2,0,3,0,1,1,0,3,2,2,1,5,0,3,1,1,1,1,0,4,0,3,2,2,1,6,1,1,0,1,4,2,0,5,1,0,5,0,0,3,2,2,1,3,3,0,7,0,0,0,2,4,0,0,0,0,1,1,2,1,1,1,0,0,1,0,1,2,2,0,4,4,2,5,1,0,2,6,1,1,2,0,0,0,1,2,1,4,0,0,0,0,1,1,2,2,2,0,3,8,1,0,3,2,0,1,1,2,1,1,0,4,2,4,1,2,0,1,2,4,0,0,4,2,3,1,1,0,2,0,2,2,0,1,0,1,1,3,1,1,1,1,0,1,3,2,1,1,3,1,4,0,0,0,2,0,6,4,1,0,2,0,2,0,0,2,0,1,2,0,1,2,4,2,0,2,2,1,1,1,7,3,0,0,2,0
CG,AT,0,0,1,0,0,0,0,0,0,0,0,0,0,0,0,1,1,2,0,0,0,0,2,0,1,0,2,0,0,0,0,0,0,0,0,0,2,0,0,0,0,0,0,0,0,1,0,0,0,0,1,0,0,0,0,0,0,0,0,0,0,2,0,0,1,1,0,0,0,0,0,0,0,0,0,0,0,1,0,0,0,0,0,0,0,1,0,0,0,0,0,0,0,0,0,0,0,0,0,0,0,0,0,0,3,0,0,1,0,0,0,0,0,0,1,0,1,0,0,0,0,0,1,1,0,0,0,0,0,0,0,0,0,0,0,0,0,0,0,0,1,0,0,0,1,0,0,1,1,1,0,0,0,1,0,1,0,0,0,0,0,0,0,0,0,0,0,0,0,0,1,0,0,0,0,0,0,0,0,0,1,0,0,0,0,0,0,1,0,0,0,0,0,0,0,0,0,0,0,0,0,0,0,0,0,1,0,0,1,0,1,0,1,0,1,0,0,0,0,1,0,0,1,1,3,1,0,0,0,1,0,1,0,0,2,1,0,0,0,0,0,0,2,0,0,0,1,0,0,0,0,1,1,3,0,0,0,1,1,0,0,0,0,0,0,0,0,0,0,0,0,0,0,0,0,0,0,0,1,0,0,0,0,2,0,0,1,0,0,1,0,0,0,0,1,0,0,0,0,0,0,0,0,1,1,0,0,0,0,0,0,1,0,0,0,0,0,0,0,1,0,0,2,0,0,1,0,1,0,0,0,1,0,0,0,0,0,0,0,2,0,0,1,0,1,0,0,0,1,0,0,0,2,0,0,0,0,0,1,0,0,0,0,0,0,0,0,0,2,0,0,0,0,0,1,0,0,0,0,2,0,0,0,1,0,3,1,0,0,1,0,0,0,0,0,1,0,0,0,0,0,0,0,0,0,0,0,0,2,0,0,0,0,0,1,0,0,0,0,0,0,0,0,0,0,0,0,0,0,0,0,0,0,0,0,0,0,1,0,0,0,1,0,0,0,1,0,0,0,0,0,0,0,0,0,1,0,2,0,0,0,0,0,0,0,0,0,0,0,0,0,0,0,0,0,0,0,0,0,0,0,0,0,1,0,0,1,0,0,0,0,0,0,0
CG,GC,0,0,0,0,0,0,0,0,0,0,0,0,1,0,0,0,0,0,0,0,0,0,0,0,1,0,0,0,0,0,0,0,0,0,0,0,0,0,0,0,0,0,0,0,0,0,0,0,0,0,0,0,0,0,0,0,0,0,0,0,0,0,0,0,0,0,0,0,0,0,0,0,0,0,0,0,0,0,0,1,0,0,0,0,0,0,0,0,0,0,0,0,0,0,0,0,0,0,0,0,0,0,0,0,0,0,0,0,0,0,0,0,0,0,0,0,0,0,0,0,0,0,0,1,0,0,0,0,0,0,0,0,0,0,0,0,0,0,0,0,0,0,0,0,0,0,0,0,0,0,0,0,0,0,0,0,0,0,0,0,0,0,0,0,0,0,0,0,0,0,0,0,0,0,0,0,0,0,0,0,0,0,0,0,0,0,0,0,0,0,1,0,0,0,0,0,0,0,0,0,0,0,0,0,0,0,0,0,0,0,0,0,0,0,0,0,0,0,0,0,0,0,0,0,0,0,0,0,0,0,0,1,0,0,0,0,0,1,0,1,0,0,0,0,0,0,0,0,0,0,0,0,0,0,0,0,0,0,0,0,0,0,0,0,0,0,0,0,0,0,0,0,0,0,0,0,0,0,1,0,0,0,0,0,0,0,0,0,0,0,0,0,0,0,0,0,0,0,0,0,0,0,0,0,0,0,0,0,0,0,0,0,0,0,0,0,0,0,0,0,0,0,0,0,0,0,0,0,0,0,0,0,0,0,0,1,0,0,0,0,0,0,0,0,0,0,0,0,0,0,0,0,0,0,0,0,1,0,0,0,0,0,0,0,0,0,0,0,0,0,0,0,0,0,0,0,0,0,1,0,0,0,0,0,0,0,0,0,0,0,0,0,0,0,0,0,0,0,0,1,0,0,0,0,0,0,0,0,0,0,0,0,0,0,0,0,0,0,0,0,0,0,0,0,0,0,0,0,0,0,0,0,0,0,0,0,0,0,0,0,0,0,0,0,0,0,0,0,0,0,0,0,0,0,0,0,0,0,0,0,1,0,0,0,0,0,0,0,0,0,0,0,0,0,0,0,0,0,0,0,0,0,0,0,0,0,0,0,0,0,0,0,0,0
CG,GT,0,0,0,0,1,0,0,0,0,0,0,0,1,0,1,0,0,0,1,0,0,0,0,0,1,0,0,0,0,0,0,1,0,0,1,0,0,0,1,0,0,0,0,0,0,0,0,0,0,0,0,0,0,0,0,0,0,0,0,0,0,1,1,1,0,0,0,0,0,0,0,0,0,0,0,0,0,0,0,0,0,0,0,0,0,0,0,0,0,0,0,0,0,1,0,0,0,0,0,0,0,0,0,0,0,0,0,0,0,0,0,0,0,1,0,0,0,0,0,0,2,0,1,0,0,0,0,0,0,1,0,0,0,0,0,0,0,0,0,0,0,0,0,0,0,1,0,0,0,0,0,0,0,0,0,0,0,0,1,0,0,1,0,0,0,0,0,0,0,0,0,1,0,0,0,0,0,0,0,1,0,0,0,0,0,0,0,1,0,0,0,1,0,0,0,0,0,0,0,0,0,0,0,0,0,0,0,0,1,0,0,0,0,0,1,0,0,0,0,0,0,0,0,0,0,0,0,0,0,0,0,0,0,0,0,0,0,1,0,0,0,0,2,0,0,0,0,0,1,0,0,0,0,0,0,1,0,0,0,0,0,0,0,0,0,1,0,0,0,1,1,1,0,0,0,0,0,0,3,0,0,0,0,0,0,0,0,0,0,0,0,0,0,0,0,0,0,0,0,0,0,0,0,0,0,0,0,0,0,0,0,0,0,0,0,1,0,0,0,0,0,0,1,0,0,0,0,1,0,0,0,0,0,0,0,0,0,0,0,0,0,0,0,0,0,0,0,1,0,1,0,0,0,0,0,0,0,0,0,0,0,0,1,0,0,1,0,0,0,0,0,0,1,0,1,0,0,0,0,0,0,0,0,0,0,0,0,0,0,0,0,0,0,0,0,0,0,0,0,0,0,0,0,0,0,0,0,0,0,0,0,1,0,0,0,0,0,0,0,0,0,2,1,1,0,0,0,1,0,0,0,0,0,1,0,0,1,0,0,0,0,0,1,0,0,0,0,0,0,0,0,0,0,0,0,0,0,1,0,0,1,0,0,0,1,1,2,0,0,0,0,0,0,1,0,0,0,0,0,0,1,1,0,0,0,0,0,0,1,0,0,0,0,0
CG,TA,0,0,0,0,0,0,0,0,1,0,0,0,0,0,0,0,2,0,0,0,0,0,0,1,0,0,0,0,0,0,0,0,0,0,0,0,0,0,0,0,0,0,0,0,1,0,0,0,0,0,0,0,0,0,0,0,0,0,0,0,0,0,0,0,0,0,0,0,0,0,0,0,0,0,0,0,0,0,0,0,1,0,0,0,0,0,0,0,0,0,0,0,0,0,0,0,0,0,0,0,0,0,0,0,0,0,0,0,0,0,0,0,0,0,0,0,0,0,0,0,0,0,0,0,0,0,0,0,0,0,0,0,0,0,0,0,0,0,0,0,0,0,0,0,0,0,0,0,0,0,0,0,0,0,0,0,0,0,0,0,0,0,0,0,0,0,0,0,0,0,0,0,0,0,0,0,1,0,0,0,0,0,0,0,0,0,0,0,0,0,0,0,0,0,0,0,0,0,0,0,0,0,0,0,0,0,0,0,0,0,0,0,0,0,0,0,0,0,0,0,0,0,0,0,0,0,1,0,0,0,0,0,0,0,0,0,0,0,0,0,0,0,1,0,0,0,0,0,0,0,0,0,0,0,0,0,0,0,0,0,0,0,0,0,0,0,0,0,0,0,0,0,0,0,0,0,0,0,0,0,0,0,0,0,0,0,0,0,0,0,0,0,0,0,0,0,0,0,0,0,0,0,0,0,0,0,0,0,0,0,0,0,0,0,0,0,0,0,0,0,0,0,0,0,0,0,0,1,0,0,0,0,0,0,0,0,0,0,0,0,0,0,0,0,0,0,0,0,0,0,1,0,0,1,0,0,0,0,0,0,0,0,0,0,0,0,0,0,0,0,0,0,0,0,1,0,0,0,0,0,0,0,0,0,0,0,0,0,0,0,0,0,0,0,0,0,0,0,0,0,0,0,0,0,0,0,0,0,0,0,0,0,0,0,0,0,0,0,0,0,0,0,0,0,0,0,0,0,0,0,0,0,0,0,0,0,0,0,0,0,0,0,0,0,0,0,1,0,0,1,0,0,0,0,0,0,0,0,0,0,0,0,0,0,0,0,0,0,0,0,0,0,0,0,0,0,0,0,0,0,0,0,0,0,0,0,0,0,0,1,0,0,0,0
CG,TC,0,0,0,0,0,1,0,0,0,0,1,0,0,0,0,2,0,1,0,0,0,0,1,1,3,0,1,0,1,0,0,0,0,0,0,0,2,0,0,1,0,0,0,1,0,0,0,0,0,1,0,0,0,0,0,0,0,0,0,0,0,0,0,0,0,0,1,0,0,0,0,0,0,0,0,0,0,0,1,0,0,0,0,0,0,0,0,0,1,0,0,0,0,0,0,0,0,0,0,0,0,0,0,0,0,0,0,0,1,0,0,1,0,0,2,0,0,0,2,0,0,0,1,1,0,1,1,0,0,0,0,0,0,0,0,0,0,0,0,0,0,1,1,0,0,3,0,1,0,0,0,0,0,2,0,0,1,0,0,0,0,0,0,0,0,0,0,0,0,0,0,0,0,0,0,0,0,0,0,0,0,0,0,1,0,0,1,3,0,0,0,0,0,0,1,0,0,0,0,0,0,0,1,0,0,1,0,0,0,0,0,0,0,0,0,0,1,0,0,0,0,0,0,0,1,1,0,1,0,1,0,0,0,0,0,0,0,1,0,0,0,0,0,0,0,1,1,0,0,0,0,0,0,0,1,0,0,0,0,0,0,0,0,0,0,0,0,0,1,0,0,0,0,0,0,0,0,0,0,0,0,1,0,0,0,1,1,0,0,0,0,0,0,0,0,0,0,0,0,1,0,0,0,0,0,0,0,0,0,0,0,0,0,0,0,0,0,0,0,1,0,0,0,0,0,0,0,0,0,0,0,0,1,0,0,0,0,0,0,0,0,0,0,0,0,0,0,1,0,0,2,0,0,0,0,0,0,0,3,0,0,0,0,0,0,2,0,0,0,0,0,0,0,0,0,0,0,0,0,2,0,1,0,0,0,1,0,1,0,0,1,0,0,0,0,0,0,0,0,0,0,0,0,0,0,0,1,0,0,0,0,0,0,0,0,0,0,1,0,0,0,0,0,0,0,0,0,0,0,0,0,1,0,0,0,0,0,0,0,0,0,0,0,0,0,0,0,0,0,0,0,0,1,1,0,0,0,0,0,0,1,0,0,1,0,1,0,0,0,0,0,0,0,0,0,0,0,0,0,0,2,1,0,0,0,0,0,0,1,0,0,0,0,0
CG,TT,0,2,1,0,2,0,0,0,2,2,0,0,1,0,5,2,1,2,0,1,0,0,0,1,1,0,0,0,0,0,0,2,0,0,1,0,7,2,0,1,0,2,0,0,0,0,0,1,0,0,0,0,0,0,0,0,0,0,0,0,1,1,2,2,1,3,1,1,1,0,0,1,0,0,2,0,0,2,0,0,1,0,0,0,0,0,0,0,3,0,0,0,0,0,2,0,0,0,0,0,1,0,0,0,0,0,0,1,0,0,0,1,0,2,3,0,0,0,0,0,0,0,2,4,0,0,0,0,1,1,0,1,0,1,2,0,0,0,0,0,0,1,1,0,0,0,0,0,0,0,0,0,1,1,2,1,1,3,0,0,0,1,2,0,1,0,0,0,2,1,1,1,0,0,2,2,0,0,0,0,0,0,0,0,0,1,2,8,0,0,1,0,1,0,1,0,0,0,0,1,0,0,0,1,0,2,0,0,3,0,0,0,0,0,0,3,0,0,1,0,0,0,0,0,0,0,1,0,0,0,1,0,0,0,6,0,0,3,0,0,1,1,4,0,2,1,1,0,0,0,0,2,0,1,0,0,2,0,0,1,1,0,0,0,0,1,2,0,0,0,1,0,0,0,0,0,0,0,3,1,0,1,2,3,0,1,0,0,0,0,0,1,0,0,1,0,0,1,0,0,0,1,0,0,1,0,1,1,0,0,0,0,4,0,0,0,0,1,0,1,0,2,1,1,0,0,0,0,0,1,0,0,0,1,1,1,0,1,0,0,0,1,0,2,1,0,2,2,2,0,0,0,1,0,0,0,0,0,2,0,0,0,0,1,0,1,0,2,0,0,0,1,2,0,2,0,1,0,2,3,0,0,1,0,0,1,0,0,0,0,0,0,0,0,0,1,0,2,0,0,0,0,0,0,1,0,1,0,0,0,1,1,0,1,2,1,1,3,2,0,0,1,0,1,1,0,0,1,0,0,0,1,0,1,0,0,0,0,0,0,0,1,0,1,0,0,0,2,0,0,0,0,1,0,1,1,0,2,2,3,0,1,1,0,0,0,0,0,0,0,0,0,0,0,0,0,0,0,0,0,1,1,1,1,2,1,0,1,3,0,0,0,1,0
CT,AA,1,2,5,1,1,1,0,1,3,2,3,0,4,2,3,2,3,0,3,2,3,1,1,2,8,2,3,2,11,3,1,5,1,0,0,2,8,0,6,0,0,2,0,3,0,3,1,0,1,0,2,0,0,0,0,1,1,0,1,0,5,2,3,6,1,2,0,1,2,0,0,1,0,0,4,0,1,2,3,5,2,1,1,1,2,0,0,2,0,8,2,1,1,1,1,1,0,0,0,2,6,1,3,1,1,3,6,4,0,1,0,2,1,0,27,9,3,0,0,0,4,1,3,9,0,2,0,2,1,1,0,3,0,1,1,0,3,2,0,3,5,0,2,3,0,2,0,1,0,2,1,5,2,0,3,3,3,2,0,3,2,2,0,2,0,0,2,1,2,1,0,2,1,1,6,1,0,2,0,1,5,1,0,1,1,4,6,16,0,0,3,4,0,2,7,0,1,1,1,2,4,0,1,3,2,10,0,0,4,0,4,0,2,0,4,2,1,0,2,8,0,0,2,0,3,2,1,3,0,7,3,5,1,3,10,2,0,2,1,2,1,0,21,1,3,0,2,0,1,3,0,1,0,2,9,1,0,2,1,1,4,3,1,0,1,2,6,0,3,2,3,3,0,0,1,2,2,2,6,5,0,4,2,7,0,3,3,1,2,1,0,0,0,0,1,0,1,0,3,0,1,0,1,4,1,2,0,1,1,2,2,0,14,3,0,2,0,2,1,8,1,1,1,0,1,0,0,8,0,3,1,5,2,0,3,3,0,1,3,1,0,2,1,2,3,2,1,7,2,2,4,1,1,0,4,0,0,0,8,2,0,0,2,3,2,3,2,2,2,0,1,4,5,1,2,3,1,0,3,3,1,2,1,2,1,3,4,2,1,2,0,1,0,0,2,4,1,0,1,4,0,0,0,4,5,2,3,0,5,0,2,3,0,0,3,2,2,4,1,3,1,3,2,0,3,0,0,5,0,2,2,1,0,1,1,0,0,0,0,0,0,1,0,3,1,3,0,2,0,2,0,3,1,0,0,0,2,4,3,2,4,0,3,1,1,8,7,0,0,2,2,0,1,1,1,3,1,0,2,0,29,8,0,2,0,1,2,1,7,0,2,2,5,2
CT,AC,1,1,1,0,0,0,0,0,0,1,0,0,1,0,0,0,0,1,2,0,1,0,1,0,2,3,0,0,8,1,0,0,0,0,0,0,1,0,0,0,0,0,0,0,0,0,1,1,0,2,0,0,0,0,0,1,1,0,1,0,0,1,0,2,0,0,0,0,0,1,0,0,0,0,2,0,1,2,1,0,0,0,0,0,1,0,0,1,1,4,1,1,0,0,0,0,0,0,1,0,3,1,0,0,1,0,1,0,0,1,1,0,0,1,6,2,1,0,0,0,1,0,2,9,0,0,2,1,1,0,1,1,0,0,0,0,1,0,0,1,0,0,0,2,1,0,1,0,0,0,0,2,0,2,0,0,1,0,1,1,1,0,1,0,0,0,1,1,0,0,0,0,0,1,2,2,0,0,0,2,2,0,0,0,0,0,1,3,0,0,1,0,0,0,1,0,0,1,1,1,1,0,0,0,0,3,0,0,0,0,0,1,1,0,0,0,0,0,1,0,0,0,0,0,0,0,1,2,0,1,3,0,0,0,1,0,0,1,1,0,0,0,2,0,3,0,1,0,0,1,0,0,0,1,1,1,1,1,0,1,0,2,1,0,0,1,1,0,1,4,3,0,1,0,0,0,1,0,1,0,0,0,0,0,0,1,0,0,0,0,0,0,0,0,0,0,1,0,0,0,0,0,0,0,1,0,0,1,0,0,0,0,0,0,0,1,0,0,0,2,0,0,0,0,0,0,0,2,0,0,1,0,0,0,0,1,0,0,3,0,0,1,0,0,1,0,0,0,1,0,1,0,0,0,0,0,0,0,1,0,0,0,0,0,1,0,1,0,0,1,0,0,1,0,0,1,1,0,0,2,0,3,2,0,0,3,1,0,0,0,0,0,0,0,0,1,1,0,0,1,1,0,0,0,2,1,0,1,2,0,1,1,0,1,0,0,1,1,0,0,1,0,0,0,0,0,1,2,0,1,1,0,0,1,0,0,0,1,0,0,1,1,0,0,0,1,0,0,1,2,0,1,2,0,1,0,1,0,0,0,0,0,0,0,1,4,5,1,1,1,0,0,1,0,0,0,2,0,0,0,57,1,0,3,0,1,0,1,1,2,1,0,7,0
CT,AG,1,1,0,1,0,0,0,1,1,0,0,0,0,1,0,0,1,0,0,1,0,1,1,0,4,0,1,0,1,0,1,1,0,0,0,0,1,0,0,1,0,0,0,1,1,0,1,0,2,0,0,0,0,0,0,1,0,0,0,0,0,0,2,0,1,0,1,1,0,0,0,0,0,0,1,0,0,0,1,0,1,0,0,0,0,0,0,0,0,1,0,0,1,0,2,0,0,2,0,0,0,0,0,0,2,0,0,2,0,2,0,0,0,0,4,2,0,0,0,0,0,0,1,3,0,1,1,0,0,1,0,1,0,0,0,1,0,0,1,1,1,1,3,0,0,1,0,0,1,0,0,2,2,2,0,0,0,2,0,0,0,0,1,0,2,0,0,0,0,0,1,0,0,0,0,1,0,1,0,0,0,0,0,0,0,1,2,5,0,0,0,0,1,1,2,2,0,1,1,1,3,0,3,2,1,0,0,0,2,0,1,0,1,0,0,0,0,1,1,1,1,0,1,0,0,0,2,0,0,0,2,1,1,0,1,0,1,0,0,0,0,1,6,1,0,0,2,0,3,0,0,0,0,1,2,0,1,0,1,0,0,1,0,0,0,0,2,1,0,1,0,0,0,2,0,1,1,0,0,0,0,0,1,1,0,0,3,1,1,0,0,1,0,2,0,0,0,1,1,2,1,0,0,0,0,0,0,1,0,1,0,0,1,0,0,0,1,2,0,6,0,0,1,2,1,0,0,2,0,1,0,0,1,0,0,1,0,0,1,0,0,0,0,0,1,1,0,0,2,0,2,0,1,0,1,0,0,0,2,3,0,0,0,0,0,0,0,0,1,0,0,0,0,1,1,0,2,0,0,2,0,0,2,1,2,1,1,1,0,1,0,1,0,1,0,1,1,0,0,1,0,0,0,0,0,0,1,0,1,0,0,2,0,0,2,0,0,1,2,2,2,0,0,0,0,0,0,0,0,1,0,2,0,2,1,0,1,1,0,0,0,1,0,0,0,0,0,0,0,0,1,1,0,0,0,0,2,1,0,1,0,0,1,1,0,4,1,0,0,0,1,0,0,3,0,0,2,0,0,0,2,1,0,0,0,0,2,0,3,0,0,0,0,3
CT,GA,0,0,1,0,0,0,0,1,0,0,0,0,0,1,0,2,0,0,0,0,1,0,1,0,2,0,1,1,0,1,0,1,0,0,0,0,2,0,0,0,0,0,0,0,0,0,0,1,0,0,0,0,0,0,0,0,0,0,0,0,1,0,1,0,0,1,0,1,0,0,0,0,0,0,1,0,0,0,0,0,1,0,0,0,0,1,1,0,1,0,0,0,0,0,2,0,0,0,0,0,1,0,0,2,0,0,0,0,0,0,1,0,0,0,4,0,0,0,0,0,0,0,2,0,0,0,2,0,0,0,0,0,0,0,0,0,0,0,0,0,0,1,2,1,0,0,0,0,0,0,0,2,1,1,0,0,0,0,1,0,0,0,0,0,0,1,0,0,0,0,0,1,0,1,0,1,0,1,0,0,1,0,0,0,0,2,1,2,0,0,0,1,0,0,1,0,0,0,0,1,1,0,0,1,0,1,0,1,0,0,0,1,0,1,0,0,0,0,1,1,0,0,1,0,0,0,0,0,0,0,0,0,0,0,1,0,0,0,0,0,0,0,2,0,1,0,3,0,0,0,0,0,0,0,2,0,0,0,1,0,1,0,0,0,0,0,1,1,0,3,0,0,0,0,0,0,0,1,0,1,0,0,0,1,0,0,0,0,0,0,1,0,0,0,0,0,0,0,0,1,0,0,0,1,0,0,0,0,0,0,0,0,3,0,0,0,0,0,0,1,0,0,0,0,1,1,0,2,0,0,0,0,1,1,0,0,0,0,0,0,0,0,0,0,0,0,0,0,1,0,0,0,0,0,0,0,0,0,0,0,0,0,0,0,0,0,0,0,0,0,0,0,0,0,1,0,0,0,0,0,0,0,0,0,1,0,0,0,0,0,0,0,0,1,0,0,0,0,1,0,0,0,0,0,0,0,0,0,0,0,0,0,0,0,0,0,1,0,0,1,0,0,1,0,0,0,0,0,0,0,0,0,1,0,0,0,0,0,0,0,1,0,0,0,1,0,1,0,0,0,0,1,2,0,0,0,0,0,0,0,0,0,0,0,0,1,0,0,0,0,0,0,0,0,0,0,0,0,1,1,1,0,0,0,0,0,0,0,1,0,0,0,0,0
CT,GC,0,0,0,0,0,0,0,0,1,1,0,0,0,0,0,0,2,0,0,1,0,0,0,2,0,0,0,0,0,0,0,1,0,0,0,0,1,0,0,0,0,0,0,0,0,0,0,0,0,0,1,0,0,0,0,0,0,0,0,0,0,0,0,0,0,0,0,0,0,0,0,0,0,0,0,0,0,0,2,0,0,0,0,0,0,0,1,0,0,0,1,0,0,0,0,0,0,0,1,0,0,0,0,0,0,0,0,0,0,0,0,0,0,0,0,0,0,0,0,0,0,1,0,1,0,0,0,0,0,0,0,0,0,0,0,0,0,0,0,0,0,0,0,0,0,0,1,0,0,0,0,0,0,0,0,0,1,0,0,0,0,0,0,0,0,0,0,0,0,1,0,0,0,0,0,1,0,0,0,0,1,1,0,0,0,1,1,0,0,0,1,0,0,0,0,1,0,0,0,0,0,0,0,0,0,0,0,0,0,0,0,0,0,0,0,0,0,0,0,1,0,0,0,0,0,0,0,0,0,0,0,0,0,0,0,1,0,0,0,0,0,0,1,0,0,0,0,1,1,0,0,0,0,1,0,0,0,0,0,0,0,0,0,0,0,0,0,0,0,0,0,0,0,0,0,0,0,0,1,0,1,0,0,0,0,1,1,0,0,0,0,0,0,0,0,0,0,0,0,0,0,0,0,0,0,0,0,1,0,0,0,0,0,0,0,0,0,0,0,0,0,1,1,0,0,0,0,0,0,0,2,0,0,0,0,0,0,0,0,0,0,0,1,0,0,0,0,0,0,0,0,0,0,0,0,0,0,0,1,0,0,0,0,0,0,0,0,0,0,0,0,0,0,0,0,0,0,0,0,0,1,0,0,0,0,0,0,0,0,0,0,0,0,0,0,0,0,0,0,0,1,0,0,0,0,1,1,0,0,0,0,0,0,0,0,0,0,0,1,0,0,1,0,0,0,0,0,0,0,0,0,1,0,1,1,0,0,0,0,0,0,0,0,0,0,0,0,0,1,0,0,0,0,0,1,0,0,0,1,0,0,0,0,0,0,1,0,0,0,0,0,0,0,2,0,0,0,0,0,0,0,1,0,0,1,0,0,0,1,0,0,0,0,1
CT,GG,0,0,0,0,0,0,0,0,1,0,0,0,0,0,0,0,1,0,0,1,0,0,0,0,0,1,1,0,1,0,0,0,0,0,0,0,0,0,0,0,0,0,0,0,0,0,0,0,0,0,1,0,0,0,0,0,0,0,0,0,0,0,0,0,0,0,0,1,0,0,0,0,0,0,0,0,0,0,0,0,0,0,0,0,0,0,1,0,0,1,0,0,0,0,1,0,0,0,0,0,0,0,1,0,0,0,0,2,1,0,0,0,0,0,0,0,0,0,0,0,1,0,0,0,1,0,0,0,0,0,1,0,0,0,0,0,0,0,0,0,0,0,0,0,0,0,0,0,0,1,0,0,0,0,0,0,0,0,0,0,1,0,0,0,0,0,0,0,0,0,0,1,0,0,0,2,0,0,0,0,0,0,0,4,1,0,0,0,0,0,0,0,0,1,0,0,0,0,0,0,0,0,0,0,0,1,0,0,0,0,1,0,0,0,0,0,0,0,0,0,0,0,0,0,0,0,0,0,0,0,1,0,0,0,0,0,0,0,0,0,0,0,0,0,0,0,0,0,0,0,0,0,0,0,0,0,0,0,0,0,0,0,0,0,1,0,0,0,0,0,0,0,0,0,0,0,0,0,0,0,0,0,0,0,0,0,0,0,0,1,0,0,0,0,0,0,0,1,0,0,0,0,0,0,0,0,0,0,1,0,0,0,1,0,1,0,0,0,0,1,0,0,0,0,0,0,0,0,1,0,0,0,0,0,0,0,0,0,0,0,0,0,0,0,0,0,0,0,0,0,0,0,0,0,0,0,0,0,0,1,0,0,0,0,1,1,0,0,0,0,0,0,0,0,0,0,0,0,0,0,0,0,0,0,0,0,0,0,0,1,0,0,0,0,1,0,0,0,0,0,1,1,0,0,0,1,0,0,0,0,1,0,0,0,1,0,1,0,0,0,1,0,0,0,0,0,0,1,0,0,0,0,0,0,0,0,0,0,0,0,0,0,0,1,0,0,0,0,0,0,0,0,0,0,0,0,0,0,0,1,0,0,0,0,1,1,0,0,0,0,0,0,0,1,0,0,0,0,1,0,1,0,0,0,0,0,0,0,0,0,0,0,1,0
CT,TA,0,1,1,0,1,0,0,1,9,2,1,0,0,1,3,6,2,1,1,0,2,0,1,1,11,1,2,0,2,0,1,1,0,0,1,1,6,0,2,2,0,0,0,1,1,1,4,2,0,1,0,1,0,0,0,3,0,0,1,1,1,1,2,0,1,0,2,0,0,0,0,1,0,0,3,0,0,0,2,0,0,1,0,0,0,0,1,3,0,2,2,0,1,2,0,2,3,0,0,3,2,0,4,0,1,1,2,0,2,0,1,2,0,0,13,2,1,0,1,0,0,0,0,5,0,0,1,1,1,2,1,1,0,0,0,2,1,0,0,0,2,1,3,4,0,5,1,0,0,0,0,2,0,2,0,1,1,2,1,1,2,0,2,1,1,1,1,3,1,0,0,1,0,0,0,0,0,1,0,1,6,0,3,1,1,0,6,2,0,0,1,0,0,1,4,0,0,1,2,0,1,1,3,3,1,4,1,1,3,0,1,2,2,1,1,1,0,0,1,1,0,0,1,0,0,1,1,0,0,1,0,0,1,2,2,0,0,0,1,3,1,0,3,0,0,0,2,1,0,0,0,0,0,1,3,1,1,1,2,0,1,0,0,0,2,0,3,1,1,6,2,2,0,2,1,2,0,0,5,0,0,0,0,2,1,1,0,0,1,0,0,0,0,1,2,0,0,1,0,1,0,0,0,0,1,0,0,2,1,0,3,0,5,0,2,2,0,0,0,5,1,1,0,1,0,1,0,4,0,0,0,2,0,2,0,2,0,0,1,0,0,1,1,1,1,1,0,1,3,0,0,0,0,0,3,0,0,1,0,2,0,0,0,2,0,0,0,2,1,1,0,3,3,0,1,1,2,0,0,1,0,2,3,1,2,2,1,2,1,0,0,0,0,1,2,3,0,1,0,0,1,1,0,0,0,1,1,1,1,0,0,0,0,2,2,1,0,2,0,1,1,5,0,1,0,0,0,0,0,0,0,1,0,4,0,0,0,1,1,1,0,1,3,1,2,0,0,0,0,1,1,0,0,0,2,0,0,0,2,6,0,0,1,5,0,6,0,0,0,1,2,0,0,1,1,2,1,0,0,1,1,4,0,1,4,0,1,2,12,0,0,4,0,1
CT,TC,0,0,1,0,0,0,0,0,2,0,0,0,1,1,0,1,10,0,0,2,1,1,2,0,2,0,0,0,1,1,0,1,1,1,0,2,3,0,0,0,0,0,0,0,0,0,0,0,1,0,0,0,1,1,0,0,1,1,0,0,1,0,1,1,1,0,2,1,1,0,0,0,0,0,0,0,0,0,2,2,2,1,1,0,0,0,0,0,1,0,0,0,1,0,0,0,0,0,0,0,0,1,0,1,0,1,0,1,1,1,1,1,0,0,0,1,1,0,0,0,0,0,5,0,0,0,6,0,0,0,1,1,1,1,0,0,2,1,0,0,0,0,1,1,0,0,0,1,2,1,0,0,0,1,0,0,4,1,0,0,2,0,0,0,1,0,0,0,0,0,0,1,0,0,0,1,0,0,0,0,1,0,0,2,1,0,0,2,0,0,1,1,0,2,1,0,0,0,0,0,1,0,1,0,0,2,2,1,0,0,1,0,0,0,1,1,0,0,1,2,0,0,0,1,0,0,1,0,0,0,3,0,2,1,2,0,1,1,1,1,0,0,0,1,1,0,0,0,0,1,0,0,1,1,1,0,0,0,1,0,0,2,1,0,1,0,2,1,0,0,1,1,0,0,0,1,0,0,6,2,0,1,0,1,0,2,2,0,0,0,0,0,0,1,0,0,1,0,2,0,0,0,2,0,0,0,1,0,0,1,1,0,0,0,0,1,3,0,1,1,1,0,1,0,0,0,0,0,0,0,2,2,0,0,1,0,0,0,0,2,0,0,1,0,1,0,0,0,1,1,0,1,1,1,2,0,0,0,2,1,0,0,0,1,0,0,0,0,0,0,0,0,0,0,1,1,3,1,1,0,1,0,1,0,1,0,3,2,0,0,0,0,0,0,0,1,1,1,0,0,0,0,0,1,0,0,0,1,0,0,3,0,0,0,0,0,0,1,1,0,0,0,1,1,0,1,0,1,0,0,1,1,0,0,0,0,0,1,0,0,0,1,2,1,0,0,0,0,0,1,0,0,0,0,0,1,1,1,0,2,4,0,0,1,0,1,0,0,1,0,1,0,1,1,0,0,0,0,0,2,1,0,0,2,0,0,0,0,0,1,2,1,0,0
CT,TG,1,0,1,0,1,1,0,0,0,1,0,0,0,1,1,0,0,0,0,0,0,0,1,0,2,0,0,0,0,0,0,0,0,0,0,0,2,0,0,0,0,1,0,2,0,1,0,0,1,0,0,1,0,0,1,0,0,0,0,1,0,0,1,0,0,0,1,0,0,0,0,0,0,1,1,1,0,0,2,0,0,0,0,0,0,0,0,1,1,0,0,0,1,0,0,1,0,1,0,0,0,0,0,0,2,1,0,0,0,0,0,0,0,1,0,0,1,0,1,0,0,1,1,4,1,1,0,0,0,0,0,2,0,0,0,1,0,1,0,0,1,0,1,0,0,1,0,0,0,0,0,0,2,0,1,0,0,0,0,1,1,0,0,1,0,0,2,0,0,1,1,1,0,0,1,0,0,0,0,0,0,0,1,1,0,0,0,4,0,0,1,1,0,1,3,0,1,2,0,1,0,0,2,1,0,1,0,0,1,1,0,0,0,0,0,0,1,0,1,0,0,0,0,0,0,0,0,1,0,0,1,1,0,0,0,1,0,0,0,0,0,0,2,1,0,0,0,0,0,0,1,0,0,0,0,1,0,0,0,0,0,1,0,0,0,0,1,1,0,0,1,1,0,1,0,0,0,0,1,0,0,0,0,0,0,0,0,0,0,0,0,0,0,0,1,0,0,0,1,0,0,0,0,0,0,0,0,2,0,0,0,0,1,0,0,0,0,1,0,1,1,1,1,0,0,0,0,2,0,1,0,1,1,0,2,1,0,0,0,1,0,0,0,0,0,0,0,1,2,0,0,0,0,0,0,0,0,0,0,3,0,0,2,0,0,1,0,0,0,0,0,0,0,0,2,0,0,0,0,0,0,0,0,0,1,0,0,0,0,0,0,0,0,0,0,0,0,0,0,0,0,0,0,0,0,1,0,2,0,0,0,1,0,1,2,1,0,0,0,0,0,0,0,0,0,0,2,0,0,0,0,0,0,0,0,0,0,1,0,0,0,0,0,0,0,0,0,1,0,0,0,0,0,0,0,0,0,1,0,0,0,0,0,0,0,2,0,0,1,0,1,0,2,0,0,0,1,0,0,0,0,2,0,0,1,0,1,0,0,1,1,0,0,1
GC,AA,5,4,12,5,3,7,1,14,15,5,9,0,9,4,12,12,8,7,10,15,7,6,8,2,11,6,9,4,9,5,4,11,3,3,6,3,9,2,17,4,0,6,0,12,2,5,7,5,6,23,6,3,4,12,3,3,6,1,3,7,6,9,7,8,5,3,2,12,1,4,2,4,4,1,4,2,5,3,6,10,7,3,8,7,4,20,4,15,10,12,6,24,3,12,2,5,5,4,6,5,7,8,4,7,7,3,5,6,2,5,2,19,1,4,17,11,7,0,16,0,5,3,4,5,2,5,12,3,4,5,3,6,6,5,8,3,3,6,3,6,8,6,12,13,1,8,3,4,11,7,9,9,9,4,6,11,6,12,10,8,5,2,5,7,12,1,5,19,6,3,7,12,4,6,0,6,3,3,0,2,9,0,3,5,6,5,6,13,3,1,8,22,3,9,14,11,19,6,1,5,12,1,11,1,5,5,5,1,4,2,1,3,7,2,5,10,3,2,27,16,6,2,2,2,1,3,11,9,0,9,7,9,2,4,9,6,3,7,2,5,4,1,12,6,8,7,14,4,1,6,3,7,9,12,10,2,3,3,11,5,2,5,3,0,9,7,6,6,14,7,4,9,2,7,4,6,4,5,3,14,1,4,9,9,6,7,8,4,3,21,6,4,4,8,6,4,3,5,9,3,3,5,7,3,33,5,3,11,8,5,5,2,10,3,4,2,11,7,5,50,6,7,4,3,2,1,0,24,24,13,15,4,0,10,12,5,3,3,12,3,3,7,4,19,9,4,9,6,3,10,11,2,16,2,7,1,1,1,13,9,0,0,6,5,2,3,7,12,5,5,7,7,6,1,9,3,7,1,2,5,26,4,9,16,5,10,9,12,0,9,2,2,1,3,6,33,8,3,3,8,2,4,4,10,10,5,7,10,9,0,5,8,0,2,4,7,10,9,5,28,16,4,5,1,2,5,7,13,1,9,10,5,7,9,1,0,0,8,5,1,7,8,4,7,2,3,1,3,3,7,2,24,6,4,6,7,2,15,6,8,8,10,13,4,4,10,3,2,7,5,5,0,11,30,3,1,6,2,1,3,8,11,10,7,9,9,3,7,7,10,21,4,12,3
GC,AG,0,2,2,2,1,1,0,0,0,0,0,0,0,2,2,4,2,3,1,1,1,1,2,0,1,0,2,0,1,1,1,2,5,0,1,1,1,0,1,0,2,2,0,0,1,1,1,0,1,0,4,1,0,1,2,0,1,0,0,1,1,0,0,4,2,1,3,4,3,0,1,0,0,4,3,2,2,2,2,0,2,1,2,1,0,4,0,5,0,0,1,1,0,0,2,0,0,2,0,1,2,3,1,0,2,1,0,3,0,2,2,1,0,0,3,0,1,0,2,0,0,1,1,7,0,4,7,1,0,1,0,1,0,0,2,1,0,0,2,0,2,0,2,1,1,1,0,1,0,0,0,2,2,2,1,2,2,1,0,3,3,3,3,1,0,0,1,0,1,0,3,0,0,0,2,2,0,0,0,0,1,0,0,2,0,1,3,9,0,1,2,4,0,1,0,0,3,0,3,0,3,0,4,3,2,1,3,0,1,0,0,2,0,1,2,0,0,3,4,4,0,0,1,0,1,1,2,0,0,2,4,5,3,3,1,2,1,0,1,1,3,1,2,4,3,2,1,1,2,1,2,1,2,2,4,0,0,1,2,0,0,0,0,0,0,0,2,1,1,2,0,2,0,0,0,1,3,0,2,3,1,0,0,2,1,1,3,1,1,2,1,1,1,3,0,3,0,0,3,0,0,2,1,0,3,1,0,1,0,0,1,0,0,0,1,0,0,2,0,9,3,0,2,1,0,1,0,3,1,3,5,0,0,3,0,1,0,2,0,1,0,1,0,0,2,1,2,0,0,3,4,1,5,2,1,1,0,0,2,4,0,0,0,1,2,2,1,6,1,2,0,1,0,1,1,3,0,0,2,4,1,1,6,3,7,1,1,4,1,0,0,0,1,1,0,1,3,0,0,1,1,1,0,0,1,1,1,1,2,0,1,2,0,1,0,1,3,2,0,7,0,1,0,0,3,0,0,2,0,2,2,3,0,0,0,0,0,1,2,0,4,2,1,5,2,0,1,1,1,1,2,2,0,3,0,0,2,0,2,1,1,1,0,0,1,2,2,0,1,0,0,0,1,3,1,1,2,0,0,1,2,0,0,0,2,1,0,1,2,0,3,1,1,1
GC,AT,0,2,3,0,0,2,1,0,3,0,1,0,9,2,2,2,1,6,1,3,1,2,0,1,2,2,3,0,0,0,0,3,0,1,0,0,3,0,2,0,0,2,0,0,0,2,1,0,1,4,0,0,1,2,0,0,1,2,0,1,2,4,4,0,2,2,2,2,1,0,0,2,2,2,5,0,2,2,1,0,1,0,0,1,0,5,1,3,2,1,2,3,0,3,2,3,2,0,0,1,4,2,1,2,2,0,4,1,0,2,1,4,0,2,6,5,0,1,1,0,1,1,1,4,0,2,0,1,2,0,1,0,3,2,2,3,0,2,0,2,4,1,3,4,1,3,1,2,2,3,4,2,3,3,1,1,4,1,2,1,1,3,0,1,1,1,3,4,1,0,0,3,1,0,1,1,1,0,0,0,3,0,0,1,0,0,3,5,1,0,1,5,0,1,2,1,3,0,2,3,3,1,0,2,1,4,1,0,2,0,3,0,0,0,0,5,1,2,4,2,0,0,3,0,0,4,4,5,0,1,2,0,2,2,1,1,1,3,0,1,0,1,1,1,2,2,1,1,1,3,0,4,1,2,3,0,1,1,0,0,2,0,1,0,1,0,0,2,1,2,1,0,1,0,0,3,0,2,1,3,0,2,0,0,2,1,2,1,0,1,0,3,2,2,2,2,2,3,3,1,3,1,2,0,3,2,0,4,2,0,2,0,1,1,1,0,0,0,0,8,0,1,0,0,1,0,0,2,0,4,3,1,2,3,1,4,0,2,2,1,0,0,0,3,2,4,3,2,3,3,2,1,7,1,3,0,0,1,3,3,0,0,0,1,2,0,0,2,1,1,3,1,3,1,3,0,0,4,1,0,7,0,0,1,2,4,2,1,0,1,2,0,0,0,1,5,1,3,1,2,0,2,0,3,1,1,1,1,2,0,1,0,0,0,1,1,0,1,2,6,3,0,1,0,1,2,0,3,0,1,3,1,0,1,0,0,0,2,2,3,2,2,0,4,1,1,0,1,0,2,0,2,1,2,1,3,3,3,2,0,1,2,1,0,1,1,2,0,1,1,0,0,2,3,0,0,3,1,3,1,1,2,3,3,2,3,0,0,0,4,3,4,3,0
GC,CA,0,1,1,0,0,0,0,3,0,0,0,0,3,1,1,4,2,0,0,1,1,3,0,1,7,0,0,0,2,2,0,1,0,0,0,1,2,0,1,0,0,2,0,0,1,1,0,0,0,0,0,3,1,0,1,1,0,0,2,0,0,1,2,0,1,0,0,1,1,0,0,0,2,1,2,0,0,0,1,0,0,1,0,0,0,1,1,3,0,1,0,1,1,1,0,1,0,0,1,0,0,0,1,0,0,0,2,0,0,0,0,3,0,0,4,0,1,0,0,0,2,1,0,2,0,0,1,0,0,0,0,0,1,1,1,0,0,1,0,1,0,1,1,1,0,3,0,2,0,0,1,0,1,0,0,0,3,1,0,1,1,0,0,0,0,0,1,0,1,1,1,1,0,1,0,4,0,0,0,0,0,0,0,0,0,0,5,2,0,0,1,1,1,1,0,0,0,0,0,0,0,1,0,0,0,2,0,0,1,1,0,0,0,2,0,1,0,0,1,1,0,1,1,2,0,0,0,2,0,2,2,1,1,0,1,1,1,3,1,3,0,0,3,0,1,0,2,0,0,1,0,1,0,0,1,0,0,0,1,2,1,0,0,0,1,0,3,2,0,3,2,0,0,0,1,0,0,1,1,0,0,1,0,3,0,2,1,1,0,1,0,1,1,2,1,1,0,0,2,0,0,0,1,0,1,1,1,2,1,1,0,0,2,0,0,0,1,0,0,5,0,0,0,0,0,3,0,1,1,1,2,1,0,2,0,1,1,0,0,2,0,0,0,3,0,0,0,1,0,1,2,2,2,0,0,0,0,1,0,0,0,0,0,2,0,0,0,2,3,0,1,0,4,0,2,0,3,0,0,1,3,0,0,0,1,1,1,1,0,0,0,0,0,0,0,0,0,3,0,0,0,2,0,0,3,0,0,2,3,0,0,1,0,1,1,1,0,0,0,1,1,1,1,0,0,2,0,0,0,0,1,2,0,0,0,0,0,1,0,0,0,0,1,0,0,1,1,1,0,2,0,2,1,2,0,1,1,0,3,1,1,0,0,1,1,3,0,0,0,0,0,0,0,0,0,1,2,0,3,0,2,3,3,1,0,3,3,1,5,2,2,2,0,0
GC,CG,0,0,0,0,0,0,0,0,0,0,0,0,0,0,0,0,0,0,0,0,0,0,0,0,0,0,0,0,0,0,0,0,0,0,0,0,0,0,0,0,0,0,0,0,0,0,0,0,0,0,0,0,0,0,0,0,0,0,0,0,0,0,0,1,0,0,0,0,0,0,0,0,0,0,0,0,0,0,0,0,0,0,0,0,0,0,0,0,0,0,0,0,0,0,0,0,0,0,0,0,0,0,0,0,0,0,0,0,0,0,0,0,0,0,0,0,0,0,0,0,0,0,0,0,0,0,0,0,0,0,0,0,0,0,0,0,0,0,0,0,0,0,0,0,0,1,0,0,0,0,0,0,0,0,0,0,0,0,0,0,0,0,0,0,0,0,0,0,0,0,0,0,0,0,0,0,0,0,0,0,0,0,0,0,0,0,0,0,0,0,0,0,0,0,0,0,0,0,0,0,0,0,0,0,0,0,0,0,0,0,0,0,0,0,0,0,0,0,0,0,0,0,0,0,0,0,0,0,0,0,0,0,0,0,0,1,0,0,0,0,0,0,0,1,0,0,1,0,0,0,0,0,0,0,0,0,0,0,0,0,0,0,0,0,0,0,0,0,0,0,0,0,0,0,0,0,0,0,0,0,0,0,0,1,0,0,0,0,0,0,0,0,0,0,0,0,0,0,0,0,0,0,0,0,1,0,0,0,0,0,0,0,0,0,0,0,0,0,0,0,0,0,1,0,0,0,0,0,0,0,0,0,0,0,0,0,0,0,0,0,0,0,0,0,0,2,0,0,0,0,0,0,0,0,0,0,0,0,0,0,0,0,0,1,0,0,0,0,0,0,0,0,0,0,0,0,0,0,0,0,1,0,0,0,0,0,0,0,0,0,0,0,0,0,0,0,0,0,0,0,0,0,0,0,0,0,0,0,0,0,0,0,0,0,0,0,0,0,0,0,0,0,0,0,0,0,0,0,0,0,0,0,0,0,0,0,0,1,0,0,0,0,0,0,0,0,0,0,0,0,1,0,0,0,0,0,0,0,0,0,0,0,0,0,0,0,0,1,0,0,0,0,0,0,0,0,0,0,0,0,0,0,0,0,0,0,0,0,0,0,0,0,0,0
GC,TA,0,0,0,0,0,1,2,1,1,1,0,0,0,0,0,1,0,1,0,1,0,0,1,0,0,0,1,0,0,0,1,2,0,1,1,1,0,0,1,0,1,1,0,1,0,1,1,0,0,1,0,0,0,0,0,2,0,0,1,0,0,0,0,0,0,1,1,0,0,0,0,1,0,0,0,1,0,0,0,1,1,0,0,0,0,0,0,3,0,0,0,0,0,0,0,1,0,0,1,1,1,0,0,1,0,1,1,1,0,0,0,0,0,0,0,0,0,0,0,0,2,2,0,2,1,0,0,0,2,3,0,0,1,1,2,0,0,0,1,0,0,0,0,0,1,0,0,0,2,1,0,2,0,1,0,1,1,1,0,0,0,1,1,0,0,0,0,2,0,0,0,1,4,2,0,1,0,0,0,0,1,0,0,0,0,0,0,1,2,0,3,0,0,3,0,0,2,0,0,0,0,0,0,0,1,2,1,0,0,0,1,1,0,0,1,0,1,0,0,3,0,0,0,0,0,0,1,1,1,0,4,0,0,0,0,1,0,2,1,0,0,0,1,1,2,0,2,0,0,0,0,0,0,0,1,0,1,1,1,1,1,0,0,0,1,0,0,0,1,0,0,0,0,0,0,0,0,0,1,0,0,1,0,1,0,0,0,0,0,2,0,0,0,0,0,0,0,0,2,0,0,2,1,0,2,0,0,0,0,0,0,0,0,0,0,0,1,1,0,2,0,0,1,0,0,0,0,1,0,0,1,0,2,0,1,1,0,1,1,1,1,0,0,1,1,1,1,2,0,0,1,0,1,0,0,0,0,0,0,0,0,0,0,1,1,1,0,0,1,1,0,2,1,0,1,0,0,0,1,1,0,0,2,1,1,0,1,1,0,1,0,1,0,1,2,2,1,0,1,0,0,1,0,0,3,0,0,1,1,0,1,0,0,0,1,1,0,0,0,1,1,0,1,2,1,1,0,1,0,0,1,0,1,0,0,0,0,0,1,0,0,1,1,1,0,0,0,2,0,0,1,2,0,0,0,0,1,2,0,0,1,1,1,0,1,0,1,0,0,0,1,0,0,3,0,0,0,0,0,1,1,1,0,0,0,1,0,0,0,1,0,0,0,1
TA,AT,0,0,3,4,1,1,0,3,31,1,4,0,1,0,1,1,7,3,2,4,3,0,1,2,88,3,7,1,3,0,1,5,1,2,3,12,6,0,5,1,0,2,0,2,0,4,0,2,3,2,1,1,0,1,0,4,2,1,0,1,1,4,0,1,1,1,8,5,2,0,0,0,2,3,4,1,0,2,24,1,2,2,4,1,2,0,2,5,4,10,1,1,0,1,3,0,2,1,0,0,1,0,10,3,4,1,0,0,0,1,0,7,0,4,66,4,11,0,4,0,6,1,0,3,0,3,6,0,3,9,0,4,4,1,2,0,2,0,0,3,1,0,13,1,1,23,0,2,0,3,3,4,2,0,1,1,2,1,0,8,4,1,0,0,2,0,4,2,3,0,3,3,1,0,0,0,0,0,0,1,18,1,0,1,1,1,4,6,0,2,4,4,5,2,1,0,3,0,0,4,3,1,2,0,0,0,1,0,3,0,0,0,4,4,4,4,0,0,4,1,1,0,1,1,0,0,4,5,0,2,0,1,4,2,1,3,0,2,0,3,3,3,5,0,5,1,6,1,0,1,1,1,0,1,4,18,0,2,3,2,0,1,1,0,0,2,6,0,1,38,12,3,0,1,0,1,1,3,0,0,3,1,2,3,0,1,1,1,0,2,0,0,3,4,1,1,8,2,7,1,0,1,0,1,4,0,2,1,2,4,8,0,2,1,0,2,3,0,3,19,1,0,1,6,0,2,0,3,4,2,4,2,0,3,1,21,0,0,10,1,0,1,0,1,4,0,2,2,4,1,1,1,2,1,11,0,0,0,3,5,0,0,1,12,1,3,1,7,5,0,0,2,3,0,2,0,11,1,8,1,2,1,2,6,4,15,1,2,0,1,1,2,0,1,3,6,2,2,1,1,0,0,0,1,11,0,0,2,0,0,17,1,0,0,1,1,1,1,1,4,10,15,7,0,6,1,2,2,0,3,0,1,2,7,1,0,1,3,0,1,3,2,1,2,2,0,1,0,0,1,1,4,1,1,1,1,2,2,12,2,5,1,1,1,27,1,0,0,1,1,10,0,2,2,0,3,1,0,0,2,5,15,9,2,2,8,16,1,33,2,3,5,1,0
TA,CG,0,0,0,0,1,0,0,0,1,0,0,0,1,0,1,0,0,0,0,0,0,0,0,0,5,0,2,0,0,0,0,0,0,0,0,1,0,0,0,0,0,0,0,0,0,0,0,0,0,0,0,0,0,0,0,0,0,0,0,0,0,0,0,0,0,0,0,0,0,0,0,0,0,0,0,0,0,0,0,0,0,0,0,0,1,1,0,0,0,1,0,0,0,0,0,0,0,0,0,0,0,0,0,0,0,0,0,0,0,0,0,2,0,0,4,0,0,0,1,0,0,0,0,0,0,0,1,0,0,0,0,2,0,0,1,0,0,0,0,0,0,0,0,0,0,3,0,0,0,0,0,0,0,0,0,0,0,0,0,0,0,0,0,0,0,0,0,0,0,0,0,0,0,0,0,0,0,0,0,0,4,0,0,0,1,0,0,0,0,0,1,0,0,0,0,0,0,0,0,0,0,0,0,0,0,0,0,0,0,0,0,0,1,1,0,0,1,0,0,1,0,0,0,0,0,0,0,1,0,0,0,0,0,0,0,0,0,0,0,1,0,0,0,0,0,0,0,0,0,0,0,0,0,0,1,0,0,0,0,1,0,0,0,0,0,0,0,0,0,4,1,0,0,0,1,0,0,0,0,0,0,0,0,0,0,0,0,0,0,0,0,0,0,0,0,0,0,0,0,0,0,0,0,0,0,0,0,0,1,1,1,0,0,0,0,1,0,0,0,3,0,0,0,0,0,0,0,0,0,0,0,0,0,0,0,0,0,0,0,0,0,0,0,0,0,0,0,0,0,0,0,0,0,0,0,0,0,0,0,1,0,0,0,1,0,0,0,0,1,0,0,0,0,0,0,0,0,0,0,0,0,0,0,0,2,0,1,0,0,0,0,0,0,0,2,0,0,0,0,0,0,0,0,0,2,0,0,0,0,0,5,0,0,0,0,0,0,0,0,0,1,4,1,0,0,0,0,0,0,0,0,0,0,1,0,0,0,0,0,1,0,0,0,0,0,0,0,0,0,0,0,0,0,0,0,1,0,0,1,0,0,0,0,0,3,0,0,0,0,0,1,0,0,0,0,0,0,0,0,0,1,0,1,0,0,0,0,0,4,0,0,0,0,0
TA,CT,1,2,0,2,2,2,1,6,38,1,7,0,1,2,1,0,5,0,0,6,6,0,3,4,77,0,4,1,0,0,0,1,0,2,3,4,1,0,2,0,0,1,0,1,0,0,2,0,0,1,1,2,0,1,0,4,1,0,3,0,0,0,0,0,5,0,8,4,0,4,0,0,0,4,2,0,1,1,21,1,2,1,5,1,0,2,1,3,1,7,0,1,0,1,2,2,1,0,2,0,0,2,4,1,7,2,2,4,1,0,0,1,0,1,59,4,4,0,6,0,2,0,1,2,0,2,4,1,0,10,0,9,3,1,4,0,2,1,1,0,3,0,2,2,0,23,0,12,0,0,0,11,2,4,0,1,0,1,0,4,2,0,0,1,1,0,2,0,2,1,1,3,0,1,0,2,1,1,0,1,9,2,1,0,0,6,3,2,1,1,1,1,6,0,2,0,1,0,1,3,0,0,0,0,0,0,1,1,3,0,1,1,3,6,1,0,0,1,0,1,1,0,0,0,0,0,2,4,0,1,2,1,3,1,1,1,0,2,0,2,2,1,6,1,0,0,2,0,0,1,0,0,0,0,8,11,0,1,0,0,3,0,1,0,1,0,8,0,0,32,6,2,0,0,0,4,0,1,0,1,1,0,1,0,0,1,1,0,0,1,0,0,1,11,0,1,11,0,3,1,0,0,1,2,1,0,0,2,4,5,9,0,0,0,2,1,3,0,0,17,1,1,0,0,1,0,0,2,0,0,6,1,0,2,0,12,0,0,4,0,0,4,0,0,1,3,0,1,0,1,2,1,1,0,9,0,1,1,1,2,0,0,0,5,1,0,3,3,3,0,0,0,2,0,3,0,13,1,5,0,0,2,3,4,3,12,0,3,1,0,0,0,0,1,2,4,0,0,1,2,0,0,0,1,14,1,1,0,2,0,9,1,0,0,3,0,1,1,2,3,5,19,4,1,2,0,0,2,0,1,2,1,1,3,0,0,0,2,0,0,1,0,0,2,0,0,0,3,0,0,0,1,1,1,0,1,0,0,6,0,1,0,1,0,25,2,1,0,0,0,11,0,2,1,0,2,1,0,0,0,3,11,8,2,4,6,14,2,30,0,0,3,0,0
TA,GC,0,0,0,0,0,0,0,0,3,0,0,0,0,0,0,0,0,0,0,0,0,0,0,0,2,0,0,0,0,0,0,0,0,0,0,0,2,0,0,0,0,0,0,1,0,0,0,0,0,0,0,0,0,0,0,0,0,0,0,0,0,0,0,0,0,0,0,1,0,0,0,0,0,0,0,0,0,1,2,0,0,0,0,0,0,0,0,0,0,0,0,0,0,0,0,0,0,0,0,0,0,0,0,0,0,0,0,0,0,0,0,0,0,0,2,1,0,0,0,0,0,0,0,0,0,0,1,0,0,0,0,1,0,0,0,0,0,0,0,0,0,0,1,0,1,0,0,1,0,0,0,0,0,0,0,0,0,0,0,1,0,0,0,0,0,0,0,0,0,0,0,0,0,0,0,0,0,0,0,0,2,0,0,0,0,0,0,0,0,0,1,0,1,0,0,0,0,0,0,0,0,0,0,0,0,0,0,0,0,0,0,0,0,0,0,0,0,0,0,0,0,0,0,0,1,0,0,0,0,0,0,0,1,0,0,0,1,0,0,0,0,0,0,0,0,0,0,0,0,0,0,1,0,0,1,0,0,0,0,0,0,0,0,0,0,0,0,0,0,6,1,0,0,0,0,0,0,0,0,0,0,0,0,0,0,0,0,1,0,0,0,0,0,2,0,0,0,0,0,0,0,0,0,0,0,0,0,0,0,0,0,0,0,0,0,0,0,0,0,0,0,0,0,0,0,0,0,0,0,0,0,0,0,0,0,0,0,0,1,0,0,0,0,0,0,0,0,0,0,0,0,0,0,0,0,0,0,1,0,0,0,0,0,0,0,0,0,0,0,0,0,0,0,0,0,0,0,0,0,0,0,0,0,0,0,1,0,0,0,0,0,0,0,0,0,0,0,0,0,0,0,0,0,0,0,0,0,0,0,0,1,0,0,0,0,0,0,0,0,0,0,2,1,0,0,0,0,0,0,0,0,0,0,0,0,0,0,1,0,0,0,0,0,0,0,0,0,0,0,0,0,0,0,0,0,0,0,0,0,0,0,0,0,0,1,0,0,0,0,0,0,0,0,0,0,0,0,0,0,0,0,1,0,0,0,0,2,0,2,0,0,0,0,0
TA,GG,0,0,0,0,0,0,0,1,3,0,1,0,0,0,0,0,1,0,0,1,1,0,0,0,5,0,2,0,1,0,0,0,0,0,0,0,0,0,0,0,0,1,0,0,0,0,0,0,0,0,0,0,0,0,0,0,0,0,0,0,0,0,0,0,0,0,0,0,0,0,0,0,1,0,2,0,0,0,2,0,0,0,0,0,0,0,0,0,0,0,0,1,0,0,0,0,0,0,0,0,0,0,2,0,0,0,0,0,0,0,0,0,0,1,2,0,1,0,0,0,1,0,0,0,0,0,0,0,1,1,0,2,0,0,0,0,0,0,1,0,0,0,0,0,0,0,0,2,0,2,0,1,1,0,0,0,0,0,0,1,0,0,0,0,0,0,0,0,0,0,0,1,1,0,0,0,0,0,0,0,2,0,0,0,0,0,0,0,0,0,0,0,2,0,1,0,0,0,1,0,0,0,0,0,0,0,0,1,2,0,0,0,0,0,2,0,0,0,1,0,0,0,0,0,0,0,0,0,0,0,0,0,0,0,0,0,0,0,0,0,0,0,1,0,0,0,1,1,0,0,0,0,0,1,0,1,1,1,0,0,0,1,0,0,0,0,1,0,0,3,1,1,0,0,0,0,0,0,0,0,0,0,0,0,0,0,0,0,0,0,0,0,0,0,0,0,0,0,0,0,0,0,0,0,1,0,0,0,0,0,0,0,0,1,0,0,0,0,0,0,0,0,0,0,0,0,0,0,0,0,2,0,0,0,1,0,0,0,0,0,0,1,0,0,1,0,0,0,0,0,1,0,1,0,0,0,0,0,1,0,0,0,1,0,0,0,0,0,0,0,0,1,1,0,0,0,1,0,0,0,0,0,0,0,1,0,0,0,0,0,0,0,0,0,1,0,0,0,0,0,0,0,0,0,0,0,0,0,0,0,0,0,0,0,1,1,0,0,0,0,1,0,0,1,1,0,0,0,0,0,0,0,0,1,0,0,0,1,0,0,0,0,0,0,0,0,0,1,0,1,0,0,0,0,1,0,0,0,0,0,0,0,0,0,2,1,0,0,1,0,0,0,0,0,0,0,0,0,0,0,0,0,0,0,1,0,2,0,4,0,0,0,0,0
TA,GT,0,2,0,1,1,2,1,10,70,1,8,0,1,1,0,0,11,0,1,10,4,1,6,6,147,1,13,0,1,1,1,3,1,0,1,2,1,0,8,0,0,5,0,1,0,0,1,2,0,0,0,2,1,0,0,10,0,1,2,0,1,0,1,0,3,0,6,8,1,1,0,1,1,0,15,0,0,1,37,3,5,3,1,0,1,1,0,4,0,5,0,1,0,0,0,0,0,1,1,0,0,0,11,1,2,4,2,1,0,0,0,5,0,4,110,6,28,0,5,0,6,0,1,2,0,2,18,1,2,23,1,17,4,0,2,0,1,0,0,0,0,0,15,2,0,34,0,12,2,1,0,3,0,5,1,0,0,2,0,5,5,1,0,0,1,1,4,0,7,0,2,2,1,1,0,3,0,0,0,6,50,2,1,1,0,0,12,1,0,2,4,0,5,0,1,0,1,0,5,3,2,0,2,0,1,2,0,1,8,1,1,0,2,12,1,0,2,0,2,0,0,2,0,0,0,0,2,9,0,1,0,0,4,0,1,2,0,2,0,4,1,2,6,1,2,0,0,3,2,1,1,0,0,0,12,17,0,0,1,2,1,3,3,0,0,0,8,0,0,38,14,2,0,0,0,4,1,0,0,0,4,0,1,1,0,0,0,1,0,0,0,0,0,21,0,0,15,2,1,0,0,1,1,0,1,0,0,2,7,7,14,0,0,2,4,0,1,1,0,20,0,1,0,7,1,0,0,1,2,0,10,1,0,0,1,13,3,1,6,0,0,0,0,1,4,0,1,0,1,1,2,1,4,0,9,0,0,1,1,2,0,0,1,10,0,0,1,2,7,0,1,0,6,0,0,1,19,0,9,1,0,0,0,9,2,21,0,1,0,2,0,0,0,0,2,2,0,1,0,1,1,1,0,0,16,1,0,0,5,0,24,1,0,0,4,2,1,1,0,5,9,15,18,1,4,0,0,2,0,3,3,1,0,14,0,0,0,3,0,1,0,0,1,3,0,2,0,0,1,1,2,1,0,3,1,0,2,2,10,5,0,1,0,0,34,2,1,0,1,1,24,0,1,0,0,3,1,0,0,0,10,18,8,4,2,10,27,4,107,0,0,10,0,0
TC,AA,8,7,15,7,7,4,8,21,78,19,18,0,21,20,6,15,9,10,7,20,8,3,9,14,125,6,19,6,13,9,13,19,4,6,8,13,15,0,23,3,6,10,0,6,1,7,13,7,8,15,5,8,8,4,4,24,6,2,6,2,4,14,14,15,8,6,31,24,2,6,0,8,6,4,35,1,2,10,50,13,7,4,8,8,1,13,5,22,6,20,4,11,2,6,8,5,6,1,4,6,4,8,27,14,13,7,10,8,5,16,3,14,0,5,145,18,42,0,6,0,11,4,12,32,4,7,18,2,3,28,1,25,14,6,8,8,0,4,2,8,11,3,15,11,4,46,3,27,9,9,6,22,16,8,4,11,11,8,5,17,5,6,8,5,6,6,8,14,16,1,11,9,6,5,3,10,4,5,0,22,63,1,2,9,4,7,33,30,6,6,20,15,12,8,15,4,14,9,11,15,14,0,11,4,6,9,7,0,12,1,2,5,13,18,11,9,4,1,20,25,7,3,5,2,1,5,12,16,0,3,13,13,19,9,11,14,5,9,10,12,3,5,13,6,7,7,14,8,4,12,5,8,11,19,21,24,4,5,8,5,8,10,9,0,8,3,26,3,3,76,17,8,2,2,3,18,3,5,10,6,2,6,4,11,5,11,11,7,7,6,4,6,4,11,8,3,14,9,15,3,8,4,8,5,18,5,5,10,14,4,25,2,8,11,6,11,5,9,0,41,2,6,7,14,6,3,0,14,8,6,18,5,2,14,12,16,8,3,18,9,2,14,7,7,15,6,6,7,5,5,12,9,21,4,16,1,2,9,11,19,0,0,9,20,6,3,3,13,15,6,4,7,9,4,13,6,22,10,21,11,8,5,9,16,24,38,14,11,5,3,3,1,2,3,6,17,2,11,5,7,3,2,0,7,36,10,9,9,9,0,45,4,0,1,12,7,7,5,4,12,17,39,20,11,13,3,3,24,0,7,14,11,3,9,7,0,2,10,5,4,7,9,4,12,3,6,4,4,2,4,5,18,9,4,12,4,8,9,21,17,6,6,8,5,64,14,4,3,4,11,29,0,7,24,1,7,7,3,7,6,15,38,29,14,9,14,8,5,96,14,20,22,10,2
TC,AG,0,0,0,0,0,0,1,1,2,1,0,0,0,0,1,0,0,0,1,0,0,1,1,2,4,1,0,0,2,0,1,1,0,0,2,1,1,0,1,1,0,0,0,1,0,1,1,1,1,2,0,0,1,0,0,0,0,0,1,0,0,0,0,0,1,0,1,1,0,0,0,0,0,0,1,0,1,3,0,1,3,0,0,0,0,1,0,1,0,1,0,0,0,0,4,0,0,0,0,1,0,0,3,0,1,0,0,0,0,0,0,2,0,1,5,1,1,0,1,0,0,0,1,2,0,0,1,0,0,0,0,1,1,0,0,3,0,0,0,1,0,1,0,2,0,3,0,0,0,0,1,1,1,0,0,0,0,1,0,1,1,0,0,0,1,1,1,0,2,0,0,1,0,0,0,0,0,1,0,0,1,0,0,0,0,1,1,1,0,0,0,1,1,1,0,0,1,0,0,0,0,0,1,1,0,1,1,0,1,1,0,0,0,1,0,0,0,0,0,2,0,0,0,0,0,0,0,1,0,0,2,0,1,0,0,2,0,2,1,1,0,0,1,0,0,0,2,0,0,0,1,0,0,0,0,0,1,2,1,1,0,0,0,0,0,0,1,0,1,1,0,1,0,0,2,0,1,0,0,1,0,1,0,0,0,2,1,1,0,1,0,0,1,0,2,1,1,0,1,1,0,0,0,1,1,0,0,0,1,0,0,0,0,0,1,2,0,1,0,3,0,0,0,0,1,1,0,2,0,0,0,0,0,0,0,0,0,2,1,1,0,0,2,0,3,1,0,0,0,0,1,1,0,0,0,0,0,0,0,2,0,0,0,0,0,1,0,0,1,0,0,0,2,1,1,0,0,0,0,0,0,0,0,0,2,1,0,1,0,0,1,0,0,0,0,1,0,1,1,0,0,0,0,0,2,0,0,1,0,0,0,2,0,0,0,0,1,0,0,1,1,2,0,0,1,0,1,0,0,1,0,0,0,0,0,0,0,0,1,0,0,0,1,0,0,0,0,0,0,0,0,1,0,0,0,1,1,1,0,0,0,0,0,0,4,2,0,0,0,0,1,0,0,0,0,0,0,0,1,1,1,0,1,1,0,1,2,1,4,0,0,0,0,0
TC,AT,3,1,2,2,0,3,1,1,15,1,7,0,4,1,3,2,6,3,4,2,3,2,4,2,11,0,3,1,4,2,1,2,0,3,1,2,2,0,3,5,0,3,0,1,1,3,3,2,3,2,2,3,1,1,1,2,2,1,2,0,0,5,3,2,4,2,6,2,4,0,0,1,5,0,7,0,0,1,6,1,2,0,4,0,1,4,1,5,2,1,0,4,2,2,6,0,5,5,1,3,0,2,0,1,1,6,4,3,1,2,3,1,0,2,7,2,1,0,0,0,3,2,7,5,2,4,6,0,1,1,0,4,0,2,0,6,0,1,5,2,3,0,6,3,0,4,2,3,0,1,1,7,4,2,2,2,4,3,2,7,3,1,1,1,5,1,2,2,4,1,1,5,5,3,0,7,1,0,0,0,6,0,1,2,0,2,7,13,0,2,3,3,1,1,2,1,5,1,4,1,1,0,6,0,2,3,3,1,4,0,0,1,1,2,2,3,0,1,6,4,0,1,2,1,0,4,3,1,0,6,10,4,0,4,4,1,1,4,3,2,2,1,1,4,3,0,8,2,5,3,2,2,2,2,4,4,3,3,4,3,2,3,2,0,1,1,5,4,3,5,4,6,1,1,0,3,0,3,1,4,2,2,3,5,1,3,4,1,1,6,2,2,3,2,1,3,1,1,4,1,2,0,1,1,3,2,3,2,1,7,3,1,3,0,1,2,2,2,2,8,1,1,2,0,1,3,0,4,3,4,3,2,0,4,2,1,1,4,4,6,0,1,3,3,2,1,3,0,2,2,7,0,7,3,3,0,0,2,2,5,0,0,4,0,4,1,4,3,2,1,2,2,3,1,4,2,5,1,1,3,2,1,1,3,6,3,1,4,1,0,2,0,0,0,2,1,2,4,0,4,2,2,3,1,0,3,3,3,1,0,3,2,0,0,0,2,6,4,1,2,3,3,6,3,1,0,2,7,1,1,2,1,0,1,3,0,3,1,1,1,1,3,1,4,0,3,3,1,0,1,1,2,2,2,0,1,1,2,5,2,1,2,5,1,3,3,0,0,1,3,3,0,6,2,2,1,0,0,0,1,5,3,3,1,2,2,5,4,4,5,2,2,0,1
TC,CA,3,2,7,1,0,2,1,2,18,3,2,0,3,5,0,3,4,2,3,4,4,3,1,3,18,2,9,2,1,2,5,0,0,2,3,3,4,0,2,2,1,3,0,1,0,1,3,5,1,2,1,2,2,2,3,3,0,0,2,0,0,3,2,5,0,1,5,3,3,0,0,1,3,3,3,0,0,2,12,3,3,0,2,3,2,4,3,5,4,0,2,4,1,1,3,1,2,2,2,0,0,5,5,0,1,1,4,3,2,1,1,4,0,2,18,4,0,0,0,0,2,2,3,5,0,4,2,1,4,6,1,7,3,1,3,1,1,1,2,2,0,1,5,4,1,10,0,8,1,1,1,5,6,3,2,2,3,4,0,7,3,2,2,1,1,0,1,3,3,1,6,1,3,2,2,1,0,1,0,3,15,0,2,2,2,2,2,5,1,1,3,1,2,0,3,3,6,0,1,2,5,0,1,0,0,5,3,1,2,2,2,1,1,6,0,6,0,0,3,7,2,0,3,1,3,1,2,2,0,4,9,4,3,1,1,5,1,6,1,0,3,0,4,2,1,5,9,0,1,4,6,0,1,1,4,4,2,1,4,1,2,0,0,0,1,2,6,0,1,10,1,7,0,1,0,2,0,4,5,4,0,2,4,2,0,2,3,1,3,0,4,3,4,2,3,3,4,1,3,2,1,1,3,3,2,2,1,6,2,1,4,1,4,3,1,1,2,1,1,11,1,1,3,4,2,2,0,3,2,2,0,2,2,5,0,6,1,0,3,1,0,2,2,1,3,1,2,0,1,3,3,2,2,3,6,0,0,0,5,3,0,0,3,4,1,1,0,4,3,2,4,1,6,0,4,1,5,0,2,3,5,2,3,2,5,0,1,3,2,1,3,0,1,0,3,1,0,2,3,2,1,0,1,3,4,3,1,4,5,0,6,3,0,0,1,0,3,1,2,1,4,3,6,2,2,0,2,2,0,3,3,3,1,6,3,0,1,4,5,1,1,1,0,6,0,1,2,1,2,4,1,0,3,2,2,1,5,2,3,2,1,0,1,1,9,4,0,0,0,0,2,0,0,1,1,2,1,1,1,1,2,7,3,0,3,1,3,0,14,2,2,2,4,0
TC,CG,0,0,0,0,0,0,0,2,1,1,0,0,0,0,0,0,0,0,0,0,0,0,0,0,1,0,0,0,0,0,0,0,0,0,0,0,0,0,0,0,0,0,0,0,0,0,0,0,1,0,0,0,0,0,0,0,0,0,0,0,0,0,0,1,0,0,0,0,0,0,0,0,0,0,1,0,0,0,0,0,0,0,0,0,0,1,1,0,0,0,0,0,0,0,0,0,0,0,0,0,0,0,0,0,0,0,0,0,0,0,1,0,0,0,0,0,0,0,1,0,0,0,0,0,0,0,0,0,0,0,0,0,0,0,0,0,0,0,0,0,0,0,0,0,0,0,0,0,0,0,0,0,0,0,0,1,0,0,0,0,0,1,0,0,0,0,1,0,0,0,0,1,0,0,0,0,0,0,0,0,0,0,0,0,0,0,0,0,0,0,0,0,0,0,0,0,0,0,0,0,0,0,0,0,0,0,0,0,0,0,0,0,0,0,0,1,0,0,0,0,0,0,0,0,0,0,0,0,0,0,0,0,0,0,1,0,0,0,0,0,0,0,0,0,0,0,0,0,0,0,0,0,0,0,0,0,0,0,0,1,0,0,0,0,0,0,0,0,0,0,0,0,0,0,0,0,0,0,0,0,0,0,0,0,0,0,0,0,0,0,0,0,0,0,0,0,0,0,0,0,0,0,0,0,0,0,0,0,0,0,0,0,0,0,1,0,0,0,0,0,0,0,0,0,0,0,0,0,0,0,0,0,0,0,1,0,0,0,0,0,0,1,0,0,0,0,0,1,1,0,0,0,0,0,0,0,0,0,0,1,0,0,0,0,0,0,0,0,1,0,0,0,0,0,0,0,0,0,0,0,0,0,0,1,0,0,0,0,0,0,0,0,0,0,0,0,0,0,0,0,0,0,0,0,0,0,0,0,1,0,0,0,0,0,0,0,0,0,0,0,0,0,0,0,0,1,0,0,0,0,0,0,0,0,0,0,0,1,0,0,0,0,0,0,0,0,0,0,0,0,0,0,0,0,0,0,0,0,1,0,0,0,0,0,0,0,0,0,0,0,0,0,0,0,0,0,0,0,0,0,0,0,0,0,0,0,0,0,0,0,0,0,0,0
TC,CT,0,1,0,1,0,0,1,1,1,3,1,0,0,1,1,2,14,3,0,2,2,0,2,1,6,0,2,0,2,0,2,1,1,2,0,0,2,0,2,0,0,0,0,1,1,0,0,1,0,1,1,0,0,0,0,3,0,0,0,0,1,1,1,2,0,0,0,2,0,0,0,2,0,1,0,1,0,0,2,1,3,0,1,2,0,1,0,1,0,1,0,1,0,0,0,2,0,0,0,2,3,1,0,1,0,0,2,0,0,0,0,1,0,0,4,1,0,0,0,0,0,0,0,2,0,1,2,0,2,2,0,2,0,1,1,1,1,1,0,2,2,0,1,2,0,1,0,1,0,1,0,0,1,2,0,3,2,0,0,1,3,0,0,0,0,0,0,0,1,1,0,0,0,1,0,0,2,0,0,2,0,0,0,2,0,0,2,4,0,0,3,2,0,1,2,0,0,0,0,1,3,0,4,1,0,0,0,1,1,0,2,1,0,1,0,0,2,0,4,2,1,0,1,0,1,1,1,2,0,1,2,1,0,2,0,1,0,0,0,2,1,0,1,2,1,0,2,0,1,2,0,0,0,2,0,2,0,1,1,0,1,2,0,0,0,0,0,2,1,1,1,1,1,0,0,0,0,0,1,0,1,1,0,2,0,0,0,0,1,3,0,0,0,0,1,0,0,0,3,1,0,1,0,0,1,1,0,0,0,0,2,0,1,1,0,3,3,1,0,2,1,2,0,1,0,0,0,0,1,1,0,1,1,1,1,1,1,1,2,1,0,1,0,0,0,0,2,1,0,0,4,2,1,0,3,0,0,0,2,3,0,0,0,1,0,1,0,1,3,0,2,0,1,0,0,1,5,1,1,2,0,0,3,1,2,0,1,1,0,0,0,0,0,0,1,0,2,1,1,0,0,0,0,0,2,2,1,0,2,0,0,0,0,2,2,1,0,0,0,2,1,3,2,0,0,0,0,2,0,2,1,1,0,1,0,0,1,1,1,0,0,0,0,1,0,0,0,4,1,2,0,2,3,0,2,1,0,1,1,2,1,0,0,0,2,3,0,1,0,0,1,0,0,2,0,0,0,1,0,0,0,1,0,0,1,1,2,1,2,0,0,1,0,1
TC,GA,0,0,4,0,0,1,2,0,2,4,2,0,2,1,1,3,2,1,0,1,0,0,3,1,1,1,3,0,4,1,1,2,1,1,1,0,2,0,3,0,1,0,0,3,0,1,1,1,0,2,2,1,0,1,0,3,0,1,0,0,1,0,1,0,1,0,3,3,2,1,0,2,0,2,2,0,1,1,1,1,4,0,3,1,0,3,1,0,1,0,1,2,4,2,2,1,0,0,1,2,1,3,0,0,2,0,2,4,0,2,0,1,0,0,6,1,0,0,3,0,0,1,5,5,0,1,1,0,0,3,1,1,1,1,0,1,0,0,0,2,2,0,1,0,0,2,0,2,0,0,0,2,1,3,0,2,3,2,0,0,1,0,0,0,0,0,1,0,2,1,1,1,0,0,3,2,1,0,0,1,3,0,0,1,0,0,5,3,0,0,2,2,1,1,1,3,3,1,2,1,0,1,4,1,1,2,0,2,2,0,1,0,3,0,1,1,0,0,1,2,1,1,0,0,2,0,1,2,0,1,3,1,2,2,4,2,0,2,0,2,0,1,1,0,1,1,3,0,1,1,2,0,1,1,1,2,2,0,2,1,0,4,1,0,3,0,3,1,3,1,1,6,0,0,0,0,0,1,2,2,1,2,1,0,2,1,1,2,2,1,1,1,1,0,2,1,0,1,4,1,0,1,0,0,4,0,1,1,0,0,0,0,4,1,1,1,1,5,1,7,0,0,3,1,0,0,0,1,0,2,0,3,0,2,1,0,0,1,2,1,1,4,0,1,3,0,1,4,0,2,2,1,2,1,0,0,0,0,1,0,0,0,0,0,1,1,3,4,1,2,1,2,1,1,1,2,5,0,1,0,1,0,5,2,3,1,1,0,0,1,0,1,0,1,0,1,2,2,0,2,0,0,1,2,3,2,2,3,0,0,1,1,0,2,0,3,0,0,2,4,3,2,0,2,2,1,1,1,0,1,3,1,0,4,1,0,0,1,1,1,1,0,0,4,1,0,1,0,2,1,0,2,0,1,0,0,1,2,0,1,1,1,2,1,1,3,1,1,2,0,1,0,2,3,1,1,1,0,1,0,1,1,1,1,0,0,2,0,0,1,1,2,2,0
TC,GG,0,0,0,0,0,0,0,0,0,0,0,0,0,0,0,0,0,0,0,0,0,0,0,0,0,0,1,0,0,0,0,0,0,0,0,0,0,0,0,0,0,0,0,0,0,0,0,0,0,0,0,0,0,0,0,0,0,0,0,0,0,0,0,0,0,0,0,0,0,0,0,0,0,0,0,0,0,0,0,0,0,0,0,0,0,0,0,0,0,1,0,0,0,0,0,0,0,0,0,0,0,0,0,0,0,0,0,0,0,0,1,0,0,0,0,0,0,0,0,0,0,0,0,0,0,0,0,0,0,0,0,0,0,0,0,0,0,0,0,0,0,0,0,0,0,0,0,0,0,1,0,0,0,0,0,0,0,0,0,0,0,0,0,0,0,0,0,0,0,0,1,0,0,0,0,0,0,0,0,0,0,0,0,0,0,0,0,0,0,0,0,0,0,0,1,0,0,0,1,0,0,0,0,0,0,0,0,0,0,0,0,0,0,0,0,0,0,0,0,0,0,0,0,0,1,0,0,0,0,1,0,0,1,0,0,0,0,0,0,1,0,0,0,0,1,0,0,0,0,0,0,0,0,0,0,0,0,0,0,0,0,0,0,0,0,0,0,0,0,0,0,0,0,0,0,0,0,0,0,0,0,0,0,0,0,0,0,0,0,0,0,0,0,0,0,0,0,0,0,0,0,0,0,0,0,0,0,1,0,0,0,0,0,0,1,0,0,0,0,0,0,0,0,0,0,0,0,0,0,0,0,0,0,0,0,0,0,0,0,0,0,0,0,0,0,0,0,0,0,0,0,0,0,0,0,0,0,0,0,0,0,0,0,0,0,0,0,0,0,0,0,0,0,0,0,0,0,0,0,0,0,0,0,0,1,0,0,0,0,0,0,0,0,0,0,0,0,0,0,0,0,0,0,0,0,0,0,0,0,0,1,0,0,0,0,0,0,0,0,0,0,0,0,0,0,0,0,1,0,0,0,0,0,0,0,0,0,0,0,0,0,0,0,0,0,0,0,0,0,0,0,1,0,0,0,0,0,0,0,0,0,0,0,0,0,1,0,0,0,0,0,0,0,1,0,0,0,0,0,0,0,0,0,0,0,0,0,0,0,0,0,0,0,0
TC,GT,0,1,0,0,0,1,2,0,3,2,0,0,0,1,1,0,4,0,0,0,0,0,0,0,2,1,1,0,1,0,0,1,0,0,0,0,4,0,1,1,0,1,0,1,0,0,0,0,1,0,0,1,0,1,0,1,0,0,0,1,0,1,1,1,0,1,0,1,0,0,0,1,0,0,1,0,0,1,1,2,0,0,0,0,0,1,0,0,0,2,1,0,0,0,2,0,0,0,1,1,0,2,1,1,1,1,0,1,0,0,0,0,0,0,2,0,2,0,0,0,1,0,0,0,1,1,2,0,0,0,0,1,0,0,0,1,0,0,1,1,0,0,0,0,0,1,0,1,0,0,0,1,1,0,1,0,1,1,0,0,0,0,0,0,0,0,1,0,0,2,0,1,0,0,0,1,0,0,0,0,1,0,1,0,1,2,1,1,0,0,2,1,0,0,0,0,0,0,0,1,1,0,0,0,1,1,0,0,0,0,0,0,0,0,0,0,0,0,0,4,0,1,0,0,1,0,0,0,0,1,0,0,0,0,2,0,0,0,0,0,0,0,2,0,0,0,3,0,1,1,1,0,0,0,0,0,1,3,0,0,0,1,1,0,0,0,1,0,0,1,1,0,0,0,0,2,0,0,0,1,0,1,1,0,0,0,2,0,0,0,0,0,0,0,1,0,0,0,0,0,0,0,0,0,0,0,0,3,0,1,0,0,0,0,0,0,1,2,0,4,2,0,0,0,0,0,0,0,0,0,0,0,1,3,0,1,0,0,1,0,0,1,1,0,0,0,0,1,0,0,0,0,1,0,1,0,0,0,0,1,0,0,0,0,0,0,0,0,0,0,2,0,1,0,2,1,0,0,0,0,0,0,0,1,1,0,1,0,0,0,0,0,0,0,0,0,1,1,0,0,0,0,1,0,0,0,0,0,1,0,1,0,0,0,2,0,0,0,0,1,1,1,0,0,0,0,1,3,0,1,0,0,0,0,0,0,0,0,0,0,0,0,0,0,1,1,0,0,0,0,0,1,0,1,0,0,0,1,2,0,0,0,1,0,1,1,0,0,0,1,0,0,0,1,0,2,0,1,0,1,0,1,0,0,4,1,0,2,3,1,1,3,0,1
TG,AA,0,0,1,0,2,0,3,2,18,1,1,0,3,0,1,0,3,0,2,3,1,1,3,1,38,0,4,0,0,1,0,4,1,1,1,1,0,0,0,2,0,2,0,2,0,0,2,3,2,2,1,1,0,2,0,6,0,1,0,1,0,0,0,0,3,0,3,2,2,2,0,4,1,0,1,0,0,2,13,3,1,2,2,0,1,0,1,3,0,2,0,2,0,0,1,1,1,0,2,0,1,0,0,3,2,2,0,3,0,0,3,1,0,1,35,3,7,0,1,0,1,0,4,9,1,2,4,0,2,1,0,2,1,0,2,2,2,2,2,1,2,0,3,0,2,2,0,3,1,1,2,3,0,0,1,1,0,1,1,1,1,2,0,0,0,0,2,1,1,0,2,3,2,0,0,2,0,0,0,1,9,0,1,4,0,1,0,5,1,0,5,1,1,1,0,1,2,1,0,1,1,0,1,0,1,3,0,0,1,2,1,2,3,2,0,3,0,0,1,6,1,0,1,1,1,0,2,1,1,1,0,0,2,1,5,0,0,5,1,4,1,0,5,0,0,3,3,3,1,1,0,0,0,1,4,0,2,2,0,1,1,0,1,0,0,1,7,0,0,11,0,2,0,0,1,2,0,0,1,0,1,0,0,3,1,1,1,0,1,0,1,1,1,1,0,3,2,2,2,0,0,0,2,0,0,1,1,0,3,4,5,0,0,2,1,1,2,1,0,14,0,1,3,2,2,1,0,5,0,0,6,1,1,0,1,6,1,2,3,1,0,2,2,0,2,0,2,0,1,0,0,0,1,1,5,0,0,1,1,0,0,0,1,2,0,0,0,2,2,0,0,1,4,0,1,1,3,0,2,3,0,1,4,5,1,7,1,1,0,1,1,0,1,1,0,2,0,1,1,1,1,0,1,1,4,0,1,0,1,0,5,0,0,0,1,1,0,2,1,1,2,4,2,1,0,0,1,0,0,1,3,2,0,0,0,0,0,0,1,0,0,2,0,1,1,2,0,0,2,2,0,3,0,0,2,1,2,2,2,6,2,1,2,0,10,2,0,0,1,1,3,0,2,2,1,0,2,0,0,0,1,3,3,1,3,4,0,2,8,0,0,0,1,1
TG,AC,0,0,1,1,0,1,0,2,12,1,2,0,0,0,1,0,0,0,0,4,0,0,0,2,21,0,2,0,0,0,0,0,0,0,0,1,1,0,2,0,0,1,0,0,0,0,1,0,0,0,0,0,0,0,0,2,1,0,0,1,0,0,2,0,0,0,5,3,1,0,0,1,0,0,2,0,0,0,16,1,1,1,1,0,0,0,1,1,0,0,0,1,0,0,0,0,0,0,0,0,1,0,4,0,0,2,0,1,0,0,0,0,0,2,20,2,6,0,1,0,0,0,0,2,0,0,1,0,0,4,0,2,1,0,0,0,0,0,0,0,0,0,5,0,0,5,0,7,0,0,0,3,1,0,0,0,0,0,0,1,0,0,0,0,0,1,0,0,0,1,0,1,1,0,0,1,0,0,0,3,10,0,1,1,0,0,10,0,0,1,0,0,0,0,0,0,1,0,1,0,1,1,2,1,0,0,0,0,1,0,0,0,0,6,0,0,0,0,0,2,0,0,0,0,0,0,0,2,0,0,2,1,0,1,0,0,0,1,0,2,0,0,3,0,0,0,0,0,0,0,0,0,0,0,2,2,0,0,2,0,0,0,0,0,0,0,3,0,1,18,0,1,0,0,0,0,0,0,0,0,0,0,0,0,1,0,0,0,0,0,0,0,0,3,1,0,1,0,0,1,0,0,0,0,0,0,0,1,1,2,4,1,0,0,0,1,0,0,0,10,0,0,0,1,0,0,0,0,0,0,0,0,0,1,0,8,1,0,5,0,0,1,0,0,0,0,0,0,0,1,0,0,0,0,2,0,0,0,0,0,0,0,1,8,1,0,1,1,2,0,0,0,2,1,0,0,1,0,1,0,0,0,0,1,1,13,0,1,0,0,1,0,0,1,1,0,1,1,0,1,0,0,0,0,2,1,1,0,1,0,5,0,0,0,0,0,1,1,0,0,1,11,2,0,0,0,0,1,0,0,0,0,0,3,0,0,0,2,0,0,0,0,0,0,0,0,0,1,0,0,0,1,0,1,0,0,0,0,6,2,1,0,0,0,10,0,1,0,0,0,3,0,0,0,0,3,0,0,0,0,3,5,2,1,0,0,2,1,23,1,1,3,0,0
TG,AT,1,4,4,0,1,1,2,8,41,8,3,0,4,2,1,6,4,5,2,7,1,0,3,8,85,1,13,1,4,4,1,10,1,3,3,2,7,0,9,1,0,5,0,3,1,2,5,1,0,3,0,4,0,4,0,9,0,2,2,2,3,2,2,6,1,5,9,9,1,3,0,2,1,2,11,1,0,1,28,3,3,4,1,0,1,3,0,5,2,6,2,3,1,1,5,0,0,0,1,1,2,5,9,2,4,2,2,1,1,1,1,4,0,2,68,6,20,0,6,0,3,4,9,23,1,4,7,1,0,9,0,9,1,1,2,4,4,3,2,4,3,1,11,3,0,16,0,15,1,1,3,13,1,7,1,3,4,3,1,1,9,0,0,2,1,0,5,6,2,0,5,2,2,3,2,1,1,1,0,7,32,1,1,3,1,6,15,23,0,0,9,5,4,1,4,1,4,1,4,4,6,0,8,3,3,13,7,4,7,0,3,2,3,6,2,2,1,0,6,6,1,0,0,1,4,2,7,6,0,6,4,1,2,5,7,3,1,4,3,9,2,5,14,0,1,1,5,4,0,4,2,0,2,7,7,16,1,1,4,3,1,4,1,0,2,1,12,4,2,38,11,6,1,2,1,9,1,0,8,4,3,1,0,5,1,4,3,0,1,2,0,3,2,6,3,1,5,3,8,1,1,1,1,0,0,2,0,5,3,2,12,1,13,1,0,3,2,6,2,29,1,3,1,5,4,0,0,12,0,5,7,1,2,5,1,15,2,2,4,2,0,4,0,2,3,1,2,1,2,3,2,0,4,1,10,0,0,0,5,2,0,0,4,13,2,1,1,8,7,2,1,1,13,2,5,0,21,1,1,4,2,5,5,8,4,21,4,5,0,1,0,2,1,2,3,1,1,4,2,5,4,0,1,3,11,1,1,2,4,0,10,2,0,0,0,1,4,3,2,4,6,31,14,0,9,2,0,1,0,1,4,5,0,8,0,0,2,8,0,3,3,5,2,2,2,5,0,3,0,5,0,4,1,1,5,2,4,1,7,3,0,1,8,1,31,12,6,1,3,2,12,0,1,3,1,0,1,0,2,1,8,24,7,0,7,3,13,1,52,5,2,10,1,2
TG,CA,0,1,0,0,0,0,0,0,1,1,0,0,1,1,0,1,3,0,1,0,0,1,1,0,0,0,1,0,0,0,0,3,0,0,0,1,2,0,0,0,0,0,0,1,0,1,0,1,0,0,1,0,0,0,0,0,0,0,0,1,1,0,0,0,1,0,0,0,0,0,0,1,1,0,1,0,0,1,1,1,0,0,0,0,0,0,0,1,0,1,0,0,0,0,0,0,0,0,0,0,0,0,1,0,2,0,0,0,0,0,0,0,0,0,2,0,0,0,1,0,0,0,1,0,0,0,1,0,0,0,0,1,0,0,0,0,0,0,0,0,0,0,1,0,1,3,0,0,0,1,1,1,0,0,0,0,0,0,0,0,0,1,1,0,0,0,2,1,1,0,0,1,0,0,0,1,0,0,0,0,0,0,1,0,0,2,0,1,0,0,0,1,1,1,1,0,1,0,1,1,1,0,0,1,0,0,1,0,0,0,0,0,0,0,0,0,0,0,0,1,0,0,0,0,0,0,1,1,0,0,0,0,0,1,0,0,0,0,0,0,0,1,0,0,2,0,0,0,1,0,0,0,1,2,0,0,0,1,0,1,1,0,0,0,1,0,1,0,0,1,0,0,0,0,0,1,0,0,1,0,0,0,0,0,1,0,0,0,0,0,1,1,0,0,0,0,0,0,1,1,0,0,0,0,0,0,0,0,1,2,0,0,1,0,0,0,0,0,1,1,0,0,1,1,0,1,0,0,0,0,1,0,0,0,1,1,1,0,1,1,0,0,0,0,0,0,0,0,0,0,0,0,0,0,2,0,0,0,4,2,0,0,0,0,0,0,0,0,1,0,0,0,1,0,0,0,3,0,0,0,2,0,1,1,2,0,1,1,0,0,0,1,0,1,0,0,0,0,1,1,0,0,0,0,1,1,0,1,1,0,0,0,0,0,0,0,1,0,0,0,0,0,1,1,0,0,2,2,0,0,2,1,0,0,1,0,0,0,0,1,0,0,0,1,0,0,0,0,0,0,0,0,0,0,0,0,0,0,0,0,1,0,2,0,0,1,0,1,1,0,1,0,1,0,0,0,0,0,1,0,2,0,0,0,0,1,0,0,0,0,1,1,0,1
TG,CC,0,0,0,0,0,0,0,1,0,0,1,0,0,0,0,0,1,0,0,1,0,0,0,0,0,0,0,0,0,0,0,0,0,1,0,0,0,0,0,0,0,0,0,0,0,0,0,1,0,1,1,0,0,0,0,1,0,0,0,0,0,0,0,0,1,0,0,0,0,2,0,0,1,0,0,0,1,0,0,0,0,0,0,0,0,0,0,0,0,0,0,0,0,0,0,1,0,0,0,0,0,0,0,0,0,0,0,1,0,0,0,0,0,0,1,0,0,0,0,0,0,0,0,0,0,0,0,0,0,0,0,0,0,1,0,1,0,0,1,0,0,0,1,0,0,3,0,0,0,0,0,1,0,0,0,0,1,0,0,0,0,0,0,0,0,0,0,0,0,0,1,0,1,0,0,0,0,0,0,0,1,0,0,0,0,0,3,0,0,0,0,0,0,0,0,0,0,0,0,0,0,0,0,0,0,0,0,1,0,0,0,0,1,0,1,0,0,0,0,0,0,0,0,0,0,0,0,0,0,0,0,0,0,0,0,0,0,0,0,0,0,0,1,0,1,0,0,0,0,1,0,0,0,0,2,1,0,0,0,1,0,0,0,0,0,0,0,0,0,0,0,2,0,0,0,0,0,0,0,0,1,0,0,0,0,0,1,0,0,0,0,0,0,0,0,0,0,0,0,0,0,0,0,0,0,0,0,1,0,0,1,0,0,0,0,1,0,0,0,0,0,0,0,0,0,0,0,1,0,0,2,0,0,0,0,0,0,0,0,0,0,1,0,1,1,0,0,0,0,0,0,0,0,0,0,0,0,0,0,0,0,0,0,1,0,0,0,0,1,1,0,0,0,0,0,0,0,0,0,1,0,0,1,0,0,0,0,0,1,0,0,0,0,0,1,1,0,0,0,0,0,0,0,0,0,0,0,0,0,0,0,0,0,0,0,1,0,0,0,0,0,2,0,1,0,1,1,0,0,0,2,0,0,0,0,0,0,0,1,1,0,0,0,0,1,0,0,1,0,0,0,0,0,0,0,0,0,0,0,1,0,0,0,0,0,0,0,0,0,0,0,0,0,0,0,0,0,0,0,0,1,0,0,0,0,0,0,0,1,1,0,0,0,0
TG,CT,1,2,7,1,1,2,3,4,7,4,1,0,6,2,2,9,2,1,1,5,2,1,4,4,6,0,6,1,8,1,1,6,1,3,3,3,8,0,3,1,1,3,0,2,2,1,3,4,4,4,1,0,1,3,3,3,4,2,1,1,0,5,2,7,5,4,4,7,1,0,0,1,2,0,4,0,1,4,6,3,1,3,1,2,1,2,0,4,2,3,3,5,5,2,2,4,2,1,1,0,2,5,3,1,5,3,4,4,0,1,1,1,0,6,14,6,10,0,3,0,3,2,7,17,2,5,0,1,1,1,0,2,1,1,2,5,1,4,2,0,1,0,9,8,2,6,0,1,0,0,0,1,5,1,2,3,0,3,0,4,3,1,1,4,1,1,4,2,4,0,8,8,1,1,2,2,0,2,0,1,4,0,1,3,1,3,9,18,1,0,5,4,1,2,9,1,4,2,3,0,5,0,6,2,1,6,0,1,7,1,1,2,3,2,5,4,0,0,3,6,2,2,2,2,0,1,3,7,1,5,5,6,2,3,12,0,1,3,2,3,2,0,17,4,3,0,7,1,1,3,2,2,1,5,5,8,1,2,5,2,8,2,3,0,3,2,9,2,3,1,6,8,0,0,0,1,1,3,9,5,0,3,0,8,1,7,2,7,2,2,2,1,4,5,2,2,2,2,3,1,0,2,1,1,3,2,0,7,1,3,5,0,6,2,0,4,1,2,0,3,0,3,2,0,2,1,0,6,1,3,0,2,0,5,1,7,0,3,1,1,0,2,0,1,3,2,0,4,12,1,5,3,3,0,3,1,1,1,5,12,0,0,3,2,3,3,0,4,2,1,1,2,5,3,8,3,2,2,1,3,3,0,5,4,4,4,5,4,1,4,0,0,1,1,3,4,1,2,3,2,0,4,0,1,10,4,1,4,3,0,2,2,0,0,3,2,4,5,1,5,2,2,2,1,2,1,0,14,0,2,4,3,1,7,1,0,2,2,0,0,0,3,1,2,3,5,1,4,0,3,0,3,1,1,1,1,3,2,4,1,1,0,5,0,1,7,1,0,1,0,2,0,2,4,1,0,7,1,5,1,2,7,5,2,3,7,4,1,10,3,0,2,2,3
TG,GA,0,1,0,1,0,2,0,3,16,1,3,0,0,0,0,0,3,1,0,2,1,0,1,2,27,0,4,0,1,0,2,3,0,0,0,1,2,0,3,0,0,1,0,0,0,0,2,2,0,0,0,0,0,1,1,3,0,1,0,0,2,1,1,0,0,0,2,0,0,0,0,0,1,0,0,0,1,1,5,0,0,1,0,1,0,0,0,2,0,1,0,1,0,0,1,0,1,0,0,0,0,0,2,0,1,1,3,0,0,0,0,0,0,1,22,2,4,0,0,0,1,0,2,5,0,3,1,1,0,3,1,2,0,1,0,1,0,0,0,0,1,1,4,1,0,3,0,4,0,0,1,1,0,0,1,0,0,0,1,1,2,0,0,1,0,0,1,2,2,0,1,3,0,0,0,2,0,0,0,1,4,0,0,1,0,1,0,1,0,2,2,0,1,0,0,1,1,0,0,3,0,1,0,0,0,0,0,0,1,0,1,0,1,2,1,1,0,0,1,0,0,1,0,0,0,0,0,4,0,1,1,1,1,1,0,0,0,0,0,2,0,1,3,1,0,0,2,1,0,1,0,0,1,2,1,5,0,1,0,1,0,1,1,0,0,0,1,0,2,9,0,1,0,0,0,0,0,1,1,1,3,0,2,1,1,0,0,1,0,0,0,2,0,7,0,0,2,0,3,0,0,0,0,0,0,0,0,0,2,1,3,0,0,0,4,2,0,0,0,10,0,1,2,1,1,1,0,1,0,0,4,0,0,1,1,5,1,1,3,0,0,0,0,0,3,1,0,0,0,1,0,0,1,0,2,0,0,0,0,0,0,0,0,1,0,1,0,1,2,0,0,1,3,0,0,0,5,0,1,1,0,1,2,0,0,7,1,1,0,0,0,0,0,0,0,2,0,0,1,1,1,0,0,0,2,1,2,1,1,0,3,0,0,0,1,1,1,1,0,1,2,2,0,0,1,0,0,1,0,2,3,1,1,1,0,0,0,3,0,3,0,2,0,0,0,0,0,1,0,0,1,3,0,3,0,0,0,1,3,2,1,0,2,0,6,1,0,0,0,0,2,0,1,0,0,1,1,0,0,0,0,5,1,1,0,4,0,0,12,2,0,1,0,0
TG,GC,0,0,1,0,0,0,0,0,3,1,0,0,0,0,0,0,0,0,1,0,0,0,0,0,4,0,0,0,0,0,1,0,0,2,0,0,0,0,0,0,0,1,0,0,0,0,0,0,0,0,0,0,0,0,0,1,0,0,0,0,0,0,0,0,0,0,0,0,0,0,0,0,0,0,1,0,0,0,0,0,0,0,0,0,0,0,0,0,0,1,0,1,0,0,0,0,0,0,0,0,0,0,0,1,0,0,1,0,0,0,0,1,0,0,2,0,0,0,0,0,0,0,0,1,0,0,0,0,0,0,0,0,0,0,0,0,0,1,0,0,0,0,0,0,0,0,1,1,0,0,0,1,0,1,0,0,0,1,0,0,0,0,0,0,0,0,0,0,1,0,0,0,0,0,0,0,0,0,0,0,0,0,1,0,0,0,0,0,0,0,1,1,1,0,0,1,1,1,0,0,0,0,0,0,0,0,0,0,0,0,0,0,1,1,1,0,0,0,0,0,0,0,0,0,0,0,0,1,0,0,0,0,0,1,0,0,0,0,0,1,0,0,0,0,0,0,0,0,1,0,0,0,0,0,0,0,0,0,0,0,1,0,0,0,0,0,1,0,0,0,0,0,0,0,0,0,0,0,0,0,0,0,0,0,0,0,0,0,0,0,0,0,0,0,0,0,0,1,0,0,0,0,0,0,0,1,1,2,3,0,0,0,0,0,0,0,0,0,0,3,0,0,0,0,0,0,0,0,0,0,0,0,0,0,0,0,0,0,0,0,0,0,0,0,0,0,1,0,0,0,0,0,0,0,1,0,0,0,0,0,0,0,0,0,0,0,0,0,0,0,0,0,0,0,1,0,0,0,0,0,0,0,2,1,1,0,0,0,0,0,0,0,0,1,0,1,0,0,0,0,0,0,1,0,0,0,0,0,0,0,0,0,0,0,1,1,0,0,0,0,0,0,0,1,0,0,0,0,0,1,0,0,0,0,0,0,0,0,0,1,0,1,0,0,0,0,0,0,0,0,0,0,0,1,1,0,0,0,0,0,1,0,0,0,0,0,0,0,0,2,0,0,0,0,0,0,0,0,0,0,0,2,0,0,0,0,0,0,4,1,0,0,0,0
TG,GT,1,2,1,0,2,1,0,1,3,0,1,0,5,0,2,2,8,1,1,2,2,0,1,1,3,1,5,1,2,1,1,6,0,0,0,0,3,1,4,0,0,1,0,1,0,0,3,2,0,2,1,4,0,0,2,1,0,2,1,1,1,2,0,3,0,1,3,0,0,0,0,1,0,1,6,1,1,2,4,1,1,1,0,0,2,1,1,7,1,4,1,3,0,1,2,1,2,0,4,0,4,1,0,2,6,1,1,2,0,2,0,1,0,1,13,7,3,0,0,0,4,1,1,10,1,0,1,1,2,0,1,1,0,0,1,0,0,1,0,2,2,1,5,3,0,3,0,2,1,1,2,0,2,5,2,0,1,4,3,4,1,0,1,1,2,0,1,3,4,1,2,2,0,1,1,2,0,0,0,1,1,1,0,1,0,2,3,2,0,1,4,3,0,2,6,2,1,0,0,1,1,0,2,2,0,2,1,1,2,0,1,2,2,1,0,2,1,1,3,3,0,1,1,1,1,0,4,1,0,2,7,0,2,4,5,1,0,1,1,0,1,0,7,1,2,0,6,2,2,2,1,1,0,1,1,2,2,3,2,0,0,0,2,0,0,0,3,1,0,6,1,1,0,1,1,1,1,1,4,0,0,1,1,1,1,1,4,1,0,1,1,0,3,1,2,0,1,0,1,3,1,1,1,0,2,0,0,1,0,2,1,0,4,1,1,2,1,1,0,6,1,2,1,1,0,0,0,1,1,2,1,2,0,4,2,3,1,0,1,0,1,2,0,0,4,0,0,1,4,0,1,0,0,3,2,0,1,1,1,2,0,0,0,3,1,0,0,0,1,0,1,0,3,1,1,0,4,1,1,4,1,1,6,1,1,6,2,2,0,1,1,2,1,0,0,2,0,3,0,0,0,0,0,0,2,0,1,3,2,0,1,5,0,0,0,2,2,1,1,1,3,3,0,2,0,1,0,2,0,0,1,3,0,1,0,0,0,1,0,0,1,0,0,4,1,0,2,3,1,1,0,1,1,0,4,0,3,2,1,2,5,0,1,0,4,5,5,2,0,0,1,0,1,3,0,1,0,1,1,0,7,5,5,1,1,2,3,1,8,3,3,1,1,0
TT,AA,0,2,1,1,4,3,1,3,26,1,5,0,0,3,3,2,5,2,2,5,2,1,1,2,50,1,5,0,2,1,2,7,0,2,0,0,0,0,4,3,1,1,0,3,2,3,1,2,0,0,2,0,0,0,1,3,1,1,0,1,1,5,0,0,2,0,1,4,2,0,0,0,2,1,3,0,1,2,19,3,5,0,0,0,0,0,2,1,0,10,0,2,0,0,1,0,1,0,1,0,0,0,5,2,6,1,1,2,1,0,1,3,0,1,48,3,14,0,3,0,2,0,4,5,1,3,8,0,1,5,0,6,1,1,2,2,1,0,3,1,2,0,3,2,0,12,0,11,0,0,2,7,1,3,1,0,4,2,1,5,2,0,1,1,3,0,0,2,3,1,1,0,2,2,3,4,1,1,0,4,20,3,0,0,0,1,11,5,0,4,4,0,0,1,1,0,5,2,2,3,2,1,2,1,0,3,0,0,4,0,0,0,3,5,0,1,0,0,2,0,1,1,0,0,0,1,2,9,0,4,1,0,4,0,3,4,0,1,1,5,1,2,1,0,1,1,3,1,3,0,1,0,3,3,6,8,1,1,2,1,1,2,1,0,1,1,3,2,2,18,5,4,0,0,0,3,2,5,4,1,1,1,0,2,0,4,4,2,1,1,1,2,3,5,1,1,2,1,3,1,1,1,0,1,3,0,1,0,3,3,10,0,0,0,0,2,0,1,1,6,0,4,2,1,1,1,0,10,0,0,2,2,0,2,2,15,0,0,4,3,0,0,0,2,1,0,0,4,0,1,0,1,0,1,6,0,1,0,0,2,0,0,5,4,0,0,0,3,6,0,0,1,1,1,4,2,14,0,5,0,0,2,2,6,4,11,0,2,0,0,0,0,0,1,2,2,0,3,0,3,1,0,1,2,12,3,0,1,1,0,12,0,0,2,2,0,1,2,0,8,0,11,6,0,2,2,0,0,0,1,1,4,0,1,2,0,2,2,1,0,1,2,1,1,1,0,0,1,0,1,0,1,0,3,4,0,1,1,2,3,4,1,1,0,24,4,0,0,0,1,7,0,2,0,1,0,1,0,1,1,6,20,8,4,2,7,2,3,44,0,1,4,1,0
TT,AC,0,0,2,0,0,0,0,0,5,1,0,0,1,0,0,0,1,0,0,1,1,1,0,0,4,0,0,0,0,0,0,1,1,0,0,1,0,0,0,0,0,0,0,0,0,0,0,0,0,1,0,0,0,0,1,1,0,0,1,1,0,0,1,1,0,0,1,0,0,0,0,1,0,0,0,0,0,1,1,0,1,0,1,0,0,1,0,1,0,1,0,1,0,0,1,0,0,0,1,1,0,1,1,0,0,0,1,0,0,0,1,0,0,0,4,2,0,0,2,0,0,0,1,0,0,2,1,0,0,0,0,0,1,0,0,0,0,0,0,0,0,0,0,0,0,2,0,2,0,0,0,1,0,1,0,0,0,0,0,0,0,1,0,0,1,0,1,1,0,0,1,0,0,0,0,0,1,0,0,0,2,0,0,1,1,0,1,0,0,0,0,0,0,0,0,0,1,1,0,0,0,0,0,0,0,1,0,0,1,0,0,0,1,0,0,1,0,0,1,1,0,0,0,0,0,0,1,1,0,0,0,1,0,0,1,0,0,0,0,0,0,0,0,0,1,0,0,0,1,0,0,0,0,0,3,0,0,0,0,0,2,2,0,0,0,0,2,0,0,4,1,0,0,0,0,0,0,0,0,0,0,0,0,0,0,0,1,1,0,0,1,0,1,1,0,0,1,1,0,0,0,0,0,0,0,0,0,1,0,0,1,0,0,0,0,0,0,1,1,4,0,0,1,0,0,1,0,0,0,2,0,0,1,2,0,1,0,0,0,0,1,1,0,2,0,0,0,0,0,0,0,0,1,0,1,1,0,1,1,0,0,0,0,1,0,1,0,0,1,1,0,0,0,0,1,0,0,0,0,0,1,0,0,1,0,0,0,0,0,1,0,0,0,2,2,0,0,0,0,0,0,0,0,0,0,0,0,1,1,0,1,0,0,1,0,0,0,1,0,0,1,2,5,0,0,0,0,2,0,0,0,0,0,0,0,0,0,0,0,0,1,0,0,1,0,0,0,0,0,0,0,0,0,0,0,0,1,1,0,0,0,0,0,0,2,1,0,0,1,0,1,0,0,0,0,0,0,0,0,0,1,2,1,0,0,0,3,0,8,0,1,2,0,0
TT,AG,0,0,0,0,0,1,0,3,6,0,0,0,0,1,0,0,1,0,1,2,1,0,1,0,9,0,3,1,0,0,0,1,0,1,0,1,0,0,0,0,0,0,0,1,0,0,0,1,1,0,0,0,0,0,1,0,0,0,0,0,1,0,1,0,1,0,1,0,0,0,0,0,0,0,1,0,0,0,1,0,1,1,0,0,0,0,0,0,0,2,0,0,0,0,1,0,1,0,0,0,0,1,0,0,0,0,0,1,0,0,0,0,0,1,11,0,1,0,1,0,0,0,0,1,0,2,2,1,0,2,0,0,0,0,0,0,0,0,0,0,0,1,0,0,0,5,0,0,0,0,0,0,1,0,0,0,1,1,0,3,2,0,0,0,0,0,1,0,0,0,0,0,0,0,0,1,0,0,0,0,3,0,0,0,0,0,1,2,0,0,3,0,1,1,0,0,1,0,2,0,0,0,0,0,0,0,0,0,1,0,0,0,2,0,0,0,0,0,0,2,0,1,0,1,0,0,1,1,0,1,0,0,1,1,0,0,0,0,0,1,0,1,0,0,0,0,0,1,1,0,1,0,0,0,1,1,0,0,0,0,0,0,1,0,0,0,2,0,0,3,1,2,0,1,0,1,0,1,1,1,0,0,0,0,0,0,1,0,1,0,0,0,0,3,1,0,3,0,0,0,0,0,0,0,0,0,0,0,0,0,0,0,1,0,1,0,0,0,0,2,0,0,2,0,0,0,0,1,0,0,0,0,0,0,2,2,0,0,2,0,0,0,0,0,2,1,1,0,1,0,0,0,1,0,0,0,0,1,0,1,0,0,0,0,0,0,0,0,2,0,0,0,1,0,0,0,3,0,1,0,0,0,0,1,0,2,0,0,0,0,0,0,1,0,0,0,0,1,0,0,0,0,0,0,1,1,0,0,0,0,2,0,0,0,1,0,0,0,0,0,1,2,0,1,1,0,0,2,0,0,1,1,0,0,0,0,0,0,0,0,0,0,0,1,1,0,0,0,0,0,0,0,0,0,0,0,0,0,2,0,0,0,0,0,3,1,0,0,1,0,0,0,0,0,1,1,1,0,1,1,2,0,1,0,2,2,0,0,7,0,0,1,0,0
TT,CA,0,0,1,1,0,1,0,0,1,0,0,0,0,0,0,0,4,0,0,0,0,1,0,0,1,1,0,0,0,0,0,0,0,0,0,0,0,0,0,0,0,0,0,0,0,0,0,0,1,0,0,1,0,1,0,1,0,0,1,0,0,0,0,0,1,0,2,0,0,0,0,0,0,1,0,0,0,1,1,0,1,1,1,0,0,0,0,1,0,0,0,1,0,0,1,0,0,0,0,0,0,1,0,0,0,0,0,0,0,0,0,0,0,0,2,0,0,0,0,0,0,0,0,1,0,0,2,0,0,0,0,0,0,0,0,0,0,0,0,0,0,0,0,0,0,0,0,0,0,0,0,0,0,0,0,1,0,0,0,1,0,1,0,0,0,0,1,0,0,0,0,0,0,0,1,0,0,0,0,0,0,0,0,0,0,0,1,0,0,0,0,0,0,0,0,1,0,0,0,0,0,0,0,0,0,0,0,1,0,0,1,1,1,0,0,0,0,0,1,1,0,0,0,0,0,1,0,0,0,0,3,0,0,0,0,0,0,0,0,1,0,0,0,1,0,0,0,0,0,0,0,0,0,0,0,0,0,0,0,1,0,2,0,0,0,0,0,0,0,2,0,0,0,1,0,0,1,0,1,2,0,0,0,1,0,0,0,0,0,0,1,0,0,0,0,0,0,0,0,0,0,0,1,0,1,0,0,0,0,0,0,0,0,0,1,0,0,0,0,1,1,0,0,0,0,0,0,0,0,0,2,0,0,0,0,0,0,0,0,0,0,0,0,1,0,0,0,0,0,0,0,0,0,1,0,0,0,0,0,0,0,0,0,0,0,0,0,0,0,0,0,0,0,0,0,0,0,0,0,0,1,0,0,0,0,0,0,0,0,0,0,0,0,0,0,2,0,0,0,1,0,0,0,0,0,0,0,0,1,0,1,0,0,0,1,0,0,0,0,0,1,1,0,0,0,0,0,0,0,1,1,0,0,1,0,0,0,0,2,0,0,0,0,1,1,0,0,0,0,0,0,0,0,1,0,0,0,1,0,0,0,0,1,0,1,0,0,0,0,0,0,0,0,0,0,0,0,0,0,0,0,0,0,1,0,1,0,0,1,1,0,0,1,0
TT,CC,0,0,0,0,0,0,1,0,0,0,1,0,0,0,0,0,3,0,0,0,1,0,0,0,0,0,0,0,0,0,0,0,0,0,1,0,0,0,0,1,0,0,0,0,0,0,0,0,0,0,0,0,0,0,0,0,0,0,0,0,0,0,0,0,0,0,0,0,0,0,0,0,1,0,0,0,0,0,0,0,0,0,0,0,0,0,0,0,0,0,0,0,0,1,0,0,0,0,0,0,0,0,0,0,1,0,0,0,0,0,0,0,0,0,0,0,0,0,0,0,0,0,0,0,0,1,0,0,0,0,0,0,0,0,0,0,0,0,0,0,0,0,0,0,0,0,0,0,0,0,0,1,0,1,0,0,0,0,0,1,0,0,0,0,0,0,0,0,0,0,0,0,0,0,0,0,0,0,0,0,0,0,0,0,1,1,0,1,0,0,1,0,0,0,0,0,0,0,0,0,0,0,1,0,0,0,0,0,1,0,0,0,0,0,0,1,0,0,0,0,0,0,0,0,0,0,0,0,0,0,0,0,0,0,0,0,0,0,0,1,0,0,0,0,1,0,0,0,0,0,0,0,0,0,0,0,0,2,2,0,0,1,0,0,0,0,0,0,0,0,0,0,1,0,0,0,0,0,1,0,0,1,1,0,0,1,0,1,0,0,0,0,0,0,0,0,0,1,0,0,0,0,0,0,0,0,0,0,0,0,1,0,0,0,0,0,0,0,1,0,0,0,0,0,0,0,0,0,0,0,0,1,0,0,0,1,0,0,0,0,0,0,0,0,0,1,0,1,0,0,1,0,0,0,0,0,0,0,1,0,0,0,0,1,0,0,0,0,0,0,0,0,0,0,0,0,0,0,0,0,0,0,0,1,1,0,0,0,0,0,0,0,0,0,0,0,0,0,0,1,1,0,0,0,0,0,1,0,0,0,0,1,0,0,0,0,0,0,0,0,0,0,0,0,0,0,0,0,0,0,0,0,0,1,0,0,0,0,0,0,0,0,0,1,0,0,0,0,0,0,0,1,0,0,0,0,0,1,0,0,0,0,0,0,0,1,0,0,0,0,0,0,0,0,0,0,0,0,0,0,0,1,0,0,0,1,0,0,0,0,1,0,1,0
TT,CG,0,0,0,0,0,0,0,0,0,0,1,0,0,0,0,0,1,0,0,0,0,0,0,0,0,0,0,0,0,0,0,0,0,0,0,0,0,0,0,0,0,0,0,0,0,0,0,0,1,0,0,0,0,0,0,0,0,0,0,0,0,0,0,0,0,0,1,0,0,0,0,0,0,0,0,0,0,0,0,0,1,0,0,0,0,0,0,0,0,0,0,0,0,0,0,0,0,0,0,0,0,1,0,0,0,0,0,0,0,0,0,0,0,0,0,0,0,0,0,0,0,0,0,0,0,0,0,0,0,0,0,0,0,0,0,0,0,0,0,0,0,0,1,0,0,0,1,0,0,1,0,0,0,1,1,0,0,0,0,0,0,0,0,0,0,0,1,1,0,0,0,0,0,0,0,0,0,0,0,0,0,0,0,0,0,0,0,0,0,0,0,0,0,0,0,0,0,0,0,0,0,0,0,0,0,0,0,0,0,0,0,0,0,0,0,0,0,0,0,0,0,0,1,0,0,0,0,1,0,0,0,0,0,1,0,0,0,0,1,0,0,0,0,0,0,0,0,0,0,0,0,0,0,0,0,0,0,0,0,0,0,0,0,0,0,0,0,0,0,0,0,0,0,0,0,0,0,0,0,0,0,0,0,0,0,0,0,0,0,0,0,0,0,0,0,0,0,0,0,0,0,1,0,0,0,0,0,0,0,0,0,0,0,2,0,0,1,0,0,0,0,0,0,0,0,0,0,0,0,0,0,0,0,0,0,0,0,0,0,0,0,0,0,0,0,0,0,0,0,0,0,0,1,0,0,0,0,0,1,0,0,0,0,0,0,0,0,0,0,0,0,0,0,0,0,0,0,0,0,0,0,0,0,0,0,0,0,0,0,0,0,0,0,0,0,0,0,0,0,0,0,0,0,0,0,0,1,0,0,0,0,0,0,0,0,0,0,0,0,0,0,0,0,0,0,0,0,0,0,0,0,0,0,0,0,0,0,0,0,0,0,0,0,0,0,0,0,0,0,0,0,0,0,0,0,0,0,0,0,0,0,0,0,0,0,0,0,0,0,0,0,0,0,0,0,0,0,0,0,0,0,0,0,0,0,0,0,0,0,0,0,0,0,0
TT,GA,0,0,0,1,0,0,0,0,1,0,0,0,0,0,0,0,0,0,0,0,0,0,0,1,2,0,0,0,1,1,0,0,0,0,0,0,0,0,0,0,0,0,0,1,0,0,0,0,0,0,0,0,0,0,0,0,0,0,1,0,0,1,0,0,1,1,0,1,0,0,0,0,0,0,1,0,0,0,0,0,0,0,0,0,0,0,1,0,0,0,0,0,0,0,0,0,0,0,0,0,0,0,0,0,0,0,0,0,0,0,0,0,0,0,1,1,0,0,0,0,0,0,1,0,0,1,0,0,0,0,0,0,0,0,0,0,0,1,0,1,0,0,1,0,0,2,0,0,0,0,0,0,0,0,0,0,0,0,0,0,0,1,0,0,0,0,0,0,0,0,0,0,0,0,0,0,0,0,0,1,1,0,0,0,0,0,0,1,0,0,0,0,0,0,1,0,0,0,0,0,0,0,1,0,0,0,0,0,1,0,0,0,0,0,0,0,0,0,1,1,0,0,0,0,0,0,0,0,0,1,1,0,0,0,0,0,1,1,0,0,0,0,0,0,0,0,1,0,0,0,0,0,0,0,1,0,0,0,1,0,0,0,0,0,1,0,0,0,0,1,0,0,0,0,0,1,0,0,0,1,0,0,0,0,0,0,0,0,0,0,0,0,0,1,0,0,1,0,0,0,0,0,0,0,0,0,1,1,0,0,0,0,1,0,0,0,0,0,0,1,0,0,0,0,0,0,0,0,0,0,0,2,0,0,0,0,0,0,0,1,0,0,0,0,0,0,0,0,0,0,0,0,1,0,0,0,0,0,0,0,0,0,0,0,0,0,0,0,0,1,0,0,0,0,0,0,1,0,0,1,1,1,0,0,0,0,0,1,0,0,0,0,0,0,0,0,0,0,0,0,0,0,0,1,2,0,0,0,0,0,0,0,0,0,0,0,0,0,0,0,0,0,0,0,0,0,0,0,0,1,0,0,0,0,0,0,1,0,0,0,0,0,0,1,0,0,0,0,0,0,0,0,0,0,0,0,1,0,0,0,2,0,0,1,1,0,0,0,0,0,0,0,0,0,0,1,1,0,0,0,0,1,0,0,0,0,0,0,2,0,0,0,1,0
TT,GC,0,0,0,0,1,0,0,0,0,0,1,0,0,1,0,0,0,0,0,1,0,0,0,0,0,0,0,0,0,0,0,0,0,0,0,0,0,0,0,0,0,0,0,0,0,1,0,0,0,0,0,0,0,0,0,0,0,0,0,0,0,0,0,0,1,0,0,0,0,0,0,0,0,0,0,0,0,0,1,0,0,0,0,0,0,0,0,1,0,0,0,0,1,0,0,0,0,0,0,0,0,0,0,0,0,0,0,1,0,1,0,0,0,0,0,0,1,0,0,0,0,0,0,0,0,0,1,0,0,1,0,0,0,0,0,0,0,0,0,0,1,0,1,2,0,0,0,0,0,0,0,0,0,0,0,0,0,0,0,0,0,0,0,0,0,0,0,0,1,0,2,0,0,1,0,1,0,0,0,0,0,0,1,0,0,0,0,0,0,0,0,0,1,0,0,0,0,0,0,0,0,0,0,0,0,1,0,0,0,1,0,1,0,0,0,0,0,0,1,0,0,0,0,0,0,0,0,0,0,0,0,0,0,1,0,0,0,0,0,0,0,0,0,1,2,0,0,0,0,0,0,1,0,1,0,0,0,0,0,0,0,0,0,0,0,0,0,0,0,0,0,1,0,0,0,0,0,0,0,0,0,0,0,0,0,0,0,0,0,0,0,0,0,0,0,0,1,0,0,0,0,0,0,0,1,0,1,0,0,0,0,0,0,1,2,0,0,0,0,0,0,0,0,0,0,0,0,0,1,0,0,0,1,2,0,0,0,0,0,0,0,0,0,0,0,0,0,0,0,0,1,0,0,0,1,0,0,0,0,1,0,0,0,0,0,1,0,0,0,0,0,0,1,0,0,0,0,0,0,0,2,0,0,0,0,1,0,0,0,0,0,2,0,1,0,1,0,0,1,0,0,1,0,0,0,0,0,0,0,0,1,1,0,1,0,0,0,0,0,1,0,0,0,0,0,0,0,0,0,0,0,1,0,0,0,0,0,0,0,0,0,0,0,0,0,0,0,0,0,0,0,1,0,0,0,0,0,0,0,0,0,0,0,0,0,0,0,0,0,0,0,0,0,0,0,0,1,0,0,0,0,0,0,0,0,1,0,0,0,0,1,0,0,0
TT,GG,0,0,0,0,0,0,0,0,0,0,0,0,0,0,0,0,0,1,0,0,0,0,0,0,0,0,0,0,0,0,0,0,0,0,0,0,0,0,0,0,0,0,0,0,0,0,0,0,0,0,0,0,0,1,0,0,0,0,0,0,0,0,0,0,0,0,0,0,0,0,0,0,0,0,0,0,0,0,0,0,0,0,0,0,0,0,0,0,0,0,0,0,0,0,0,0,0,0,0,0,0,0,0,0,0,0,0,0,0,0,0,0,0,0,0,0,0,0,0,0,0,0,1,0,0,1,0,0,0,0,0,0,0,0,0,0,0,0,0,0,0,0,0,2,0,0,0,0,0,0,0,0,0,0,0,0,0,0,0,0,0,0,0,1,0,0,0,1,0,0,1,1,0,0,0,0,0,0,0,0,0,0,0,0,0,0,0,0,0,0,1,1,0,0,0,0,0,0,0,1,0,0,0,0,0,0,0,0,0,0,0,0,0,0,0,0,0,0,0,0,0,0,0,0,0,0,0,0,0,0,0,0,0,0,0,0,0,0,0,2,0,0,0,0,0,0,0,0,0,0,0,0,0,0,0,0,0,0,0,0,0,0,0,0,0,0,1,0,0,0,0,0,0,0,0,0,1,0,0,0,0,0,0,0,0,0,0,0,0,0,0,0,0,0,0,0,0,0,0,0,0,0,0,0,0,0,0,0,0,0,0,0,0,0,0,0,0,0,0,1,0,0,0,0,0,0,0,0,0,0,0,0,0,0,0,1,0,0,0,0,0,0,0,0,0,0,0,0,0,0,0,0,0,0,0,0,0,0,0,0,0,0,0,0,0,0,0,0,1,0,0,0,0,0,0,0,0,0,0,0,0,0,0,0,0,0,0,1,0,0,0,0,0,0,0,0,0,0,0,0,0,0,0,0,0,0,0,0,0,0,0,0,0,0,0,0,0,0,0,0,0,0,0,0,0,0,0,0,0,0,0,0,0,0,0,0,0,0,0,0,0,0,0,0,0,0,0,0,0,0,0,0,0,0,0,0,0,0,0,0,0,0,0,0,0,0,0,0,1,0,0,0,0,0,0,1,0,0,0,0,0,0,0,0,0,0,0,0,0,0,0,0,0,0
