Patient_ID	Sample_ID	Iteration	Cluster_ID	Abundance
ZL201029T	ZL201029T	0	1	0
ZL201029T	ZL201029T	0	2	0
ZL201029T	ZL201029T	0	3	27
ZL201029T	ZL201029T	0	4	46
ZL201029T	ZL201029T	0	5	9
ZL201029T	ZL201029T	0	6	18
ZL201029T	ZL201029T	1	1	0
ZL201029T	ZL201029T	1	2	26
ZL201029T	ZL201029T	1	3	42
ZL201029T	ZL201029T	1	4	5
ZL201029T	ZL201029T	1	5	11
ZL201029T	ZL201029T	1	6	16
ZL201029T	ZL201029T	2	1	0
ZL201029T	ZL201029T	2	2	27
ZL201029T	ZL201029T	2	3	40
ZL201029T	ZL201029T	2	4	5
ZL201029T	ZL201029T	2	5	12
ZL201029T	ZL201029T	2	6	16
ZL201029T	ZL201029T	3	1	0
ZL201029T	ZL201029T	3	2	0
ZL201029T	ZL201029T	3	3	27
ZL201029T	ZL201029T	3	4	46
ZL201029T	ZL201029T	3	5	10
ZL201029T	ZL201029T	3	6	17
ZL201029T	ZL201029T	4	1	0
ZL201029T	ZL201029T	4	2	0
ZL201029T	ZL201029T	4	3	27
ZL201029T	ZL201029T	4	4	46
ZL201029T	ZL201029T	4	5	10
ZL201029T	ZL201029T	4	6	17
ZL201029T	ZL201029T	5	1	0
ZL201029T	ZL201029T	5	2	31
ZL201029T	ZL201029T	5	3	37
ZL201029T	ZL201029T	5	4	5
ZL201029T	ZL201029T	5	5	10
ZL201029T	ZL201029T	5	6	17
ZL201029T	ZL201029T	6	1	0
ZL201029T	ZL201029T	6	2	0
ZL201029T	ZL201029T	6	3	22
ZL201029T	ZL201029T	6	4	50
ZL201029T	ZL201029T	6	5	11
ZL201029T	ZL201029T	6	6	17
ZL201029T	ZL201029T	7	1	0
ZL201029T	ZL201029T	7	2	27
ZL201029T	ZL201029T	7	3	41
ZL201029T	ZL201029T	7	4	5
ZL201029T	ZL201029T	7	5	10
ZL201029T	ZL201029T	7	6	17
ZL201029T	ZL201029T	8	1	0
ZL201029T	ZL201029T	8	2	27
ZL201029T	ZL201029T	8	3	40
ZL201029T	ZL201029T	8	4	5
ZL201029T	ZL201029T	8	5	12
ZL201029T	ZL201029T	8	6	16
ZL201029T	ZL201029T	9	1	0
ZL201029T	ZL201029T	9	2	33
ZL201029T	ZL201029T	9	3	34
ZL201029T	ZL201029T	9	4	5
ZL201029T	ZL201029T	9	5	12
ZL201029T	ZL201029T	9	6	16
ZL201029T	ZL201029T	10	1	0
ZL201029T	ZL201029T	10	2	0
ZL201029T	ZL201029T	10	3	24
ZL201029T	ZL201029T	10	4	48
ZL201029T	ZL201029T	10	5	11
ZL201029T	ZL201029T	10	6	17
ZL201029T	ZL201029T	11	1	0
ZL201029T	ZL201029T	11	2	29
ZL201029T	ZL201029T	11	3	39
ZL201029T	ZL201029T	11	4	5
ZL201029T	ZL201029T	11	5	10
ZL201029T	ZL201029T	11	6	17
ZL201029T	ZL201029T	12	1	0
ZL201029T	ZL201029T	12	2	0
ZL201029T	ZL201029T	12	3	24
ZL201029T	ZL201029T	12	4	48
ZL201029T	ZL201029T	12	5	12
ZL201029T	ZL201029T	12	6	16
ZL201029T	ZL201029T	13	1	0
ZL201029T	ZL201029T	13	2	31
ZL201029T	ZL201029T	13	3	38
ZL201029T	ZL201029T	13	4	5
ZL201029T	ZL201029T	13	5	9
ZL201029T	ZL201029T	13	6	17
ZL201029T	ZL201029T	14	1	0
ZL201029T	ZL201029T	14	2	0
ZL201029T	ZL201029T	14	3	23
ZL201029T	ZL201029T	14	4	49
ZL201029T	ZL201029T	14	5	12
ZL201029T	ZL201029T	14	6	16
ZL201029T	ZL201029T	15	1	0
ZL201029T	ZL201029T	15	2	25
ZL201029T	ZL201029T	15	3	43
ZL201029T	ZL201029T	15	4	5
ZL201029T	ZL201029T	15	5	11
ZL201029T	ZL201029T	15	6	16
ZL201029T	ZL201029T	16	1	0
ZL201029T	ZL201029T	16	2	28
ZL201029T	ZL201029T	16	3	39
ZL201029T	ZL201029T	16	4	5
ZL201029T	ZL201029T	16	5	11
ZL201029T	ZL201029T	16	6	17
ZL201029T	ZL201029T	17	1	0
ZL201029T	ZL201029T	17	2	0
ZL201029T	ZL201029T	17	3	30
ZL201029T	ZL201029T	17	4	43
ZL201029T	ZL201029T	17	5	11
ZL201029T	ZL201029T	17	6	16
ZL201029T	ZL201029T	18	1	0
ZL201029T	ZL201029T	18	2	31
ZL201029T	ZL201029T	18	3	37
ZL201029T	ZL201029T	18	4	5
ZL201029T	ZL201029T	18	5	10
ZL201029T	ZL201029T	18	6	17
ZL201029T	ZL201029T	19	1	0
ZL201029T	ZL201029T	19	2	0
ZL201029T	ZL201029T	19	3	25
ZL201029T	ZL201029T	19	4	48
ZL201029T	ZL201029T	19	5	10
ZL201029T	ZL201029T	19	6	17
ZL201029T	ZL201029T	20	1	0
ZL201029T	ZL201029T	20	2	0
ZL201029T	ZL201029T	20	3	25
ZL201029T	ZL201029T	20	4	47
ZL201029T	ZL201029T	20	5	12
ZL201029T	ZL201029T	20	6	16
ZL201029T	ZL201029T	21	1	0
ZL201029T	ZL201029T	21	2	30
ZL201029T	ZL201029T	21	3	38
ZL201029T	ZL201029T	21	4	5
ZL201029T	ZL201029T	21	5	11
ZL201029T	ZL201029T	21	6	16
ZL201029T	ZL201029T	22	1	0
ZL201029T	ZL201029T	22	2	30
ZL201029T	ZL201029T	22	3	37
ZL201029T	ZL201029T	22	4	5
ZL201029T	ZL201029T	22	5	12
ZL201029T	ZL201029T	22	6	16
ZL201029T	ZL201029T	23	1	0
ZL201029T	ZL201029T	23	2	32
ZL201029T	ZL201029T	23	3	36
ZL201029T	ZL201029T	23	4	5
ZL201029T	ZL201029T	23	5	9
ZL201029T	ZL201029T	23	6	18
ZL201029T	ZL201029T	24	1	0
ZL201029T	ZL201029T	24	2	0
ZL201029T	ZL201029T	24	3	26
ZL201029T	ZL201029T	24	4	46
ZL201029T	ZL201029T	24	5	10
ZL201029T	ZL201029T	24	6	18
ZL201029T	ZL201029T	25	1	0
ZL201029T	ZL201029T	25	2	0
ZL201029T	ZL201029T	25	3	27
ZL201029T	ZL201029T	25	4	45
ZL201029T	ZL201029T	25	5	11
ZL201029T	ZL201029T	25	6	17
ZL201029T	ZL201029T	26	1	0
ZL201029T	ZL201029T	26	2	0
ZL201029T	ZL201029T	26	3	21
ZL201029T	ZL201029T	26	4	52
ZL201029T	ZL201029T	26	5	9
ZL201029T	ZL201029T	26	6	18
ZL201029T	ZL201029T	27	1	0
ZL201029T	ZL201029T	27	2	29
ZL201029T	ZL201029T	27	3	39
ZL201029T	ZL201029T	27	4	5
ZL201029T	ZL201029T	27	5	10
ZL201029T	ZL201029T	27	6	17
ZL201029T	ZL201029T	28	1	0
ZL201029T	ZL201029T	28	2	28
ZL201029T	ZL201029T	28	3	40
ZL201029T	ZL201029T	28	4	5
ZL201029T	ZL201029T	28	5	10
ZL201029T	ZL201029T	28	6	17
ZL201029T	ZL201029T	29	1	0
ZL201029T	ZL201029T	29	2	27
ZL201029T	ZL201029T	29	3	38
ZL201029T	ZL201029T	29	4	5
ZL201029T	ZL201029T	29	5	13
ZL201029T	ZL201029T	29	6	17
ZL201029T	ZL201029T	30	1	0
ZL201029T	ZL201029T	30	2	0
ZL201029T	ZL201029T	30	3	27
ZL201029T	ZL201029T	30	4	46
ZL201029T	ZL201029T	30	5	11
ZL201029T	ZL201029T	30	6	16
ZL201029T	ZL201029T	31	1	0
ZL201029T	ZL201029T	31	2	0
ZL201029T	ZL201029T	31	3	25
ZL201029T	ZL201029T	31	4	48
ZL201029T	ZL201029T	31	5	11
ZL201029T	ZL201029T	31	6	16
ZL201029T	ZL201029T	32	1	0
ZL201029T	ZL201029T	32	2	0
ZL201029T	ZL201029T	32	3	24
ZL201029T	ZL201029T	32	4	49
ZL201029T	ZL201029T	32	5	10
ZL201029T	ZL201029T	32	6	17
ZL201029T	ZL201029T	33	1	0
ZL201029T	ZL201029T	33	2	0
ZL201029T	ZL201029T	33	3	24
ZL201029T	ZL201029T	33	4	49
ZL201029T	ZL201029T	33	5	10
ZL201029T	ZL201029T	33	6	17
ZL201029T	ZL201029T	34	1	0
ZL201029T	ZL201029T	34	2	0
ZL201029T	ZL201029T	34	3	26
ZL201029T	ZL201029T	34	4	47
ZL201029T	ZL201029T	34	5	11
ZL201029T	ZL201029T	34	6	16
ZL201029T	ZL201029T	35	1	0
ZL201029T	ZL201029T	35	2	25
ZL201029T	ZL201029T	35	3	42
ZL201029T	ZL201029T	35	4	5
ZL201029T	ZL201029T	35	5	11
ZL201029T	ZL201029T	35	6	17
ZL201029T	ZL201029T	36	1	0
ZL201029T	ZL201029T	36	2	0
ZL201029T	ZL201029T	36	3	24
ZL201029T	ZL201029T	36	4	48
ZL201029T	ZL201029T	36	5	12
ZL201029T	ZL201029T	36	6	16
ZL201029T	ZL201029T	37	1	0
ZL201029T	ZL201029T	37	2	0
ZL201029T	ZL201029T	37	3	26
ZL201029T	ZL201029T	37	4	47
ZL201029T	ZL201029T	37	5	10
ZL201029T	ZL201029T	37	6	17
ZL201029T	ZL201029T	38	1	0
ZL201029T	ZL201029T	38	2	25
ZL201029T	ZL201029T	38	3	43
ZL201029T	ZL201029T	38	4	5
ZL201029T	ZL201029T	38	5	9
ZL201029T	ZL201029T	38	6	18
ZL201029T	ZL201029T	39	1	0
ZL201029T	ZL201029T	39	2	0
ZL201029T	ZL201029T	39	3	27
ZL201029T	ZL201029T	39	4	47
ZL201029T	ZL201029T	39	5	9
ZL201029T	ZL201029T	39	6	17
ZL201029T	ZL201029T	40	1	0
ZL201029T	ZL201029T	40	2	24
ZL201029T	ZL201029T	40	3	45
ZL201029T	ZL201029T	40	4	5
ZL201029T	ZL201029T	40	5	9
ZL201029T	ZL201029T	40	6	17
ZL201029T	ZL201029T	41	1	0
ZL201029T	ZL201029T	41	2	27
ZL201029T	ZL201029T	41	3	41
ZL201029T	ZL201029T	41	4	5
ZL201029T	ZL201029T	41	5	10
ZL201029T	ZL201029T	41	6	17
ZL201029T	ZL201029T	42	1	0
ZL201029T	ZL201029T	42	2	28
ZL201029T	ZL201029T	42	3	39
ZL201029T	ZL201029T	42	4	5
ZL201029T	ZL201029T	42	5	10
ZL201029T	ZL201029T	42	6	18
ZL201029T	ZL201029T	43	1	0
ZL201029T	ZL201029T	43	2	36
ZL201029T	ZL201029T	43	3	33
ZL201029T	ZL201029T	43	4	5
ZL201029T	ZL201029T	43	5	9
ZL201029T	ZL201029T	43	6	17
ZL201029T	ZL201029T	44	1	0
ZL201029T	ZL201029T	44	2	0
ZL201029T	ZL201029T	44	3	27
ZL201029T	ZL201029T	44	4	46
ZL201029T	ZL201029T	44	5	10
ZL201029T	ZL201029T	44	6	17
ZL201029T	ZL201029T	45	1	0
ZL201029T	ZL201029T	45	2	30
ZL201029T	ZL201029T	45	3	39
ZL201029T	ZL201029T	45	4	5
ZL201029T	ZL201029T	45	5	10
ZL201029T	ZL201029T	45	6	16
ZL201029T	ZL201029T	46	1	0
ZL201029T	ZL201029T	46	2	32
ZL201029T	ZL201029T	46	3	36
ZL201029T	ZL201029T	46	4	5
ZL201029T	ZL201029T	46	5	10
ZL201029T	ZL201029T	46	6	17
ZL201029T	ZL201029T	47	1	0
ZL201029T	ZL201029T	47	2	31
ZL201029T	ZL201029T	47	3	37
ZL201029T	ZL201029T	47	4	5
ZL201029T	ZL201029T	47	5	11
ZL201029T	ZL201029T	47	6	16
ZL201029T	ZL201029T	48	1	0
ZL201029T	ZL201029T	48	2	0
ZL201029T	ZL201029T	48	3	27
ZL201029T	ZL201029T	48	4	46
ZL201029T	ZL201029T	48	5	10
ZL201029T	ZL201029T	48	6	17
ZL201029T	ZL201029T	49	1	0
ZL201029T	ZL201029T	49	2	26
ZL201029T	ZL201029T	49	3	41
ZL201029T	ZL201029T	49	4	5
ZL201029T	ZL201029T	49	5	12
ZL201029T	ZL201029T	49	6	16
ZL201029T	ZL201029T	50	1	0
ZL201029T	ZL201029T	50	2	0
ZL201029T	ZL201029T	50	3	27
ZL201029T	ZL201029T	50	4	46
ZL201029T	ZL201029T	50	5	11
ZL201029T	ZL201029T	50	6	16
ZL201029T	ZL201029T	51	1	0
ZL201029T	ZL201029T	51	2	0
ZL201029T	ZL201029T	51	3	28
ZL201029T	ZL201029T	51	4	46
ZL201029T	ZL201029T	51	5	9
ZL201029T	ZL201029T	51	6	17
ZL201029T	ZL201029T	52	1	0
ZL201029T	ZL201029T	52	2	28
ZL201029T	ZL201029T	52	3	39
ZL201029T	ZL201029T	52	4	5
ZL201029T	ZL201029T	52	5	12
ZL201029T	ZL201029T	52	6	16
ZL201029T	ZL201029T	53	1	0
ZL201029T	ZL201029T	53	2	0
ZL201029T	ZL201029T	53	3	25
ZL201029T	ZL201029T	53	4	47
ZL201029T	ZL201029T	53	5	11
ZL201029T	ZL201029T	53	6	17
ZL201029T	ZL201029T	54	1	0
ZL201029T	ZL201029T	54	2	0
ZL201029T	ZL201029T	54	3	26
ZL201029T	ZL201029T	54	4	47
ZL201029T	ZL201029T	54	5	9
ZL201029T	ZL201029T	54	6	18
ZL201029T	ZL201029T	55	1	0
ZL201029T	ZL201029T	55	2	0
ZL201029T	ZL201029T	55	3	26
ZL201029T	ZL201029T	55	4	47
ZL201029T	ZL201029T	55	5	10
ZL201029T	ZL201029T	55	6	17
ZL201029T	ZL201029T	56	1	0
ZL201029T	ZL201029T	56	2	31
ZL201029T	ZL201029T	56	3	37
ZL201029T	ZL201029T	56	4	5
ZL201029T	ZL201029T	56	5	10
ZL201029T	ZL201029T	56	6	17
ZL201029T	ZL201029T	57	1	0
ZL201029T	ZL201029T	57	2	0
ZL201029T	ZL201029T	57	3	24
ZL201029T	ZL201029T	57	4	49
ZL201029T	ZL201029T	57	5	11
ZL201029T	ZL201029T	57	6	16
ZL201029T	ZL201029T	58	1	0
ZL201029T	ZL201029T	58	2	0
ZL201029T	ZL201029T	58	3	23
ZL201029T	ZL201029T	58	4	50
ZL201029T	ZL201029T	58	5	10
ZL201029T	ZL201029T	58	6	17
ZL201029T	ZL201029T	59	1	0
ZL201029T	ZL201029T	59	2	26
ZL201029T	ZL201029T	59	3	42
ZL201029T	ZL201029T	59	4	5
ZL201029T	ZL201029T	59	5	10
ZL201029T	ZL201029T	59	6	17
ZL201029T	ZL201029T	60	1	0
ZL201029T	ZL201029T	60	2	24
ZL201029T	ZL201029T	60	3	44
ZL201029T	ZL201029T	60	4	5
ZL201029T	ZL201029T	60	5	11
ZL201029T	ZL201029T	60	6	16
ZL201029T	ZL201029T	61	1	0
ZL201029T	ZL201029T	61	2	0
ZL201029T	ZL201029T	61	3	24
ZL201029T	ZL201029T	61	4	49
ZL201029T	ZL201029T	61	5	10
ZL201029T	ZL201029T	61	6	17
ZL201029T	ZL201029T	62	1	0
ZL201029T	ZL201029T	62	2	27
ZL201029T	ZL201029T	62	3	40
ZL201029T	ZL201029T	62	4	5
ZL201029T	ZL201029T	62	5	11
ZL201029T	ZL201029T	62	6	17
ZL201029T	ZL201029T	63	1	0
ZL201029T	ZL201029T	63	2	31
ZL201029T	ZL201029T	63	3	37
ZL201029T	ZL201029T	63	4	5
ZL201029T	ZL201029T	63	5	10
ZL201029T	ZL201029T	63	6	17
ZL201029T	ZL201029T	64	1	0
ZL201029T	ZL201029T	64	2	0
ZL201029T	ZL201029T	64	3	24
ZL201029T	ZL201029T	64	4	48
ZL201029T	ZL201029T	64	5	11
ZL201029T	ZL201029T	64	6	17
ZL201029T	ZL201029T	65	1	0
ZL201029T	ZL201029T	65	2	33
ZL201029T	ZL201029T	65	3	36
ZL201029T	ZL201029T	65	4	5
ZL201029T	ZL201029T	65	5	10
ZL201029T	ZL201029T	65	6	16
ZL201029T	ZL201029T	66	1	0
ZL201029T	ZL201029T	66	2	24
ZL201029T	ZL201029T	66	3	43
ZL201029T	ZL201029T	66	4	5
ZL201029T	ZL201029T	66	5	12
ZL201029T	ZL201029T	66	6	16
ZL201029T	ZL201029T	67	1	0
ZL201029T	ZL201029T	67	2	0
ZL201029T	ZL201029T	67	3	22
ZL201029T	ZL201029T	67	4	52
ZL201029T	ZL201029T	67	5	10
ZL201029T	ZL201029T	67	6	16
ZL201029T	ZL201029T	68	1	0
ZL201029T	ZL201029T	68	2	27
ZL201029T	ZL201029T	68	3	42
ZL201029T	ZL201029T	68	4	5
ZL201029T	ZL201029T	68	5	9
ZL201029T	ZL201029T	68	6	17
ZL201029T	ZL201029T	69	1	0
ZL201029T	ZL201029T	69	2	0
ZL201029T	ZL201029T	69	3	25
ZL201029T	ZL201029T	69	4	48
ZL201029T	ZL201029T	69	5	10
ZL201029T	ZL201029T	69	6	17
ZL201029T	ZL201029T	70	1	0
ZL201029T	ZL201029T	70	2	0
ZL201029T	ZL201029T	70	3	26
ZL201029T	ZL201029T	70	4	47
ZL201029T	ZL201029T	70	5	11
ZL201029T	ZL201029T	70	6	16
ZL201029T	ZL201029T	71	1	0
ZL201029T	ZL201029T	71	2	30
ZL201029T	ZL201029T	71	3	38
ZL201029T	ZL201029T	71	4	5
ZL201029T	ZL201029T	71	5	10
ZL201029T	ZL201029T	71	6	17
ZL201029T	ZL201029T	72	1	0
ZL201029T	ZL201029T	72	2	30
ZL201029T	ZL201029T	72	3	39
ZL201029T	ZL201029T	72	4	5
ZL201029T	ZL201029T	72	5	8
ZL201029T	ZL201029T	72	6	18
ZL201029T	ZL201029T	73	1	0
ZL201029T	ZL201029T	73	2	0
ZL201029T	ZL201029T	73	3	27
ZL201029T	ZL201029T	73	4	47
ZL201029T	ZL201029T	73	5	9
ZL201029T	ZL201029T	73	6	17
ZL201029T	ZL201029T	74	1	0
ZL201029T	ZL201029T	74	2	28
ZL201029T	ZL201029T	74	3	39
ZL201029T	ZL201029T	74	4	5
ZL201029T	ZL201029T	74	5	12
ZL201029T	ZL201029T	74	6	16
ZL201029T	ZL201029T	75	1	0
ZL201029T	ZL201029T	75	2	0
ZL201029T	ZL201029T	75	3	24
ZL201029T	ZL201029T	75	4	48
ZL201029T	ZL201029T	75	5	12
ZL201029T	ZL201029T	75	6	16
ZL201029T	ZL201029T	76	1	0
ZL201029T	ZL201029T	76	2	28
ZL201029T	ZL201029T	76	3	40
ZL201029T	ZL201029T	76	4	5
ZL201029T	ZL201029T	76	5	10
ZL201029T	ZL201029T	76	6	17
ZL201029T	ZL201029T	77	1	0
ZL201029T	ZL201029T	77	2	28
ZL201029T	ZL201029T	77	3	41
ZL201029T	ZL201029T	77	4	5
ZL201029T	ZL201029T	77	5	9
ZL201029T	ZL201029T	77	6	17
ZL201029T	ZL201029T	78	1	0
ZL201029T	ZL201029T	78	2	0
ZL201029T	ZL201029T	78	3	25
ZL201029T	ZL201029T	78	4	47
ZL201029T	ZL201029T	78	5	12
ZL201029T	ZL201029T	78	6	16
ZL201029T	ZL201029T	79	1	0
ZL201029T	ZL201029T	79	2	31
ZL201029T	ZL201029T	79	3	37
ZL201029T	ZL201029T	79	4	5
ZL201029T	ZL201029T	79	5	11
ZL201029T	ZL201029T	79	6	16
ZL201029T	ZL201029T	80	1	0
ZL201029T	ZL201029T	80	2	0
ZL201029T	ZL201029T	80	3	26
ZL201029T	ZL201029T	80	4	47
ZL201029T	ZL201029T	80	5	11
ZL201029T	ZL201029T	80	6	16
ZL201029T	ZL201029T	81	1	0
ZL201029T	ZL201029T	81	2	24
ZL201029T	ZL201029T	81	3	44
ZL201029T	ZL201029T	81	4	5
ZL201029T	ZL201029T	81	5	10
ZL201029T	ZL201029T	81	6	17
ZL201029T	ZL201029T	82	1	0
ZL201029T	ZL201029T	82	2	30
ZL201029T	ZL201029T	82	3	38
ZL201029T	ZL201029T	82	4	5
ZL201029T	ZL201029T	82	5	10
ZL201029T	ZL201029T	82	6	17
ZL201029T	ZL201029T	83	1	0
ZL201029T	ZL201029T	83	2	31
ZL201029T	ZL201029T	83	3	37
ZL201029T	ZL201029T	83	4	5
ZL201029T	ZL201029T	83	5	11
ZL201029T	ZL201029T	83	6	16
ZL201029T	ZL201029T	84	1	0
ZL201029T	ZL201029T	84	2	27
ZL201029T	ZL201029T	84	3	40
ZL201029T	ZL201029T	84	4	5
ZL201029T	ZL201029T	84	5	11
ZL201029T	ZL201029T	84	6	17
ZL201029T	ZL201029T	85	1	0
ZL201029T	ZL201029T	85	2	0
ZL201029T	ZL201029T	85	3	23
ZL201029T	ZL201029T	85	4	49
ZL201029T	ZL201029T	85	5	11
ZL201029T	ZL201029T	85	6	17
ZL201029T	ZL201029T	86	1	0
ZL201029T	ZL201029T	86	2	0
ZL201029T	ZL201029T	86	3	26
ZL201029T	ZL201029T	86	4	47
ZL201029T	ZL201029T	86	5	10
ZL201029T	ZL201029T	86	6	17
ZL201029T	ZL201029T	87	1	0
ZL201029T	ZL201029T	87	2	0
ZL201029T	ZL201029T	87	3	26
ZL201029T	ZL201029T	87	4	46
ZL201029T	ZL201029T	87	5	12
ZL201029T	ZL201029T	87	6	16
ZL201029T	ZL201029T	88	1	0
ZL201029T	ZL201029T	88	2	31
ZL201029T	ZL201029T	88	3	37
ZL201029T	ZL201029T	88	4	5
ZL201029T	ZL201029T	88	5	10
ZL201029T	ZL201029T	88	6	17
ZL201029T	ZL201029T	89	1	0
ZL201029T	ZL201029T	89	2	26
ZL201029T	ZL201029T	89	3	42
ZL201029T	ZL201029T	89	4	5
ZL201029T	ZL201029T	89	5	11
ZL201029T	ZL201029T	89	6	16
ZL201029T	ZL201029T	90	1	0
ZL201029T	ZL201029T	90	2	0
ZL201029T	ZL201029T	90	3	22
ZL201029T	ZL201029T	90	4	50
ZL201029T	ZL201029T	90	5	11
ZL201029T	ZL201029T	90	6	17
ZL201029T	ZL201029T	91	1	0
ZL201029T	ZL201029T	91	2	29
ZL201029T	ZL201029T	91	3	40
ZL201029T	ZL201029T	91	4	5
ZL201029T	ZL201029T	91	5	10
ZL201029T	ZL201029T	91	6	16
ZL201029T	ZL201029T	92	1	0
ZL201029T	ZL201029T	92	2	0
ZL201029T	ZL201029T	92	3	27
ZL201029T	ZL201029T	92	4	47
ZL201029T	ZL201029T	92	5	8
ZL201029T	ZL201029T	92	6	18
ZL201029T	ZL201029T	93	1	0
ZL201029T	ZL201029T	93	2	0
ZL201029T	ZL201029T	93	3	25
ZL201029T	ZL201029T	93	4	48
ZL201029T	ZL201029T	93	5	10
ZL201029T	ZL201029T	93	6	17
ZL201029T	ZL201029T	94	1	0
ZL201029T	ZL201029T	94	2	0
ZL201029T	ZL201029T	94	3	26
ZL201029T	ZL201029T	94	4	47
ZL201029T	ZL201029T	94	5	11
ZL201029T	ZL201029T	94	6	16
ZL201029T	ZL201029T	95	1	0
ZL201029T	ZL201029T	95	2	30
ZL201029T	ZL201029T	95	3	38
ZL201029T	ZL201029T	95	4	5
ZL201029T	ZL201029T	95	5	11
ZL201029T	ZL201029T	95	6	16
ZL201029T	ZL201029T	96	1	0
ZL201029T	ZL201029T	96	2	32
ZL201029T	ZL201029T	96	3	36
ZL201029T	ZL201029T	96	4	5
ZL201029T	ZL201029T	96	5	10
ZL201029T	ZL201029T	96	6	17
ZL201029T	ZL201029T	97	1	0
ZL201029T	ZL201029T	97	2	31
ZL201029T	ZL201029T	97	3	38
ZL201029T	ZL201029T	97	4	5
ZL201029T	ZL201029T	97	5	9
ZL201029T	ZL201029T	97	6	17
ZL201029T	ZL201029T	98	1	0
ZL201029T	ZL201029T	98	2	31
ZL201029T	ZL201029T	98	3	37
ZL201029T	ZL201029T	98	4	5
ZL201029T	ZL201029T	98	5	10
ZL201029T	ZL201029T	98	6	17
ZL201029T	ZL201029T	99	1	0
ZL201029T	ZL201029T	99	2	28
ZL201029T	ZL201029T	99	3	41
ZL201029T	ZL201029T	99	4	5
ZL201029T	ZL201029T	99	5	9
ZL201029T	ZL201029T	99	6	17
ZL201029T	ZL201029T	100	1	0
ZL201029T	ZL201029T	100	2	24
ZL201029T	ZL201029T	100	3	44
ZL201029T	ZL201029T	100	4	5
ZL201029T	ZL201029T	100	5	10
ZL201029T	ZL201029T	100	6	17
ZL201029T	ZL201029T	101	1	0
ZL201029T	ZL201029T	101	2	24
ZL201029T	ZL201029T	101	3	43
ZL201029T	ZL201029T	101	4	5
ZL201029T	ZL201029T	101	5	12
ZL201029T	ZL201029T	101	6	16
ZL201029T	ZL201029T	102	1	0
ZL201029T	ZL201029T	102	2	0
ZL201029T	ZL201029T	102	3	24
ZL201029T	ZL201029T	102	4	49
ZL201029T	ZL201029T	102	5	11
ZL201029T	ZL201029T	102	6	16
ZL201029T	ZL201029T	103	1	0
ZL201029T	ZL201029T	103	2	0
ZL201029T	ZL201029T	103	3	23
ZL201029T	ZL201029T	103	4	49
ZL201029T	ZL201029T	103	5	11
ZL201029T	ZL201029T	103	6	17
ZL201029T	ZL201029T	104	1	0
ZL201029T	ZL201029T	104	2	0
ZL201029T	ZL201029T	104	3	27
ZL201029T	ZL201029T	104	4	46
ZL201029T	ZL201029T	104	5	11
ZL201029T	ZL201029T	104	6	16
ZL201029T	ZL201029T	105	1	0
ZL201029T	ZL201029T	105	2	30
ZL201029T	ZL201029T	105	3	38
ZL201029T	ZL201029T	105	4	5
ZL201029T	ZL201029T	105	5	10
ZL201029T	ZL201029T	105	6	17
ZL201029T	ZL201029T	106	1	0
ZL201029T	ZL201029T	106	2	0
ZL201029T	ZL201029T	106	3	26
ZL201029T	ZL201029T	106	4	46
ZL201029T	ZL201029T	106	5	11
ZL201029T	ZL201029T	106	6	17
ZL201029T	ZL201029T	107	1	0
ZL201029T	ZL201029T	107	2	27
ZL201029T	ZL201029T	107	3	41
ZL201029T	ZL201029T	107	4	5
ZL201029T	ZL201029T	107	5	10
ZL201029T	ZL201029T	107	6	17
ZL201029T	ZL201029T	108	1	0
ZL201029T	ZL201029T	108	2	30
ZL201029T	ZL201029T	108	3	38
ZL201029T	ZL201029T	108	4	5
ZL201029T	ZL201029T	108	5	11
ZL201029T	ZL201029T	108	6	16
ZL201029T	ZL201029T	109	1	0
ZL201029T	ZL201029T	109	2	0
ZL201029T	ZL201029T	109	3	27
ZL201029T	ZL201029T	109	4	46
ZL201029T	ZL201029T	109	5	10
ZL201029T	ZL201029T	109	6	17
ZL201029T	ZL201029T	110	1	0
ZL201029T	ZL201029T	110	2	0
ZL201029T	ZL201029T	110	3	23
ZL201029T	ZL201029T	110	4	49
ZL201029T	ZL201029T	110	5	12
ZL201029T	ZL201029T	110	6	16
ZL201029T	ZL201029T	111	1	0
ZL201029T	ZL201029T	111	2	31
ZL201029T	ZL201029T	111	3	37
ZL201029T	ZL201029T	111	4	5
ZL201029T	ZL201029T	111	5	10
ZL201029T	ZL201029T	111	6	17
ZL201029T	ZL201029T	112	1	0
ZL201029T	ZL201029T	112	2	28
ZL201029T	ZL201029T	112	3	40
ZL201029T	ZL201029T	112	4	5
ZL201029T	ZL201029T	112	5	11
ZL201029T	ZL201029T	112	6	16
ZL201029T	ZL201029T	113	1	0
ZL201029T	ZL201029T	113	2	0
ZL201029T	ZL201029T	113	3	26
ZL201029T	ZL201029T	113	4	47
ZL201029T	ZL201029T	113	5	11
ZL201029T	ZL201029T	113	6	16
ZL201029T	ZL201029T	114	1	0
ZL201029T	ZL201029T	114	2	0
ZL201029T	ZL201029T	114	3	26
ZL201029T	ZL201029T	114	4	46
ZL201029T	ZL201029T	114	5	11
ZL201029T	ZL201029T	114	6	17
ZL201029T	ZL201029T	115	1	0
ZL201029T	ZL201029T	115	2	0
ZL201029T	ZL201029T	115	3	26
ZL201029T	ZL201029T	115	4	46
ZL201029T	ZL201029T	115	5	11
ZL201029T	ZL201029T	115	6	17
ZL201029T	ZL201029T	116	1	0
ZL201029T	ZL201029T	116	2	0
ZL201029T	ZL201029T	116	3	25
ZL201029T	ZL201029T	116	4	48
ZL201029T	ZL201029T	116	5	10
ZL201029T	ZL201029T	116	6	17
ZL201029T	ZL201029T	117	1	0
ZL201029T	ZL201029T	117	2	0
ZL201029T	ZL201029T	117	3	27
ZL201029T	ZL201029T	117	4	46
ZL201029T	ZL201029T	117	5	10
ZL201029T	ZL201029T	117	6	17
ZL201029T	ZL201029T	118	1	0
ZL201029T	ZL201029T	118	2	0
ZL201029T	ZL201029T	118	3	23
ZL201029T	ZL201029T	118	4	49
ZL201029T	ZL201029T	118	5	12
ZL201029T	ZL201029T	118	6	16
ZL201029T	ZL201029T	119	1	0
ZL201029T	ZL201029T	119	2	0
ZL201029T	ZL201029T	119	3	23
ZL201029T	ZL201029T	119	4	50
ZL201029T	ZL201029T	119	5	10
ZL201029T	ZL201029T	119	6	17
ZL201029T	ZL201029T	120	1	0
ZL201029T	ZL201029T	120	2	0
ZL201029T	ZL201029T	120	3	24
ZL201029T	ZL201029T	120	4	48
ZL201029T	ZL201029T	120	5	11
ZL201029T	ZL201029T	120	6	17
ZL201029T	ZL201029T	121	1	0
ZL201029T	ZL201029T	121	2	28
ZL201029T	ZL201029T	121	3	41
ZL201029T	ZL201029T	121	4	5
ZL201029T	ZL201029T	121	5	10
ZL201029T	ZL201029T	121	6	16
ZL201029T	ZL201029T	122	1	0
ZL201029T	ZL201029T	122	2	0
ZL201029T	ZL201029T	122	3	27
ZL201029T	ZL201029T	122	4	45
ZL201029T	ZL201029T	122	5	10
ZL201029T	ZL201029T	122	6	18
ZL201029T	ZL201029T	123	1	0
ZL201029T	ZL201029T	123	2	0
ZL201029T	ZL201029T	123	3	25
ZL201029T	ZL201029T	123	4	48
ZL201029T	ZL201029T	123	5	10
ZL201029T	ZL201029T	123	6	17
ZL201029T	ZL201029T	124	1	0
ZL201029T	ZL201029T	124	2	35
ZL201029T	ZL201029T	124	3	32
ZL201029T	ZL201029T	124	4	5
ZL201029T	ZL201029T	124	5	11
ZL201029T	ZL201029T	124	6	17
ZL201029T	ZL201029T	125	1	0
ZL201029T	ZL201029T	125	2	29
ZL201029T	ZL201029T	125	3	38
ZL201029T	ZL201029T	125	4	5
ZL201029T	ZL201029T	125	5	12
ZL201029T	ZL201029T	125	6	16
ZL201029T	ZL201029T	126	1	0
ZL201029T	ZL201029T	126	2	32
ZL201029T	ZL201029T	126	3	36
ZL201029T	ZL201029T	126	4	5
ZL201029T	ZL201029T	126	5	10
ZL201029T	ZL201029T	126	6	17
ZL201029T	ZL201029T	127	1	0
ZL201029T	ZL201029T	127	2	30
ZL201029T	ZL201029T	127	3	38
ZL201029T	ZL201029T	127	4	4
ZL201029T	ZL201029T	127	5	11
ZL201029T	ZL201029T	127	6	17
ZL201029T	ZL201029T	128	1	0
ZL201029T	ZL201029T	128	2	34
ZL201029T	ZL201029T	128	3	34
ZL201029T	ZL201029T	128	4	5
ZL201029T	ZL201029T	128	5	10
ZL201029T	ZL201029T	128	6	17
ZL201029T	ZL201029T	129	1	0
ZL201029T	ZL201029T	129	2	26
ZL201029T	ZL201029T	129	3	42
ZL201029T	ZL201029T	129	4	5
ZL201029T	ZL201029T	129	5	9
ZL201029T	ZL201029T	129	6	18
ZL201029T	ZL201029T	130	1	0
ZL201029T	ZL201029T	130	2	22
ZL201029T	ZL201029T	130	3	46
ZL201029T	ZL201029T	130	4	5
ZL201029T	ZL201029T	130	5	11
ZL201029T	ZL201029T	130	6	16
ZL201029T	ZL201029T	131	1	0
ZL201029T	ZL201029T	131	2	27
ZL201029T	ZL201029T	131	3	40
ZL201029T	ZL201029T	131	4	5
ZL201029T	ZL201029T	131	5	10
ZL201029T	ZL201029T	131	6	18
ZL201029T	ZL201029T	132	1	0
ZL201029T	ZL201029T	132	2	29
ZL201029T	ZL201029T	132	3	40
ZL201029T	ZL201029T	132	4	5
ZL201029T	ZL201029T	132	5	10
ZL201029T	ZL201029T	132	6	16
ZL201029T	ZL201029T	133	1	0
ZL201029T	ZL201029T	133	2	31
ZL201029T	ZL201029T	133	3	39
ZL201029T	ZL201029T	133	4	5
ZL201029T	ZL201029T	133	5	8
ZL201029T	ZL201029T	133	6	17
ZL201029T	ZL201029T	134	1	0
ZL201029T	ZL201029T	134	2	0
ZL201029T	ZL201029T	134	3	28
ZL201029T	ZL201029T	134	4	45
ZL201029T	ZL201029T	134	5	11
ZL201029T	ZL201029T	134	6	16
ZL201029T	ZL201029T	135	1	0
ZL201029T	ZL201029T	135	2	27
ZL201029T	ZL201029T	135	3	40
ZL201029T	ZL201029T	135	4	5
ZL201029T	ZL201029T	135	5	12
ZL201029T	ZL201029T	135	6	16
ZL201029T	ZL201029T	136	1	0
ZL201029T	ZL201029T	136	2	0
ZL201029T	ZL201029T	136	3	28
ZL201029T	ZL201029T	136	4	45
ZL201029T	ZL201029T	136	5	11
ZL201029T	ZL201029T	136	6	16
ZL201029T	ZL201029T	137	1	0
ZL201029T	ZL201029T	137	2	0
ZL201029T	ZL201029T	137	3	28
ZL201029T	ZL201029T	137	4	45
ZL201029T	ZL201029T	137	5	10
ZL201029T	ZL201029T	137	6	17
ZL201029T	ZL201029T	138	1	0
ZL201029T	ZL201029T	138	2	0
ZL201029T	ZL201029T	138	3	24
ZL201029T	ZL201029T	138	4	48
ZL201029T	ZL201029T	138	5	11
ZL201029T	ZL201029T	138	6	17
ZL201029T	ZL201029T	139	1	0
ZL201029T	ZL201029T	139	2	0
ZL201029T	ZL201029T	139	3	23
ZL201029T	ZL201029T	139	4	50
ZL201029T	ZL201029T	139	5	10
ZL201029T	ZL201029T	139	6	17
ZL201029T	ZL201029T	140	1	0
ZL201029T	ZL201029T	140	2	33
ZL201029T	ZL201029T	140	3	34
ZL201029T	ZL201029T	140	4	5
ZL201029T	ZL201029T	140	5	11
ZL201029T	ZL201029T	140	6	17
ZL201029T	ZL201029T	141	1	0
ZL201029T	ZL201029T	141	2	0
ZL201029T	ZL201029T	141	3	24
ZL201029T	ZL201029T	141	4	48
ZL201029T	ZL201029T	141	5	11
ZL201029T	ZL201029T	141	6	17
ZL201029T	ZL201029T	142	1	0
ZL201029T	ZL201029T	142	2	0
ZL201029T	ZL201029T	142	3	24
ZL201029T	ZL201029T	142	4	49
ZL201029T	ZL201029T	142	5	10
ZL201029T	ZL201029T	142	6	17
ZL201029T	ZL201029T	143	1	0
ZL201029T	ZL201029T	143	2	0
ZL201029T	ZL201029T	143	3	22
ZL201029T	ZL201029T	143	4	50
ZL201029T	ZL201029T	143	5	11
ZL201029T	ZL201029T	143	6	17
ZL201029T	ZL201029T	144	1	0
ZL201029T	ZL201029T	144	2	29
ZL201029T	ZL201029T	144	3	39
ZL201029T	ZL201029T	144	4	5
ZL201029T	ZL201029T	144	5	10
ZL201029T	ZL201029T	144	6	17
ZL201029T	ZL201029T	145	1	0
ZL201029T	ZL201029T	145	2	0
ZL201029T	ZL201029T	145	3	23
ZL201029T	ZL201029T	145	4	49
ZL201029T	ZL201029T	145	5	11
ZL201029T	ZL201029T	145	6	17
ZL201029T	ZL201029T	146	1	0
ZL201029T	ZL201029T	146	2	0
ZL201029T	ZL201029T	146	3	28
ZL201029T	ZL201029T	146	4	45
ZL201029T	ZL201029T	146	5	10
ZL201029T	ZL201029T	146	6	17
ZL201029T	ZL201029T	147	1	0
ZL201029T	ZL201029T	147	2	29
ZL201029T	ZL201029T	147	3	39
ZL201029T	ZL201029T	147	4	5
ZL201029T	ZL201029T	147	5	10
ZL201029T	ZL201029T	147	6	17
ZL201029T	ZL201029T	148	1	0
ZL201029T	ZL201029T	148	2	0
ZL201029T	ZL201029T	148	3	25
ZL201029T	ZL201029T	148	4	47
ZL201029T	ZL201029T	148	5	11
ZL201029T	ZL201029T	148	6	17
ZL201029T	ZL201029T	149	1	0
ZL201029T	ZL201029T	149	2	30
ZL201029T	ZL201029T	149	3	37
ZL201029T	ZL201029T	149	4	5
ZL201029T	ZL201029T	149	5	11
ZL201029T	ZL201029T	149	6	17
ZL201029T	ZL201029T	150	1	0
ZL201029T	ZL201029T	150	2	0
ZL201029T	ZL201029T	150	3	25
ZL201029T	ZL201029T	150	4	47
ZL201029T	ZL201029T	150	5	11
ZL201029T	ZL201029T	150	6	17
ZL201029T	ZL201029T	151	1	0
ZL201029T	ZL201029T	151	2	26
ZL201029T	ZL201029T	151	3	42
ZL201029T	ZL201029T	151	4	5
ZL201029T	ZL201029T	151	5	10
ZL201029T	ZL201029T	151	6	17
ZL201029T	ZL201029T	152	1	0
ZL201029T	ZL201029T	152	2	0
ZL201029T	ZL201029T	152	3	26
ZL201029T	ZL201029T	152	4	46
ZL201029T	ZL201029T	152	5	10
ZL201029T	ZL201029T	152	6	18
ZL201029T	ZL201029T	153	1	0
ZL201029T	ZL201029T	153	2	0
ZL201029T	ZL201029T	153	3	22
ZL201029T	ZL201029T	153	4	50
ZL201029T	ZL201029T	153	5	11
ZL201029T	ZL201029T	153	6	17
ZL201029T	ZL201029T	154	1	0
ZL201029T	ZL201029T	154	2	0
ZL201029T	ZL201029T	154	3	25
ZL201029T	ZL201029T	154	4	47
ZL201029T	ZL201029T	154	5	11
ZL201029T	ZL201029T	154	6	17
ZL201029T	ZL201029T	155	1	0
ZL201029T	ZL201029T	155	2	0
ZL201029T	ZL201029T	155	3	26
ZL201029T	ZL201029T	155	4	46
ZL201029T	ZL201029T	155	5	11
ZL201029T	ZL201029T	155	6	17
ZL201029T	ZL201029T	156	1	0
ZL201029T	ZL201029T	156	2	0
ZL201029T	ZL201029T	156	3	27
ZL201029T	ZL201029T	156	4	45
ZL201029T	ZL201029T	156	5	12
ZL201029T	ZL201029T	156	6	16
ZL201029T	ZL201029T	157	1	0
ZL201029T	ZL201029T	157	2	28
ZL201029T	ZL201029T	157	3	40
ZL201029T	ZL201029T	157	4	5
ZL201029T	ZL201029T	157	5	11
ZL201029T	ZL201029T	157	6	16
ZL201029T	ZL201029T	158	1	0
ZL201029T	ZL201029T	158	2	0
ZL201029T	ZL201029T	158	3	23
ZL201029T	ZL201029T	158	4	49
ZL201029T	ZL201029T	158	5	12
ZL201029T	ZL201029T	158	6	16
ZL201029T	ZL201029T	159	1	0
ZL201029T	ZL201029T	159	2	0
ZL201029T	ZL201029T	159	3	27
ZL201029T	ZL201029T	159	4	46
ZL201029T	ZL201029T	159	5	10
ZL201029T	ZL201029T	159	6	17
ZL201029T	ZL201029T	160	1	0
ZL201029T	ZL201029T	160	2	25
ZL201029T	ZL201029T	160	3	44
ZL201029T	ZL201029T	160	4	5
ZL201029T	ZL201029T	160	5	8
ZL201029T	ZL201029T	160	6	18
ZL201029T	ZL201029T	161	1	0
ZL201029T	ZL201029T	161	2	31
ZL201029T	ZL201029T	161	3	37
ZL201029T	ZL201029T	161	4	5
ZL201029T	ZL201029T	161	5	11
ZL201029T	ZL201029T	161	6	16
ZL201029T	ZL201029T	162	1	0
ZL201029T	ZL201029T	162	2	0
ZL201029T	ZL201029T	162	3	26
ZL201029T	ZL201029T	162	4	47
ZL201029T	ZL201029T	162	5	10
ZL201029T	ZL201029T	162	6	17
ZL201029T	ZL201029T	163	1	0
ZL201029T	ZL201029T	163	2	0
ZL201029T	ZL201029T	163	3	28
ZL201029T	ZL201029T	163	4	44
ZL201029T	ZL201029T	163	5	11
ZL201029T	ZL201029T	163	6	17
ZL201029T	ZL201029T	164	1	0
ZL201029T	ZL201029T	164	2	0
ZL201029T	ZL201029T	164	3	23
ZL201029T	ZL201029T	164	4	49
ZL201029T	ZL201029T	164	5	10
ZL201029T	ZL201029T	164	6	18
ZL201029T	ZL201029T	165	1	0
ZL201029T	ZL201029T	165	2	27
ZL201029T	ZL201029T	165	3	40
ZL201029T	ZL201029T	165	4	5
ZL201029T	ZL201029T	165	5	11
ZL201029T	ZL201029T	165	6	17
ZL201029T	ZL201029T	166	1	0
ZL201029T	ZL201029T	166	2	0
ZL201029T	ZL201029T	166	3	22
ZL201029T	ZL201029T	166	4	51
ZL201029T	ZL201029T	166	5	9
ZL201029T	ZL201029T	166	6	18
ZL201029T	ZL201029T	167	1	0
ZL201029T	ZL201029T	167	2	27
ZL201029T	ZL201029T	167	3	41
ZL201029T	ZL201029T	167	4	5
ZL201029T	ZL201029T	167	5	10
ZL201029T	ZL201029T	167	6	17
ZL201029T	ZL201029T	168	1	0
ZL201029T	ZL201029T	168	2	0
ZL201029T	ZL201029T	168	3	23
ZL201029T	ZL201029T	168	4	49
ZL201029T	ZL201029T	168	5	11
ZL201029T	ZL201029T	168	6	17
ZL201029T	ZL201029T	169	1	0
ZL201029T	ZL201029T	169	2	0
ZL201029T	ZL201029T	169	3	29
ZL201029T	ZL201029T	169	4	45
ZL201029T	ZL201029T	169	5	8
ZL201029T	ZL201029T	169	6	18
ZL201029T	ZL201029T	170	1	0
ZL201029T	ZL201029T	170	2	0
ZL201029T	ZL201029T	170	3	25
ZL201029T	ZL201029T	170	4	48
ZL201029T	ZL201029T	170	5	11
ZL201029T	ZL201029T	170	6	16
ZL201029T	ZL201029T	171	1	0
ZL201029T	ZL201029T	171	2	28
ZL201029T	ZL201029T	171	3	40
ZL201029T	ZL201029T	171	4	5
ZL201029T	ZL201029T	171	5	10
ZL201029T	ZL201029T	171	6	17
ZL201029T	ZL201029T	172	1	0
ZL201029T	ZL201029T	172	2	27
ZL201029T	ZL201029T	172	3	42
ZL201029T	ZL201029T	172	4	5
ZL201029T	ZL201029T	172	5	9
ZL201029T	ZL201029T	172	6	17
ZL201029T	ZL201029T	173	1	0
ZL201029T	ZL201029T	173	2	27
ZL201029T	ZL201029T	173	3	42
ZL201029T	ZL201029T	173	4	5
ZL201029T	ZL201029T	173	5	9
ZL201029T	ZL201029T	173	6	17
ZL201029T	ZL201029T	174	1	0
ZL201029T	ZL201029T	174	2	0
ZL201029T	ZL201029T	174	3	24
ZL201029T	ZL201029T	174	4	49
ZL201029T	ZL201029T	174	5	11
ZL201029T	ZL201029T	174	6	16
ZL201029T	ZL201029T	175	1	0
ZL201029T	ZL201029T	175	2	0
ZL201029T	ZL201029T	175	3	24
ZL201029T	ZL201029T	175	4	48
ZL201029T	ZL201029T	175	5	11
ZL201029T	ZL201029T	175	6	17
ZL201029T	ZL201029T	176	1	0
ZL201029T	ZL201029T	176	2	0
ZL201029T	ZL201029T	176	3	28
ZL201029T	ZL201029T	176	4	45
ZL201029T	ZL201029T	176	5	10
ZL201029T	ZL201029T	176	6	17
ZL201029T	ZL201029T	177	1	0
ZL201029T	ZL201029T	177	2	26
ZL201029T	ZL201029T	177	3	41
ZL201029T	ZL201029T	177	4	5
ZL201029T	ZL201029T	177	5	11
ZL201029T	ZL201029T	177	6	17
ZL201029T	ZL201029T	178	1	0
ZL201029T	ZL201029T	178	2	0
ZL201029T	ZL201029T	178	3	23
ZL201029T	ZL201029T	178	4	49
ZL201029T	ZL201029T	178	5	12
ZL201029T	ZL201029T	178	6	16
ZL201029T	ZL201029T	179	1	0
ZL201029T	ZL201029T	179	2	24
ZL201029T	ZL201029T	179	3	44
ZL201029T	ZL201029T	179	4	5
ZL201029T	ZL201029T	179	5	10
ZL201029T	ZL201029T	179	6	17
ZL201029T	ZL201029T	180	1	0
ZL201029T	ZL201029T	180	2	0
ZL201029T	ZL201029T	180	3	25
ZL201029T	ZL201029T	180	4	47
ZL201029T	ZL201029T	180	5	11
ZL201029T	ZL201029T	180	6	17
ZL201029T	ZL201029T	181	1	0
ZL201029T	ZL201029T	181	2	26
ZL201029T	ZL201029T	181	3	43
ZL201029T	ZL201029T	181	4	5
ZL201029T	ZL201029T	181	5	8
ZL201029T	ZL201029T	181	6	18
ZL201029T	ZL201029T	182	1	0
ZL201029T	ZL201029T	182	2	29
ZL201029T	ZL201029T	182	3	39
ZL201029T	ZL201029T	182	4	5
ZL201029T	ZL201029T	182	5	10
ZL201029T	ZL201029T	182	6	17
ZL201029T	ZL201029T	183	1	0
ZL201029T	ZL201029T	183	2	26
ZL201029T	ZL201029T	183	3	41
ZL201029T	ZL201029T	183	4	5
ZL201029T	ZL201029T	183	5	10
ZL201029T	ZL201029T	183	6	18
ZL201029T	ZL201029T	184	1	0
ZL201029T	ZL201029T	184	2	0
ZL201029T	ZL201029T	184	3	24
ZL201029T	ZL201029T	184	4	49
ZL201029T	ZL201029T	184	5	10
ZL201029T	ZL201029T	184	6	17
ZL201029T	ZL201029T	185	1	0
ZL201029T	ZL201029T	185	2	27
ZL201029T	ZL201029T	185	3	41
ZL201029T	ZL201029T	185	4	5
ZL201029T	ZL201029T	185	5	11
ZL201029T	ZL201029T	185	6	16
ZL201029T	ZL201029T	186	1	0
ZL201029T	ZL201029T	186	2	27
ZL201029T	ZL201029T	186	3	41
ZL201029T	ZL201029T	186	4	5
ZL201029T	ZL201029T	186	5	10
ZL201029T	ZL201029T	186	6	17
ZL201029T	ZL201029T	187	1	0
ZL201029T	ZL201029T	187	2	0
ZL201029T	ZL201029T	187	3	25
ZL201029T	ZL201029T	187	4	48
ZL201029T	ZL201029T	187	5	10
ZL201029T	ZL201029T	187	6	17
ZL201029T	ZL201029T	188	1	0
ZL201029T	ZL201029T	188	2	28
ZL201029T	ZL201029T	188	3	40
ZL201029T	ZL201029T	188	4	5
ZL201029T	ZL201029T	188	5	10
ZL201029T	ZL201029T	188	6	17
ZL201029T	ZL201029T	189	1	0
ZL201029T	ZL201029T	189	2	31
ZL201029T	ZL201029T	189	3	37
ZL201029T	ZL201029T	189	4	5
ZL201029T	ZL201029T	189	5	10
ZL201029T	ZL201029T	189	6	17
ZL201029T	ZL201029T	190	1	0
ZL201029T	ZL201029T	190	2	0
ZL201029T	ZL201029T	190	3	25
ZL201029T	ZL201029T	190	4	47
ZL201029T	ZL201029T	190	5	11
ZL201029T	ZL201029T	190	6	17
ZL201029T	ZL201029T	191	1	0
ZL201029T	ZL201029T	191	2	0
ZL201029T	ZL201029T	191	3	24
ZL201029T	ZL201029T	191	4	48
ZL201029T	ZL201029T	191	5	12
ZL201029T	ZL201029T	191	6	16
ZL201029T	ZL201029T	192	1	0
ZL201029T	ZL201029T	192	2	29
ZL201029T	ZL201029T	192	3	39
ZL201029T	ZL201029T	192	4	5
ZL201029T	ZL201029T	192	5	10
ZL201029T	ZL201029T	192	6	17
ZL201029T	ZL201029T	193	1	0
ZL201029T	ZL201029T	193	2	0
ZL201029T	ZL201029T	193	3	24
ZL201029T	ZL201029T	193	4	50
ZL201029T	ZL201029T	193	5	9
ZL201029T	ZL201029T	193	6	17
ZL201029T	ZL201029T	194	1	0
ZL201029T	ZL201029T	194	2	26
ZL201029T	ZL201029T	194	3	41
ZL201029T	ZL201029T	194	4	5
ZL201029T	ZL201029T	194	5	10
ZL201029T	ZL201029T	194	6	18
ZL201029T	ZL201029T	195	1	0
ZL201029T	ZL201029T	195	2	0
ZL201029T	ZL201029T	195	3	25
ZL201029T	ZL201029T	195	4	48
ZL201029T	ZL201029T	195	5	10
ZL201029T	ZL201029T	195	6	17
ZL201029T	ZL201029T	196	1	0
ZL201029T	ZL201029T	196	2	0
ZL201029T	ZL201029T	196	3	26
ZL201029T	ZL201029T	196	4	47
ZL201029T	ZL201029T	196	5	10
ZL201029T	ZL201029T	196	6	17
ZL201029T	ZL201029T	197	1	0
ZL201029T	ZL201029T	197	2	0
ZL201029T	ZL201029T	197	3	25
ZL201029T	ZL201029T	197	4	48
ZL201029T	ZL201029T	197	5	10
ZL201029T	ZL201029T	197	6	17
ZL201029T	ZL201029T	198	1	0
ZL201029T	ZL201029T	198	2	0
ZL201029T	ZL201029T	198	3	26
ZL201029T	ZL201029T	198	4	46
ZL201029T	ZL201029T	198	5	12
ZL201029T	ZL201029T	198	6	16
ZL201029T	ZL201029T	199	1	0
ZL201029T	ZL201029T	199	2	0
ZL201029T	ZL201029T	199	3	25
ZL201029T	ZL201029T	199	4	47
ZL201029T	ZL201029T	199	5	11
ZL201029T	ZL201029T	199	6	17
ZL201029T	ZL201029T	200	1	0
ZL201029T	ZL201029T	200	2	0
ZL201029T	ZL201029T	200	3	26
ZL201029T	ZL201029T	200	4	46
ZL201029T	ZL201029T	200	5	12
ZL201029T	ZL201029T	200	6	16
ZL201029T	ZL201029T	201	1	0
ZL201029T	ZL201029T	201	2	0
ZL201029T	ZL201029T	201	3	24
ZL201029T	ZL201029T	201	4	48
ZL201029T	ZL201029T	201	5	10
ZL201029T	ZL201029T	201	6	18
ZL201029T	ZL201029T	202	1	0
ZL201029T	ZL201029T	202	2	30
ZL201029T	ZL201029T	202	3	37
ZL201029T	ZL201029T	202	4	5
ZL201029T	ZL201029T	202	5	11
ZL201029T	ZL201029T	202	6	17
ZL201029T	ZL201029T	203	1	0
ZL201029T	ZL201029T	203	2	0
ZL201029T	ZL201029T	203	3	31
ZL201029T	ZL201029T	203	4	41
ZL201029T	ZL201029T	203	5	12
ZL201029T	ZL201029T	203	6	16
ZL201029T	ZL201029T	204	1	0
ZL201029T	ZL201029T	204	2	0
ZL201029T	ZL201029T	204	3	25
ZL201029T	ZL201029T	204	4	48
ZL201029T	ZL201029T	204	5	10
ZL201029T	ZL201029T	204	6	17
ZL201029T	ZL201029T	205	1	0
ZL201029T	ZL201029T	205	2	30
ZL201029T	ZL201029T	205	3	38
ZL201029T	ZL201029T	205	4	5
ZL201029T	ZL201029T	205	5	10
ZL201029T	ZL201029T	205	6	17
ZL201029T	ZL201029T	206	1	0
ZL201029T	ZL201029T	206	2	31
ZL201029T	ZL201029T	206	3	37
ZL201029T	ZL201029T	206	4	5
ZL201029T	ZL201029T	206	5	10
ZL201029T	ZL201029T	206	6	17
ZL201029T	ZL201029T	207	1	0
ZL201029T	ZL201029T	207	2	26
ZL201029T	ZL201029T	207	3	42
ZL201029T	ZL201029T	207	4	5
ZL201029T	ZL201029T	207	5	11
ZL201029T	ZL201029T	207	6	16
ZL201029T	ZL201029T	208	1	0
ZL201029T	ZL201029T	208	2	33
ZL201029T	ZL201029T	208	3	35
ZL201029T	ZL201029T	208	4	5
ZL201029T	ZL201029T	208	5	10
ZL201029T	ZL201029T	208	6	17
ZL201029T	ZL201029T	209	1	0
ZL201029T	ZL201029T	209	2	24
ZL201029T	ZL201029T	209	3	44
ZL201029T	ZL201029T	209	4	5
ZL201029T	ZL201029T	209	5	10
ZL201029T	ZL201029T	209	6	17
ZL201029T	ZL201029T	210	1	0
ZL201029T	ZL201029T	210	2	0
ZL201029T	ZL201029T	210	3	27
ZL201029T	ZL201029T	210	4	46
ZL201029T	ZL201029T	210	5	10
ZL201029T	ZL201029T	210	6	17
ZL201029T	ZL201029T	211	1	0
ZL201029T	ZL201029T	211	2	27
ZL201029T	ZL201029T	211	3	40
ZL201029T	ZL201029T	211	4	5
ZL201029T	ZL201029T	211	5	11
ZL201029T	ZL201029T	211	6	17
ZL201029T	ZL201029T	212	1	0
ZL201029T	ZL201029T	212	2	27
ZL201029T	ZL201029T	212	3	41
ZL201029T	ZL201029T	212	4	5
ZL201029T	ZL201029T	212	5	11
ZL201029T	ZL201029T	212	6	16
ZL201029T	ZL201029T	213	1	0
ZL201029T	ZL201029T	213	2	29
ZL201029T	ZL201029T	213	3	38
ZL201029T	ZL201029T	213	4	5
ZL201029T	ZL201029T	213	5	11
ZL201029T	ZL201029T	213	6	17
ZL201029T	ZL201029T	214	1	0
ZL201029T	ZL201029T	214	2	30
ZL201029T	ZL201029T	214	3	37
ZL201029T	ZL201029T	214	4	5
ZL201029T	ZL201029T	214	5	12
ZL201029T	ZL201029T	214	6	16
ZL201029T	ZL201029T	215	1	0
ZL201029T	ZL201029T	215	2	25
ZL201029T	ZL201029T	215	3	43
ZL201029T	ZL201029T	215	4	5
ZL201029T	ZL201029T	215	5	10
ZL201029T	ZL201029T	215	6	17
ZL201029T	ZL201029T	216	1	0
ZL201029T	ZL201029T	216	2	0
ZL201029T	ZL201029T	216	3	27
ZL201029T	ZL201029T	216	4	45
ZL201029T	ZL201029T	216	5	11
ZL201029T	ZL201029T	216	6	17
ZL201029T	ZL201029T	217	1	0
ZL201029T	ZL201029T	217	2	0
ZL201029T	ZL201029T	217	3	24
ZL201029T	ZL201029T	217	4	49
ZL201029T	ZL201029T	217	5	11
ZL201029T	ZL201029T	217	6	16
ZL201029T	ZL201029T	218	1	0
ZL201029T	ZL201029T	218	2	32
ZL201029T	ZL201029T	218	3	36
ZL201029T	ZL201029T	218	4	5
ZL201029T	ZL201029T	218	5	11
ZL201029T	ZL201029T	218	6	16
ZL201029T	ZL201029T	219	1	0
ZL201029T	ZL201029T	219	2	0
ZL201029T	ZL201029T	219	3	29
ZL201029T	ZL201029T	219	4	44
ZL201029T	ZL201029T	219	5	10
ZL201029T	ZL201029T	219	6	17
ZL201029T	ZL201029T	220	1	0
ZL201029T	ZL201029T	220	2	0
ZL201029T	ZL201029T	220	3	21
ZL201029T	ZL201029T	220	4	51
ZL201029T	ZL201029T	220	5	11
ZL201029T	ZL201029T	220	6	17
ZL201029T	ZL201029T	221	1	0
ZL201029T	ZL201029T	221	2	26
ZL201029T	ZL201029T	221	3	42
ZL201029T	ZL201029T	221	4	5
ZL201029T	ZL201029T	221	5	10
ZL201029T	ZL201029T	221	6	17
ZL201029T	ZL201029T	222	1	0
ZL201029T	ZL201029T	222	2	25
ZL201029T	ZL201029T	222	3	42
ZL201029T	ZL201029T	222	4	5
ZL201029T	ZL201029T	222	5	11
ZL201029T	ZL201029T	222	6	17
ZL201029T	ZL201029T	223	1	0
ZL201029T	ZL201029T	223	2	30
ZL201029T	ZL201029T	223	3	37
ZL201029T	ZL201029T	223	4	5
ZL201029T	ZL201029T	223	5	11
ZL201029T	ZL201029T	223	6	17
ZL201029T	ZL201029T	224	1	0
ZL201029T	ZL201029T	224	2	0
ZL201029T	ZL201029T	224	3	23
ZL201029T	ZL201029T	224	4	49
ZL201029T	ZL201029T	224	5	12
ZL201029T	ZL201029T	224	6	16
ZL201029T	ZL201029T	225	1	0
ZL201029T	ZL201029T	225	2	30
ZL201029T	ZL201029T	225	3	37
ZL201029T	ZL201029T	225	4	5
ZL201029T	ZL201029T	225	5	11
ZL201029T	ZL201029T	225	6	17
ZL201029T	ZL201029T	226	1	0
ZL201029T	ZL201029T	226	2	0
ZL201029T	ZL201029T	226	3	25
ZL201029T	ZL201029T	226	4	48
ZL201029T	ZL201029T	226	5	10
ZL201029T	ZL201029T	226	6	17
ZL201029T	ZL201029T	227	1	0
ZL201029T	ZL201029T	227	2	0
ZL201029T	ZL201029T	227	3	24
ZL201029T	ZL201029T	227	4	49
ZL201029T	ZL201029T	227	5	10
ZL201029T	ZL201029T	227	6	17
ZL201029T	ZL201029T	228	1	0
ZL201029T	ZL201029T	228	2	29
ZL201029T	ZL201029T	228	3	40
ZL201029T	ZL201029T	228	4	5
ZL201029T	ZL201029T	228	5	9
ZL201029T	ZL201029T	228	6	17
ZL201029T	ZL201029T	229	1	0
ZL201029T	ZL201029T	229	2	26
ZL201029T	ZL201029T	229	3	41
ZL201029T	ZL201029T	229	4	5
ZL201029T	ZL201029T	229	5	11
ZL201029T	ZL201029T	229	6	17
ZL201029T	ZL201029T	230	1	0
ZL201029T	ZL201029T	230	2	26
ZL201029T	ZL201029T	230	3	41
ZL201029T	ZL201029T	230	4	5
ZL201029T	ZL201029T	230	5	11
ZL201029T	ZL201029T	230	6	17
ZL201029T	ZL201029T	231	1	0
ZL201029T	ZL201029T	231	2	0
ZL201029T	ZL201029T	231	3	28
ZL201029T	ZL201029T	231	4	44
ZL201029T	ZL201029T	231	5	11
ZL201029T	ZL201029T	231	6	17
ZL201029T	ZL201029T	232	1	0
ZL201029T	ZL201029T	232	2	0
ZL201029T	ZL201029T	232	3	26
ZL201029T	ZL201029T	232	4	47
ZL201029T	ZL201029T	232	5	10
ZL201029T	ZL201029T	232	6	17
ZL201029T	ZL201029T	233	1	0
ZL201029T	ZL201029T	233	2	0
ZL201029T	ZL201029T	233	3	27
ZL201029T	ZL201029T	233	4	46
ZL201029T	ZL201029T	233	5	11
ZL201029T	ZL201029T	233	6	16
ZL201029T	ZL201029T	234	1	0
ZL201029T	ZL201029T	234	2	31
ZL201029T	ZL201029T	234	3	38
ZL201029T	ZL201029T	234	4	5
ZL201029T	ZL201029T	234	5	9
ZL201029T	ZL201029T	234	6	17
ZL201029T	ZL201029T	235	1	0
ZL201029T	ZL201029T	235	2	0
ZL201029T	ZL201029T	235	3	25
ZL201029T	ZL201029T	235	4	48
ZL201029T	ZL201029T	235	5	11
ZL201029T	ZL201029T	235	6	16
ZL201029T	ZL201029T	236	1	0
ZL201029T	ZL201029T	236	2	0
ZL201029T	ZL201029T	236	3	23
ZL201029T	ZL201029T	236	4	49
ZL201029T	ZL201029T	236	5	12
ZL201029T	ZL201029T	236	6	16
ZL201029T	ZL201029T	237	1	0
ZL201029T	ZL201029T	237	2	29
ZL201029T	ZL201029T	237	3	38
ZL201029T	ZL201029T	237	4	5
ZL201029T	ZL201029T	237	5	11
ZL201029T	ZL201029T	237	6	17
ZL201029T	ZL201029T	238	1	0
ZL201029T	ZL201029T	238	2	0
ZL201029T	ZL201029T	238	3	28
ZL201029T	ZL201029T	238	4	45
ZL201029T	ZL201029T	238	5	10
ZL201029T	ZL201029T	238	6	17
ZL201029T	ZL201029T	239	1	0
ZL201029T	ZL201029T	239	2	32
ZL201029T	ZL201029T	239	3	36
ZL201029T	ZL201029T	239	4	5
ZL201029T	ZL201029T	239	5	11
ZL201029T	ZL201029T	239	6	16
ZL201029T	ZL201029T	240	1	0
ZL201029T	ZL201029T	240	2	0
ZL201029T	ZL201029T	240	3	27
ZL201029T	ZL201029T	240	4	45
ZL201029T	ZL201029T	240	5	10
ZL201029T	ZL201029T	240	6	18
ZL201029T	ZL201029T	241	1	0
ZL201029T	ZL201029T	241	2	0
ZL201029T	ZL201029T	241	3	26
ZL201029T	ZL201029T	241	4	48
ZL201029T	ZL201029T	241	5	9
ZL201029T	ZL201029T	241	6	17
ZL201029T	ZL201029T	242	1	0
ZL201029T	ZL201029T	242	2	31
ZL201029T	ZL201029T	242	3	37
ZL201029T	ZL201029T	242	4	5
ZL201029T	ZL201029T	242	5	9
ZL201029T	ZL201029T	242	6	18
ZL201029T	ZL201029T	243	1	0
ZL201029T	ZL201029T	243	2	0
ZL201029T	ZL201029T	243	3	27
ZL201029T	ZL201029T	243	4	47
ZL201029T	ZL201029T	243	5	9
ZL201029T	ZL201029T	243	6	17
ZL201029T	ZL201029T	244	1	0
ZL201029T	ZL201029T	244	2	0
ZL201029T	ZL201029T	244	3	22
ZL201029T	ZL201029T	244	4	51
ZL201029T	ZL201029T	244	5	11
ZL201029T	ZL201029T	244	6	16
ZL201029T	ZL201029T	245	1	0
ZL201029T	ZL201029T	245	2	0
ZL201029T	ZL201029T	245	3	24
ZL201029T	ZL201029T	245	4	48
ZL201029T	ZL201029T	245	5	11
ZL201029T	ZL201029T	245	6	17
ZL201029T	ZL201029T	246	1	0
ZL201029T	ZL201029T	246	2	0
ZL201029T	ZL201029T	246	3	28
ZL201029T	ZL201029T	246	4	44
ZL201029T	ZL201029T	246	5	12
ZL201029T	ZL201029T	246	6	16
ZL201029T	ZL201029T	247	1	0
ZL201029T	ZL201029T	247	2	0
ZL201029T	ZL201029T	247	3	25
ZL201029T	ZL201029T	247	4	48
ZL201029T	ZL201029T	247	5	10
ZL201029T	ZL201029T	247	6	17
ZL201029T	ZL201029T	248	1	0
ZL201029T	ZL201029T	248	2	31
ZL201029T	ZL201029T	248	3	36
ZL201029T	ZL201029T	248	4	5
ZL201029T	ZL201029T	248	5	11
ZL201029T	ZL201029T	248	6	17
ZL201029T	ZL201029T	249	1	0
ZL201029T	ZL201029T	249	2	0
ZL201029T	ZL201029T	249	3	26
ZL201029T	ZL201029T	249	4	47
ZL201029T	ZL201029T	249	5	10
ZL201029T	ZL201029T	249	6	17
